ISO-10303-21;
HEADER;
/* Generated by software containing ST-Developer
 * from STEP Tools, Inc. (www.steptools.com) 
 */
/* OPTION: using custom renumber hook */

FILE_DESCRIPTION(
/* description */ ('STEP AP242 Edition 2',
'CAx-IF Rec.Pracs.---Representation and Presentation of Product Manufa
cturing Information (PMI)---4.0---2014-10-13',
'CAx-IF Rec.Pracs.---3D Tessellated Geometry---0.4---2014-09-14','2;1',
'CAx-IF Rec.Pracs.---User Defined Attributes---1.5---2016-08-15'),
/* implementation_level */ '2;1');

FILE_NAME(
/* name */ '6a9bda7bde2c55a3a934bd7a',
/* time_stamp */ '2026-09-05T09:01:48Z',
/* author */ (''),
/* organization */ (''),
/* preprocessor_version */ 'ST-DEVELOPER v20',
/* originating_system */ 'ONSHAPE BY PTC INC, 1.220',
/* authorisation */ '  ');

FILE_SCHEMA (('AP242_MANAGED_MODEL_BASED_3D_ENGINEERING_MIM_LF { 1 0 10303 442 3 1 4 }'));
ENDSEC;

DATA;
#10=TOROIDAL_SURFACE('',#6356,0.0365,0.001);
#11=TOROIDAL_SURFACE('',#6357,0.00245,0.001);
#12=TOROIDAL_SURFACE('',#6358,0.007,0.001);
#13=TOROIDAL_SURFACE('',#6359,0.007,0.001);
#14=TOROIDAL_SURFACE('',#6360,0.007,0.001);
#15=TOROIDAL_SURFACE('',#6361,0.007,0.001);
#16=TOROIDAL_SURFACE('',#6362,0.007,0.001);
#17=TOROIDAL_SURFACE('',#6363,0.007,0.001);
#18=TOROIDAL_SURFACE('',#6492,0.0345,0.003);
#19=TOROIDAL_SURFACE('',#6493,0.0095,0.001);
#20=TOROIDAL_SURFACE('',#6558,0.00855,0.001);
#21=TOROIDAL_SURFACE('',#6559,0.00855,0.001);
#22=TOROIDAL_SURFACE('',#6560,0.00855,0.001);
#23=TOROIDAL_SURFACE('',#6561,0.00855,0.001);
#24=TOROIDAL_SURFACE('',#6562,0.00855,0.001);
#25=TOROIDAL_SURFACE('',#6563,0.00855,0.001);
#26=TOROIDAL_SURFACE('',#6564,0.00855,0.001);
#27=TOROIDAL_SURFACE('',#6565,0.00855,0.001);
#28=TOROIDAL_SURFACE('',#6566,0.00505,0.001);
#29=TOROIDAL_SURFACE('',#6567,0.00505,0.001);
#30=TOROIDAL_SURFACE('',#6568,0.00505,0.001);
#31=TOROIDAL_SURFACE('',#6569,0.00505,0.001);
#32=TOROIDAL_SURFACE('',#6570,0.00505,0.001);
#33=TOROIDAL_SURFACE('',#6571,0.00505,0.001);
#34=TOROIDAL_SURFACE('',#6572,0.00505,0.001);
#35=TOROIDAL_SURFACE('',#6573,0.00505,0.001);
#36=B_SPLINE_SURFACE_WITH_KNOTS('',3,1,((#8206,#8207),(#8208,#8209),(#8210,
#8211),(#8212,#8213)),.SURF_OF_LINEAR_EXTRUSION.,.F.,.F.,.F.,(4,4),(2,2),
(0.,1.),(0.,1.),.PIECEWISE_BEZIER_KNOTS.);
#37=B_SPLINE_SURFACE_WITH_KNOTS('',3,1,((#8289,#8290),(#8291,#8292),(#8293,
#8294),(#8295,#8296)),.SURF_OF_LINEAR_EXTRUSION.,.F.,.F.,.F.,(4,4),(2,2),
(0.,1.),(0.,1.),.PIECEWISE_BEZIER_KNOTS.);
#38=B_SPLINE_SURFACE_WITH_KNOTS('',3,1,((#8438,#8439),(#8440,#8441),(#8442,
#8443),(#8444,#8445)),.SURF_OF_LINEAR_EXTRUSION.,.F.,.F.,.F.,(4,4),(2,2),
(0.,1.),(0.,1.),.PIECEWISE_BEZIER_KNOTS.);
#39=B_SPLINE_SURFACE_WITH_KNOTS('',3,1,((#8458,#8459),(#8460,#8461),(#8462,
#8463),(#8464,#8465)),.SURF_OF_LINEAR_EXTRUSION.,.F.,.F.,.F.,(4,4),(2,2),
(0.,1.),(0.,1.),.PIECEWISE_BEZIER_KNOTS.);
#40=B_SPLINE_SURFACE_WITH_KNOTS('',3,1,((#8475,#8476),(#8477,#8478),(#8479,
#8480),(#8481,#8482)),.SURF_OF_LINEAR_EXTRUSION.,.F.,.F.,.F.,(4,4),(2,2),
(0.,1.),(0.,1.),.PIECEWISE_BEZIER_KNOTS.);
#41=B_SPLINE_SURFACE_WITH_KNOTS('',3,1,((#8492,#8493),(#8494,#8495),(#8496,
#8497),(#8498,#8499)),.SURF_OF_LINEAR_EXTRUSION.,.F.,.F.,.F.,(4,4),(2,2),
(0.,1.),(0.,1.),.PIECEWISE_BEZIER_KNOTS.);
#42=B_SPLINE_SURFACE_WITH_KNOTS('',3,1,((#8536,#8537),(#8538,#8539),(#8540,
#8541),(#8542,#8543)),.SURF_OF_LINEAR_EXTRUSION.,.F.,.F.,.F.,(4,4),(2,2),
(0.,1.),(0.,1.),.PIECEWISE_BEZIER_KNOTS.);
#43=B_SPLINE_SURFACE_WITH_KNOTS('',3,1,((#8565,#8566),(#8567,#8568),(#8569,
#8570),(#8571,#8572)),.SURF_OF_LINEAR_EXTRUSION.,.F.,.F.,.F.,(4,4),(2,2),
(0.,1.),(0.,1.),.PIECEWISE_BEZIER_KNOTS.);
#44=B_SPLINE_SURFACE_WITH_KNOTS('',3,1,((#8582,#8583),(#8584,#8585),(#8586,
#8587),(#8588,#8589)),.SURF_OF_LINEAR_EXTRUSION.,.F.,.F.,.F.,(4,4),(2,2),
(0.,1.),(0.,1.),.PIECEWISE_BEZIER_KNOTS.);
#45=B_SPLINE_SURFACE_WITH_KNOTS('',3,1,((#8637,#8638),(#8639,#8640),(#8641,
#8642),(#8643,#8644)),.SURF_OF_LINEAR_EXTRUSION.,.F.,.F.,.F.,(4,4),(2,2),
(0.,1.),(0.,1.),.PIECEWISE_BEZIER_KNOTS.);
#46=B_SPLINE_SURFACE_WITH_KNOTS('',3,1,((#8657,#8658),(#8659,#8660),(#8661,
#8662),(#8663,#8664)),.SURF_OF_LINEAR_EXTRUSION.,.F.,.F.,.F.,(4,4),(2,2),
(0.,1.),(0.,1.),.PIECEWISE_BEZIER_KNOTS.);
#47=B_SPLINE_SURFACE_WITH_KNOTS('',3,1,((#8674,#8675),(#8676,#8677),(#8678,
#8679),(#8680,#8681)),.SURF_OF_LINEAR_EXTRUSION.,.F.,.F.,.F.,(4,4),(2,2),
(0.,1.),(0.,1.),.PIECEWISE_BEZIER_KNOTS.);
#48=B_SPLINE_SURFACE_WITH_KNOTS('',3,1,((#8691,#8692),(#8693,#8694),(#8695,
#8696),(#8697,#8698)),.SURF_OF_LINEAR_EXTRUSION.,.F.,.F.,.F.,(4,4),(2,2),
(0.,1.),(0.,1.),.PIECEWISE_BEZIER_KNOTS.);
#49=B_SPLINE_SURFACE_WITH_KNOTS('',3,1,((#8726,#8727),(#8728,#8729),(#8730,
#8731),(#8732,#8733)),.SURF_OF_LINEAR_EXTRUSION.,.F.,.F.,.F.,(4,4),(2,2),
(0.,1.),(0.,1.),.PIECEWISE_BEZIER_KNOTS.);
#50=B_SPLINE_SURFACE_WITH_KNOTS('',3,1,((#8743,#8744),(#8745,#8746),(#8747,
#8748),(#8749,#8750)),.SURF_OF_LINEAR_EXTRUSION.,.F.,.F.,.F.,(4,4),(2,2),
(0.,1.),(0.,1.),.PIECEWISE_BEZIER_KNOTS.);
#51=B_SPLINE_SURFACE_WITH_KNOTS('',3,1,((#8760,#8761),(#8762,#8763),(#8764,
#8765),(#8766,#8767)),.SURF_OF_LINEAR_EXTRUSION.,.F.,.F.,.F.,(4,4),(2,2),
(0.,1.),(0.,1.),.PIECEWISE_BEZIER_KNOTS.);
#52=B_SPLINE_SURFACE_WITH_KNOTS('',3,1,((#8789,#8790),(#8791,#8792),(#8793,
#8794),(#8795,#8796)),.SURF_OF_LINEAR_EXTRUSION.,.F.,.F.,.F.,(4,4),(2,2),
(0.,1.),(0.,1.),.PIECEWISE_BEZIER_KNOTS.);
#53=B_SPLINE_SURFACE_WITH_KNOTS('',3,1,((#9282,#9283),(#9284,#9285),(#9286,
#9287),(#9288,#9289)),.SURF_OF_LINEAR_EXTRUSION.,.F.,.F.,.F.,(4,4),(2,2),
(0.,1.),(0.,1.),.PIECEWISE_BEZIER_KNOTS.);
#54=B_SPLINE_SURFACE_WITH_KNOTS('',3,1,((#9321,#9322),(#9323,#9324),(#9325,
#9326),(#9327,#9328)),.SURF_OF_LINEAR_EXTRUSION.,.F.,.F.,.F.,(4,4),(2,2),
(0.,1.),(0.,1.),.PIECEWISE_BEZIER_KNOTS.);
#55=B_SPLINE_SURFACE_WITH_KNOTS('',3,1,((#9366,#9367),(#9368,#9369),(#9370,
#9371),(#9372,#9373)),.SURF_OF_LINEAR_EXTRUSION.,.F.,.F.,.F.,(4,4),(2,2),
(0.,1.),(0.,1.),.PIECEWISE_BEZIER_KNOTS.);
#56=B_SPLINE_SURFACE_WITH_KNOTS('',3,1,((#9379,#9380),(#9381,#9382),(#9383,
#9384),(#9385,#9386)),.SURF_OF_LINEAR_EXTRUSION.,.F.,.F.,.F.,(4,4),(2,2),
(0.,1.),(0.,1.),.PIECEWISE_BEZIER_KNOTS.);
#57=B_SPLINE_SURFACE_WITH_KNOTS('',3,1,((#9409,#9410),(#9411,#9412),(#9413,
#9414),(#9415,#9416)),.SURF_OF_LINEAR_EXTRUSION.,.F.,.F.,.F.,(4,4),(2,2),
(0.,1.),(0.,1.),.PIECEWISE_BEZIER_KNOTS.);
#58=B_SPLINE_SURFACE_WITH_KNOTS('',3,1,((#9422,#9423),(#9424,#9425),(#9426,
#9427),(#9428,#9429)),.SURF_OF_LINEAR_EXTRUSION.,.F.,.F.,.F.,(4,4),(2,2),
(0.,1.),(0.,1.),.PIECEWISE_BEZIER_KNOTS.);
#59=B_SPLINE_SURFACE_WITH_KNOTS('',3,1,((#9452,#9453),(#9454,#9455),(#9456,
#9457),(#9458,#9459)),.SURF_OF_LINEAR_EXTRUSION.,.F.,.F.,.F.,(4,4),(2,2),
(0.,1.),(0.,1.),.PIECEWISE_BEZIER_KNOTS.);
#60=B_SPLINE_SURFACE_WITH_KNOTS('',3,1,((#9465,#9466),(#9467,#9468),(#9469,
#9470),(#9471,#9472)),.SURF_OF_LINEAR_EXTRUSION.,.F.,.F.,.F.,(4,4),(2,2),
(0.,1.),(0.,1.),.PIECEWISE_BEZIER_KNOTS.);
#61=B_SPLINE_SURFACE_WITH_KNOTS('',3,1,((#9488,#9489),(#9490,#9491),(#9492,
#9493),(#9494,#9495)),.SURF_OF_LINEAR_EXTRUSION.,.F.,.F.,.F.,(4,4),(2,2),
(0.,1.),(0.,1.),.PIECEWISE_BEZIER_KNOTS.);
#62=B_SPLINE_SURFACE_WITH_KNOTS('',3,1,((#9505,#9506),(#9507,#9508),(#9509,
#9510),(#9511,#9512)),.SURF_OF_LINEAR_EXTRUSION.,.F.,.F.,.F.,(4,4),(2,2),
(0.,1.),(0.,1.),.PIECEWISE_BEZIER_KNOTS.);
#63=B_SPLINE_SURFACE_WITH_KNOTS('',3,1,((#9518,#9519),(#9520,#9521),(#9522,
#9523),(#9524,#9525)),.SURF_OF_LINEAR_EXTRUSION.,.F.,.F.,.F.,(4,4),(2,2),
(0.,1.),(0.,1.),.PIECEWISE_BEZIER_KNOTS.);
#64=B_SPLINE_SURFACE_WITH_KNOTS('',3,1,((#9531,#9532),(#9533,#9534),(#9535,
#9536),(#9537,#9538)),.SURF_OF_LINEAR_EXTRUSION.,.F.,.F.,.F.,(4,4),(2,2),
(0.,1.),(0.,1.),.PIECEWISE_BEZIER_KNOTS.);
#65=B_SPLINE_SURFACE_WITH_KNOTS('',3,1,((#9544,#9545),(#9546,#9547),(#9548,
#9549),(#9550,#9551)),.SURF_OF_LINEAR_EXTRUSION.,.F.,.F.,.F.,(4,4),(2,2),
(0.,1.),(0.,1.),.PIECEWISE_BEZIER_KNOTS.);
#66=B_SPLINE_SURFACE_WITH_KNOTS('',3,1,((#9557,#9558),(#9559,#9560),(#9561,
#9562),(#9563,#9564)),.SURF_OF_LINEAR_EXTRUSION.,.F.,.F.,.F.,(4,4),(2,2),
(0.,1.),(0.,1.),.PIECEWISE_BEZIER_KNOTS.);
#67=B_SPLINE_SURFACE_WITH_KNOTS('',3,1,((#9626,#9627),(#9628,#9629),(#9630,
#9631),(#9632,#9633)),.SURF_OF_LINEAR_EXTRUSION.,.F.,.F.,.F.,(4,4),(2,2),
(0.,1.),(0.,1.),.PIECEWISE_BEZIER_KNOTS.);
#68=B_SPLINE_SURFACE_WITH_KNOTS('',3,1,((#9752,#9753),(#9754,#9755),(#9756,
#9757),(#9758,#9759)),.SURF_OF_LINEAR_EXTRUSION.,.F.,.F.,.F.,(4,4),(2,2),
(0.,1.),(0.,1.),.PIECEWISE_BEZIER_KNOTS.);
#69=B_SPLINE_SURFACE_WITH_KNOTS('',3,1,((#9906,#9907),(#9908,#9909),(#9910,
#9911),(#9912,#9913)),.SURF_OF_LINEAR_EXTRUSION.,.F.,.F.,.F.,(4,4),(2,2),
(0.,1.),(0.,1.),.PIECEWISE_BEZIER_KNOTS.);
#70=B_SPLINE_SURFACE_WITH_KNOTS('',3,1,((#9916,#9917),(#9918,#9919),(#9920,
#9921),(#9922,#9923)),.SURF_OF_LINEAR_EXTRUSION.,.F.,.F.,.F.,(4,4),(2,2),
(0.,1.),(0.,1.),.PIECEWISE_BEZIER_KNOTS.);
#71=B_SPLINE_SURFACE_WITH_KNOTS('',3,1,((#9925,#9926),(#9927,#9928),(#9929,
#9930),(#9931,#9932)),.SURF_OF_LINEAR_EXTRUSION.,.F.,.F.,.F.,(4,4),(2,2),
(0.,1.),(0.,1.),.PIECEWISE_BEZIER_KNOTS.);
#72=B_SPLINE_SURFACE_WITH_KNOTS('',3,1,((#9934,#9935),(#9936,#9937),(#9938,
#9939),(#9940,#9941)),.SURF_OF_LINEAR_EXTRUSION.,.F.,.F.,.F.,(4,4),(2,2),
(0.,1.),(0.,1.),.PIECEWISE_BEZIER_KNOTS.);
#73=B_SPLINE_SURFACE_WITH_KNOTS('',3,1,((#9943,#9944),(#9945,#9946),(#9947,
#9948),(#9949,#9950)),.SURF_OF_LINEAR_EXTRUSION.,.F.,.F.,.F.,(4,4),(2,2),
(0.,1.),(0.,1.),.PIECEWISE_BEZIER_KNOTS.);
#74=B_SPLINE_SURFACE_WITH_KNOTS('',3,1,((#9964,#9965),(#9966,#9967),(#9968,
#9969),(#9970,#9971)),.SURF_OF_LINEAR_EXTRUSION.,.F.,.F.,.F.,(4,4),(2,2),
(0.,1.),(0.,1.),.PIECEWISE_BEZIER_KNOTS.);
#75=B_SPLINE_SURFACE_WITH_KNOTS('',3,1,((#9973,#9974),(#9975,#9976),(#9977,
#9978),(#9979,#9980)),.SURF_OF_LINEAR_EXTRUSION.,.F.,.F.,.F.,(4,4),(2,2),
(0.,1.),(0.,1.),.PIECEWISE_BEZIER_KNOTS.);
#76=B_SPLINE_SURFACE_WITH_KNOTS('',3,1,((#9995,#9996),(#9997,#9998),(#9999,
#10000),(#10001,#10002)),.SURF_OF_LINEAR_EXTRUSION.,.F.,.F.,.F.,(4,4),(2,
2),(0.,1.),(0.,1.),.PIECEWISE_BEZIER_KNOTS.);
#77=B_SPLINE_SURFACE_WITH_KNOTS('',3,1,((#10004,#10005),(#10006,#10007),
(#10008,#10009),(#10010,#10011)),.SURF_OF_LINEAR_EXTRUSION.,.F.,.F.,.F.,
(4,4),(2,2),(0.,1.),(0.,1.),.PIECEWISE_BEZIER_KNOTS.);
#78=B_SPLINE_SURFACE_WITH_KNOTS('',3,1,((#10026,#10027),(#10028,#10029),
(#10030,#10031),(#10032,#10033)),.SURF_OF_LINEAR_EXTRUSION.,.F.,.F.,.F.,
(4,4),(2,2),(0.,1.),(0.,1.),.PIECEWISE_BEZIER_KNOTS.);
#79=B_SPLINE_SURFACE_WITH_KNOTS('',3,1,((#10035,#10036),(#10037,#10038),
(#10039,#10040),(#10041,#10042)),.SURF_OF_LINEAR_EXTRUSION.,.F.,.F.,.F.,
(4,4),(2,2),(0.,1.),(0.,1.),.PIECEWISE_BEZIER_KNOTS.);
#80=B_SPLINE_SURFACE_WITH_KNOTS('',3,1,((#10066,#10067),(#10068,#10069),
(#10070,#10071),(#10072,#10073)),.SURF_OF_LINEAR_EXTRUSION.,.F.,.F.,.F.,
(4,4),(2,2),(0.,1.),(0.,1.),.PIECEWISE_BEZIER_KNOTS.);
#81=B_SPLINE_SURFACE_WITH_KNOTS('',3,1,((#10093,#10094),(#10095,#10096),
(#10097,#10098),(#10099,#10100)),.SURF_OF_LINEAR_EXTRUSION.,.F.,.F.,.F.,
(4,4),(2,2),(0.,1.),(0.,1.),.PIECEWISE_BEZIER_KNOTS.);
#82=B_SPLINE_SURFACE_WITH_KNOTS('',3,1,((#10132,#10133),(#10134,#10135),
(#10136,#10137),(#10138,#10139)),.SURF_OF_LINEAR_EXTRUSION.,.F.,.F.,.F.,
(4,4),(2,2),(0.,1.),(0.,1.),.PIECEWISE_BEZIER_KNOTS.);
#83=B_SPLINE_SURFACE_WITH_KNOTS('',3,1,((#10216,#10217),(#10218,#10219),
(#10220,#10221),(#10222,#10223)),.SURF_OF_LINEAR_EXTRUSION.,.F.,.F.,.F.,
(4,4),(2,2),(0.,1.),(0.,1.),.PIECEWISE_BEZIER_KNOTS.);
#84=B_SPLINE_CURVE_WITH_KNOTS('',3,(#8180,#8181,#8182,#8183),
 .UNSPECIFIED.,.F.,.F.,(4,4),(0.,1.),.UNSPECIFIED.);
#85=B_SPLINE_CURVE_WITH_KNOTS('',3,(#8188,#8189,#8190,#8191),
 .UNSPECIFIED.,.F.,.F.,(4,4),(1.24999953096672E-7,0.999999875000047),
 .UNSPECIFIED.);
#86=B_SPLINE_CURVE_WITH_KNOTS('',2,(#8214,#8215,#8216),.UNSPECIFIED.,.F.,
 .F.,(3,3),(0.,1.),.UNSPECIFIED.);
#87=B_SPLINE_CURVE_WITH_KNOTS('',2,(#8217,#8218,#8219),.UNSPECIFIED.,.F.,
 .F.,(3,3),(0.,1.),.UNSPECIFIED.);
#88=B_SPLINE_CURVE_WITH_KNOTS('',2,(#8228,#8229,#8230),.UNSPECIFIED.,.F.,
 .F.,(3,3),(0.,1.),.UNSPECIFIED.);
#89=B_SPLINE_CURVE_WITH_KNOTS('',3,(#8241,#8242,#8243,#8244),
 .UNSPECIFIED.,.F.,.F.,(4,4),(1.24999999934206E-7,0.999999875),
 .UNSPECIFIED.);
#90=B_SPLINE_CURVE_WITH_KNOTS('',2,(#8297,#8298,#8299),.UNSPECIFIED.,.F.,
 .F.,(3,3),(0.,1.),.UNSPECIFIED.);
#91=B_SPLINE_CURVE_WITH_KNOTS('',2,(#8303,#8304,#8305),.UNSPECIFIED.,.F.,
 .F.,(3,3),(0.,1.),.UNSPECIFIED.);
#92=B_SPLINE_CURVE_WITH_KNOTS('',2,(#8449,#8450,#8451),.UNSPECIFIED.,.F.,
 .F.,(3,3),(0.,1.),.UNSPECIFIED.);
#93=B_SPLINE_CURVE_WITH_KNOTS('',2,(#8455,#8456,#8457),.UNSPECIFIED.,.F.,
 .F.,(3,3),(0.,1.),.UNSPECIFIED.);
#94=B_SPLINE_CURVE_WITH_KNOTS('',2,(#8466,#8467,#8468),.UNSPECIFIED.,.F.,
 .F.,(3,3),(0.,1.),.UNSPECIFIED.);
#95=B_SPLINE_CURVE_WITH_KNOTS('',2,(#8472,#8473,#8474),.UNSPECIFIED.,.F.,
 .F.,(3,3),(0.,1.),.UNSPECIFIED.);
#96=B_SPLINE_CURVE_WITH_KNOTS('',2,(#8483,#8484,#8485),.UNSPECIFIED.,.F.,
 .F.,(3,3),(0.,1.),.UNSPECIFIED.);
#97=B_SPLINE_CURVE_WITH_KNOTS('',2,(#8489,#8490,#8491),.UNSPECIFIED.,.F.,
 .F.,(3,3),(0.,1.),.UNSPECIFIED.);
#98=B_SPLINE_CURVE_WITH_KNOTS('',2,(#8500,#8501,#8502),.UNSPECIFIED.,.F.,
 .F.,(3,3),(0.,1.),.UNSPECIFIED.);
#99=B_SPLINE_CURVE_WITH_KNOTS('',2,(#8506,#8507,#8508),.UNSPECIFIED.,.F.,
 .F.,(3,3),(0.,1.),.UNSPECIFIED.);
#100=B_SPLINE_CURVE_WITH_KNOTS('',2,(#8544,#8545,#8546),.UNSPECIFIED.,.F.,
 .F.,(3,3),(0.,1.),.UNSPECIFIED.);
#101=B_SPLINE_CURVE_WITH_KNOTS('',3,(#8548,#8549,#8550,#8551),
 .UNSPECIFIED.,.F.,.F.,(4,4),(0.,1.),.UNSPECIFIED.);
#102=B_SPLINE_CURVE_WITH_KNOTS('',2,(#8553,#8554,#8555),.UNSPECIFIED.,.F.,
 .F.,(3,3),(0.,1.),.UNSPECIFIED.);
#103=B_SPLINE_CURVE_WITH_KNOTS('',3,(#8559,#8560,#8561,#8562),
 .UNSPECIFIED.,.F.,.F.,(4,4),(0.,1.),.UNSPECIFIED.);
#104=B_SPLINE_CURVE_WITH_KNOTS('',2,(#8573,#8574,#8575),.UNSPECIFIED.,.F.,
 .F.,(3,3),(0.,1.),.UNSPECIFIED.);
#105=B_SPLINE_CURVE_WITH_KNOTS('',2,(#8579,#8580,#8581),.UNSPECIFIED.,.F.,
 .F.,(3,3),(0.,1.),.UNSPECIFIED.);
#106=B_SPLINE_CURVE_WITH_KNOTS('',2,(#8590,#8591,#8592),.UNSPECIFIED.,.F.,
 .F.,(3,3),(0.,1.),.UNSPECIFIED.);
#107=B_SPLINE_CURVE_WITH_KNOTS('',2,(#8596,#8597,#8598),.UNSPECIFIED.,.F.,
 .F.,(3,3),(0.,1.),.UNSPECIFIED.);
#108=B_SPLINE_CURVE_WITH_KNOTS('',2,(#8648,#8649,#8650),.UNSPECIFIED.,.F.,
 .F.,(3,3),(0.,1.),.UNSPECIFIED.);
#109=B_SPLINE_CURVE_WITH_KNOTS('',2,(#8654,#8655,#8656),.UNSPECIFIED.,.F.,
 .F.,(3,3),(0.,1.),.UNSPECIFIED.);
#110=B_SPLINE_CURVE_WITH_KNOTS('',2,(#8665,#8666,#8667),.UNSPECIFIED.,.F.,
 .F.,(3,3),(0.,1.),.UNSPECIFIED.);
#111=B_SPLINE_CURVE_WITH_KNOTS('',2,(#8671,#8672,#8673),.UNSPECIFIED.,.F.,
 .F.,(3,3),(0.,1.),.UNSPECIFIED.);
#112=B_SPLINE_CURVE_WITH_KNOTS('',2,(#8682,#8683,#8684),.UNSPECIFIED.,.F.,
 .F.,(3,3),(0.,1.),.UNSPECIFIED.);
#113=B_SPLINE_CURVE_WITH_KNOTS('',2,(#8688,#8689,#8690),.UNSPECIFIED.,.F.,
 .F.,(3,3),(0.,1.),.UNSPECIFIED.);
#114=B_SPLINE_CURVE_WITH_KNOTS('',2,(#8699,#8700,#8701),.UNSPECIFIED.,.F.,
 .F.,(3,3),(0.,1.),.UNSPECIFIED.);
#115=B_SPLINE_CURVE_WITH_KNOTS('',2,(#8705,#8706,#8707),.UNSPECIFIED.,.F.,
 .F.,(3,3),(0.,1.),.UNSPECIFIED.);
#116=B_SPLINE_CURVE_WITH_KNOTS('',2,(#8734,#8735,#8736),.UNSPECIFIED.,.F.,
 .F.,(3,3),(0.,1.),.UNSPECIFIED.);
#117=B_SPLINE_CURVE_WITH_KNOTS('',2,(#8740,#8741,#8742),.UNSPECIFIED.,.F.,
 .F.,(3,3),(0.,1.),.UNSPECIFIED.);
#118=B_SPLINE_CURVE_WITH_KNOTS('',2,(#8751,#8752,#8753),.UNSPECIFIED.,.F.,
 .F.,(3,3),(0.,1.),.UNSPECIFIED.);
#119=B_SPLINE_CURVE_WITH_KNOTS('',2,(#8757,#8758,#8759),.UNSPECIFIED.,.F.,
 .F.,(3,3),(0.,1.),.UNSPECIFIED.);
#120=B_SPLINE_CURVE_WITH_KNOTS('',2,(#8768,#8769,#8770),.UNSPECIFIED.,.F.,
 .F.,(3,3),(0.,1.),.UNSPECIFIED.);
#121=B_SPLINE_CURVE_WITH_KNOTS('',3,(#8772,#8773,#8774,#8775),
 .UNSPECIFIED.,.F.,.F.,(4,4),(0.,1.),.UNSPECIFIED.);
#122=B_SPLINE_CURVE_WITH_KNOTS('',2,(#8777,#8778,#8779),.UNSPECIFIED.,.F.,
 .F.,(3,3),(0.,1.),.UNSPECIFIED.);
#123=B_SPLINE_CURVE_WITH_KNOTS('',3,(#8783,#8784,#8785,#8786),
 .UNSPECIFIED.,.F.,.F.,(4,4),(0.,1.),.UNSPECIFIED.);
#124=B_SPLINE_CURVE_WITH_KNOTS('',2,(#8797,#8798,#8799),.UNSPECIFIED.,.F.,
 .F.,(3,3),(0.,1.),.UNSPECIFIED.);
#125=B_SPLINE_CURVE_WITH_KNOTS('',2,(#8803,#8804,#8805),.UNSPECIFIED.,.F.,
 .F.,(3,3),(0.,1.),.UNSPECIFIED.);
#126=B_SPLINE_CURVE_WITH_KNOTS('',2,(#8860,#8861,#8862),.UNSPECIFIED.,.F.,
 .F.,(3,3),(0.,1.),.UNSPECIFIED.);
#127=B_SPLINE_CURVE_WITH_KNOTS('',2,(#8903,#8904,#8905),.UNSPECIFIED.,.F.,
 .F.,(3,3),(0.,1.),.UNSPECIFIED.);
#128=B_SPLINE_CURVE_WITH_KNOTS('',2,(#8908,#8909,#8910),.UNSPECIFIED.,.F.,
 .F.,(3,3),(0.,1.),.UNSPECIFIED.);
#129=B_SPLINE_CURVE_WITH_KNOTS('',2,(#8912,#8913,#8914),.UNSPECIFIED.,.F.,
 .F.,(3,3),(0.,1.),.UNSPECIFIED.);
#130=B_SPLINE_CURVE_WITH_KNOTS('',2,(#8916,#8917,#8918),.UNSPECIFIED.,.F.,
 .F.,(3,3),(0.,1.),.UNSPECIFIED.);
#131=B_SPLINE_CURVE_WITH_KNOTS('',2,(#8920,#8921,#8922),.UNSPECIFIED.,.F.,
 .F.,(3,3),(0.,1.),.UNSPECIFIED.);
#132=B_SPLINE_CURVE_WITH_KNOTS('',2,(#8924,#8925,#8926),.UNSPECIFIED.,.F.,
 .F.,(3,3),(0.,1.),.UNSPECIFIED.);
#133=B_SPLINE_CURVE_WITH_KNOTS('',2,(#8930,#8931,#8932),.UNSPECIFIED.,.F.,
 .F.,(3,3),(0.,1.),.UNSPECIFIED.);
#134=B_SPLINE_CURVE_WITH_KNOTS('',2,(#8936,#8937,#8938),.UNSPECIFIED.,.F.,
 .F.,(3,3),(0.,1.),.UNSPECIFIED.);
#135=B_SPLINE_CURVE_WITH_KNOTS('',2,(#8940,#8941,#8942),.UNSPECIFIED.,.F.,
 .F.,(3,3),(0.,1.),.UNSPECIFIED.);
#136=B_SPLINE_CURVE_WITH_KNOTS('',2,(#8948,#8949,#8950),.UNSPECIFIED.,.F.,
 .F.,(3,3),(0.,1.),.UNSPECIFIED.);
#137=B_SPLINE_CURVE_WITH_KNOTS('',2,(#8952,#8953,#8954),.UNSPECIFIED.,.F.,
 .F.,(3,3),(0.,1.),.UNSPECIFIED.);
#138=B_SPLINE_CURVE_WITH_KNOTS('',2,(#8960,#8961,#8962),.UNSPECIFIED.,.F.,
 .F.,(3,3),(0.,1.),.UNSPECIFIED.);
#139=B_SPLINE_CURVE_WITH_KNOTS('',2,(#8964,#8965,#8966),.UNSPECIFIED.,.F.,
 .F.,(3,3),(0.,1.),.UNSPECIFIED.);
#140=B_SPLINE_CURVE_WITH_KNOTS('',2,(#8978,#8979,#8980),.UNSPECIFIED.,.F.,
 .F.,(3,3),(0.,1.),.UNSPECIFIED.);
#141=B_SPLINE_CURVE_WITH_KNOTS('',2,(#9053,#9054,#9055),.UNSPECIFIED.,.F.,
 .F.,(3,3),(0.,1.),.UNSPECIFIED.);
#142=B_SPLINE_CURVE_WITH_KNOTS('',2,(#9058,#9059,#9060),.UNSPECIFIED.,.F.,
 .F.,(3,3),(0.,1.),.UNSPECIFIED.);
#143=B_SPLINE_CURVE_WITH_KNOTS('',2,(#9062,#9063,#9064),.UNSPECIFIED.,.F.,
 .F.,(3,3),(0.,1.),.UNSPECIFIED.);
#144=B_SPLINE_CURVE_WITH_KNOTS('',2,(#9066,#9067,#9068),.UNSPECIFIED.,.F.,
 .F.,(3,3),(0.,1.),.UNSPECIFIED.);
#145=B_SPLINE_CURVE_WITH_KNOTS('',2,(#9070,#9071,#9072),.UNSPECIFIED.,.F.,
 .F.,(3,3),(0.,1.),.UNSPECIFIED.);
#146=B_SPLINE_CURVE_WITH_KNOTS('',2,(#9074,#9075,#9076),.UNSPECIFIED.,.F.,
 .F.,(3,3),(0.,1.),.UNSPECIFIED.);
#147=B_SPLINE_CURVE_WITH_KNOTS('',2,(#9084,#9085,#9086),.UNSPECIFIED.,.F.,
 .F.,(3,3),(0.,1.),.UNSPECIFIED.);
#148=B_SPLINE_CURVE_WITH_KNOTS('',2,(#9088,#9089,#9090),.UNSPECIFIED.,.F.,
 .F.,(3,3),(0.,1.),.UNSPECIFIED.);
#149=B_SPLINE_CURVE_WITH_KNOTS('',2,(#9096,#9097,#9098),.UNSPECIFIED.,.F.,
 .F.,(3,3),(0.,1.),.UNSPECIFIED.);
#150=B_SPLINE_CURVE_WITH_KNOTS('',2,(#9100,#9101,#9102),.UNSPECIFIED.,.F.,
 .F.,(3,3),(0.,1.),.UNSPECIFIED.);
#151=B_SPLINE_CURVE_WITH_KNOTS('',2,(#9108,#9109,#9110),.UNSPECIFIED.,.F.,
 .F.,(3,3),(0.,1.),.UNSPECIFIED.);
#152=B_SPLINE_CURVE_WITH_KNOTS('',2,(#9112,#9113,#9114),.UNSPECIFIED.,.F.,
 .F.,(3,3),(0.,1.),.UNSPECIFIED.);
#153=B_SPLINE_CURVE_WITH_KNOTS('',2,(#9126,#9127,#9128),.UNSPECIFIED.,.F.,
 .F.,(3,3),(0.,1.),.UNSPECIFIED.);
#154=B_SPLINE_CURVE_WITH_KNOTS('',3,(#9292,#9293,#9294,#9295),
 .UNSPECIFIED.,.F.,.F.,(4,4),(0.,1.),.UNSPECIFIED.);
#155=B_SPLINE_CURVE_WITH_KNOTS('',2,(#9297,#9298,#9299),.UNSPECIFIED.,.F.,
 .F.,(3,3),(0.,1.),.UNSPECIFIED.);
#156=B_SPLINE_CURVE_WITH_KNOTS('',3,(#9301,#9302,#9303,#9304),
 .UNSPECIFIED.,.F.,.F.,(4,4),(0.,1.),.UNSPECIFIED.);
#157=B_SPLINE_CURVE_WITH_KNOTS('',3,(#9308,#9309,#9310,#9311),
 .UNSPECIFIED.,.F.,.F.,(4,4),(1.24999999934206E-7,0.999999875),
 .UNSPECIFIED.);
#158=B_SPLINE_CURVE_WITH_KNOTS('',3,(#9315,#9316,#9317,#9318),
 .UNSPECIFIED.,.F.,.F.,(4,4),(0.,1.),.UNSPECIFIED.);
#159=B_SPLINE_CURVE_WITH_KNOTS('',3,(#9329,#9330,#9331,#9332),
 .UNSPECIFIED.,.F.,.F.,(4,4),(0.,1.),.UNSPECIFIED.);
#160=B_SPLINE_CURVE_WITH_KNOTS('',2,(#9334,#9335,#9336),.UNSPECIFIED.,.F.,
 .F.,(3,3),(0.,1.),.UNSPECIFIED.);
#161=B_SPLINE_CURVE_WITH_KNOTS('',3,(#9338,#9339,#9340,#9341),
 .UNSPECIFIED.,.F.,.F.,(4,4),(1.24999999934206E-7,0.999999875),
 .UNSPECIFIED.);
#162=B_SPLINE_CURVE_WITH_KNOTS('',3,(#9353,#9354,#9355,#9356),
 .UNSPECIFIED.,.F.,.F.,(4,4),(0.,1.),.UNSPECIFIED.);
#163=B_SPLINE_CURVE_WITH_KNOTS('',3,(#9360,#9361,#9362,#9363),
 .UNSPECIFIED.,.F.,.F.,(4,4),(0.,1.),.UNSPECIFIED.);
#164=B_SPLINE_CURVE_WITH_KNOTS('',2,(#9376,#9377,#9378),.UNSPECIFIED.,.F.,
 .F.,(3,3),(0.,1.),.UNSPECIFIED.);
#165=B_SPLINE_CURVE_WITH_KNOTS('',3,(#9387,#9388,#9389,#9390),
 .UNSPECIFIED.,.F.,.F.,(4,4),(0.,1.),.UNSPECIFIED.);
#166=B_SPLINE_CURVE_WITH_KNOTS('',2,(#9392,#9393,#9394),.UNSPECIFIED.,.F.,
 .F.,(3,3),(0.,1.),.UNSPECIFIED.);
#167=B_SPLINE_CURVE_WITH_KNOTS('',3,(#9396,#9397,#9398,#9399),
 .UNSPECIFIED.,.F.,.F.,(4,4),(0.,1.),.UNSPECIFIED.);
#168=B_SPLINE_CURVE_WITH_KNOTS('',3,(#9403,#9404,#9405,#9406),
 .UNSPECIFIED.,.F.,.F.,(4,4),(0.,1.),.UNSPECIFIED.);
#169=B_SPLINE_CURVE_WITH_KNOTS('',2,(#9419,#9420,#9421),.UNSPECIFIED.,.F.,
 .F.,(3,3),(0.,1.),.UNSPECIFIED.);
#170=B_SPLINE_CURVE_WITH_KNOTS('',3,(#9430,#9431,#9432,#9433),
 .UNSPECIFIED.,.F.,.F.,(4,4),(0.,1.),.UNSPECIFIED.);
#171=B_SPLINE_CURVE_WITH_KNOTS('',2,(#9435,#9436,#9437),.UNSPECIFIED.,.F.,
 .F.,(3,3),(0.,1.),.UNSPECIFIED.);
#172=B_SPLINE_CURVE_WITH_KNOTS('',3,(#9439,#9440,#9441,#9442),
 .UNSPECIFIED.,.F.,.F.,(4,4),(0.,1.),.UNSPECIFIED.);
#173=B_SPLINE_CURVE_WITH_KNOTS('',3,(#9446,#9447,#9448,#9449),
 .UNSPECIFIED.,.F.,.F.,(4,4),(0.,1.),.UNSPECIFIED.);
#174=B_SPLINE_CURVE_WITH_KNOTS('',2,(#9462,#9463,#9464),.UNSPECIFIED.,.F.,
 .F.,(3,3),(0.,1.),.UNSPECIFIED.);
#175=B_SPLINE_CURVE_WITH_KNOTS('',3,(#9473,#9474,#9475,#9476),
 .UNSPECIFIED.,.F.,.F.,(4,4),(0.,1.),.UNSPECIFIED.);
#176=B_SPLINE_CURVE_WITH_KNOTS('',2,(#9478,#9479,#9480),.UNSPECIFIED.,.F.,
 .F.,(3,3),(0.,1.),.UNSPECIFIED.);
#177=B_SPLINE_CURVE_WITH_KNOTS('',3,(#9482,#9483,#9484,#9485),
 .UNSPECIFIED.,.F.,.F.,(4,4),(0.,1.),.UNSPECIFIED.);
#178=B_SPLINE_CURVE_WITH_KNOTS('',2,(#9498,#9499,#9500),.UNSPECIFIED.,.F.,
 .F.,(3,3),(0.,1.),.UNSPECIFIED.);
#179=B_SPLINE_CURVE_WITH_KNOTS('',2,(#9515,#9516,#9517),.UNSPECIFIED.,.F.,
 .F.,(3,3),(0.,1.),.UNSPECIFIED.);
#180=B_SPLINE_CURVE_WITH_KNOTS('',2,(#9528,#9529,#9530),.UNSPECIFIED.,.F.,
 .F.,(3,3),(0.,1.),.UNSPECIFIED.);
#181=B_SPLINE_CURVE_WITH_KNOTS('',2,(#9541,#9542,#9543),.UNSPECIFIED.,.F.,
 .F.,(3,3),(0.,1.),.UNSPECIFIED.);
#182=B_SPLINE_CURVE_WITH_KNOTS('',2,(#9554,#9555,#9556),.UNSPECIFIED.,.F.,
 .F.,(3,3),(0.,1.),.UNSPECIFIED.);
#183=B_SPLINE_CURVE_WITH_KNOTS('',2,(#9565,#9566,#9567),.UNSPECIFIED.,.F.,
 .F.,(3,3),(0.,1.),.UNSPECIFIED.);
#184=B_SPLINE_CURVE_WITH_KNOTS('',3,(#9600,#9601,#9602,#9603),
 .UNSPECIFIED.,.F.,.F.,(4,4),(0.,1.),.UNSPECIFIED.);
#185=B_SPLINE_CURVE_WITH_KNOTS('',3,(#9608,#9609,#9610,#9611),
 .UNSPECIFIED.,.F.,.F.,(4,4),(1.24999953096672E-7,0.999999875000047),
 .UNSPECIFIED.);
#186=B_SPLINE_CURVE_WITH_KNOTS('',2,(#9634,#9635,#9636),.UNSPECIFIED.,.F.,
 .F.,(3,3),(0.,1.),.UNSPECIFIED.);
#187=B_SPLINE_CURVE_WITH_KNOTS('',2,(#9637,#9638,#9639),.UNSPECIFIED.,.F.,
 .F.,(3,3),(0.,1.),.UNSPECIFIED.);
#188=B_SPLINE_CURVE_WITH_KNOTS('',2,(#9647,#9648,#9649),.UNSPECIFIED.,.F.,
 .F.,(3,3),(0.,1.),.UNSPECIFIED.);
#189=B_SPLINE_CURVE_WITH_KNOTS('',2,(#9726,#9727,#9728),.UNSPECIFIED.,.F.,
 .F.,(3,3),(0.,1.),.UNSPECIFIED.);
#190=B_SPLINE_CURVE_WITH_KNOTS('',3,(#9760,#9761,#9762,#9763),
 .UNSPECIFIED.,.F.,.F.,(4,4),(0.,1.),.UNSPECIFIED.);
#191=B_SPLINE_CURVE_WITH_KNOTS('',3,(#9768,#9769,#9770,#9771),
 .UNSPECIFIED.,.F.,.F.,(4,4),(0.,1.),.UNSPECIFIED.);
#192=B_SPLINE_CURVE_WITH_KNOTS('',2,(#9824,#9825,#9826),.UNSPECIFIED.,.F.,
 .F.,(3,3),(0.,1.),.UNSPECIFIED.);
#193=B_SPLINE_CURVE_WITH_KNOTS('',2,(#9829,#9830,#9831),.UNSPECIFIED.,.F.,
 .F.,(3,3),(0.,1.),.UNSPECIFIED.);
#194=B_SPLINE_CURVE_WITH_KNOTS('',2,(#9833,#9834,#9835),.UNSPECIFIED.,.F.,
 .F.,(3,3),(0.,1.),.UNSPECIFIED.);
#195=B_SPLINE_CURVE_WITH_KNOTS('',2,(#9843,#9844,#9845),.UNSPECIFIED.,.F.,
 .F.,(3,3),(0.,1.),.UNSPECIFIED.);
#196=B_SPLINE_CURVE_WITH_KNOTS('',2,(#9857,#9858,#9859),.UNSPECIFIED.,.F.,
 .F.,(3,3),(0.,1.),.UNSPECIFIED.);
#197=B_SPLINE_CURVE_WITH_KNOTS('',2,(#9861,#9862,#9863),.UNSPECIFIED.,.F.,
 .F.,(3,3),(0.,1.),.UNSPECIFIED.);
#198=B_SPLINE_CURVE_WITH_KNOTS('',2,(#9869,#9870,#9871),.UNSPECIFIED.,.F.,
 .F.,(3,3),(0.,1.),.UNSPECIFIED.);
#199=B_SPLINE_CURVE_WITH_KNOTS('',2,(#9873,#9874,#9875),.UNSPECIFIED.,.F.,
 .F.,(3,3),(0.,1.),.UNSPECIFIED.);
#200=B_SPLINE_CURVE_WITH_KNOTS('',2,(#9881,#9882,#9883),.UNSPECIFIED.,.F.,
 .F.,(3,3),(0.,1.),.UNSPECIFIED.);
#201=B_SPLINE_CURVE_WITH_KNOTS('',2,(#9885,#9886,#9887),.UNSPECIFIED.,.F.,
 .F.,(3,3),(0.,1.),.UNSPECIFIED.);
#202=B_SPLINE_CURVE_WITH_KNOTS('',2,(#9895,#9896,#9897),.UNSPECIFIED.,.F.,
 .F.,(3,3),(0.,1.),.UNSPECIFIED.);
#203=B_SPLINE_CURVE_WITH_KNOTS('',2,(#9899,#9900,#9901),.UNSPECIFIED.,.F.,
 .F.,(3,3),(0.,1.),.UNSPECIFIED.);
#204=B_SPLINE_CURVE_WITH_KNOTS('',2,(#9903,#9904,#9905),.UNSPECIFIED.,.F.,
 .F.,(3,3),(0.,1.),.UNSPECIFIED.);
#205=B_SPLINE_CURVE_WITH_KNOTS('',3,(#9955,#9956,#9957,#9958),
 .UNSPECIFIED.,.F.,.F.,(4,4),(1.24999999934206E-7,1.),.UNSPECIFIED.);
#206=B_SPLINE_CURVE_WITH_KNOTS('',3,(#9960,#9961,#9962,#9963),
 .UNSPECIFIED.,.F.,.F.,(4,4),(0.,1.),.UNSPECIFIED.);
#207=B_SPLINE_CURVE_WITH_KNOTS('',3,(#9981,#9982,#9983,#9984),
 .UNSPECIFIED.,.F.,.F.,(4,4),(0.,1.),.UNSPECIFIED.);
#208=B_SPLINE_CURVE_WITH_KNOTS('',3,(#9986,#9987,#9988,#9989),
 .UNSPECIFIED.,.F.,.F.,(4,4),(1.24999999934206E-7,1.),.UNSPECIFIED.);
#209=B_SPLINE_CURVE_WITH_KNOTS('',3,(#9991,#9992,#9993,#9994),
 .UNSPECIFIED.,.F.,.F.,(4,4),(0.,1.),.UNSPECIFIED.);
#210=B_SPLINE_CURVE_WITH_KNOTS('',3,(#10012,#10013,#10014,#10015),
 .UNSPECIFIED.,.F.,.F.,(4,4),(0.,1.),.UNSPECIFIED.);
#211=B_SPLINE_CURVE_WITH_KNOTS('',3,(#10017,#10018,#10019,#10020),
 .UNSPECIFIED.,.F.,.F.,(4,4),(1.25000000367886E-7,1.),.UNSPECIFIED.);
#212=B_SPLINE_CURVE_WITH_KNOTS('',3,(#10022,#10023,#10024,#10025),
 .UNSPECIFIED.,.F.,.F.,(4,4),(0.,1.),.UNSPECIFIED.);
#213=B_SPLINE_CURVE_WITH_KNOTS('',3,(#10043,#10044,#10045,#10046),
 .UNSPECIFIED.,.F.,.F.,(4,4),(0.,1.),.UNSPECIFIED.);
#214=B_SPLINE_CURVE_WITH_KNOTS('',3,(#10048,#10049,#10050,#10051),
 .UNSPECIFIED.,.F.,.F.,(4,4),(1.25000000367886E-7,1.),.UNSPECIFIED.);
#215=B_SPLINE_CURVE_WITH_KNOTS('',3,(#10057,#10058,#10059,#10060),
 .UNSPECIFIED.,.F.,.F.,(4,4),(1.24999998633163E-7,1.),.UNSPECIFIED.);
#216=B_SPLINE_CURVE_WITH_KNOTS('',3,(#10062,#10063,#10064,#10065),
 .UNSPECIFIED.,.F.,.F.,(4,4),(0.,1.),.UNSPECIFIED.);
#217=B_SPLINE_CURVE_WITH_KNOTS('',3,(#10074,#10075,#10076,#10077),
 .UNSPECIFIED.,.F.,.F.,(4,4),(0.,1.),.UNSPECIFIED.);
#218=B_SPLINE_CURVE_WITH_KNOTS('',3,(#10079,#10080,#10081,#10082),
 .UNSPECIFIED.,.F.,.F.,(4,4),(0.,1.),.UNSPECIFIED.);
#219=B_SPLINE_CURVE_WITH_KNOTS('',3,(#10084,#10085,#10086,#10087),
 .UNSPECIFIED.,.F.,.F.,(4,4),(1.2499994702514E-7,1.),.UNSPECIFIED.);
#220=B_SPLINE_CURVE_WITH_KNOTS('',3,(#10089,#10090,#10091,#10092),
 .UNSPECIFIED.,.F.,.F.,(4,4),(0.,1.),.UNSPECIFIED.);
#221=B_SPLINE_CURVE_WITH_KNOTS('',2,(#10106,#10107,#10108),
 .UNSPECIFIED.,.F.,.F.,(3,3),(0.,1.),.UNSPECIFIED.);
#222=B_SPLINE_CURVE_WITH_KNOTS('',3,(#10140,#10141,#10142,#10143),
 .UNSPECIFIED.,.F.,.F.,(4,4),(0.,1.),.UNSPECIFIED.);
#223=B_SPLINE_CURVE_WITH_KNOTS('',3,(#10148,#10149,#10150,#10151),
 .UNSPECIFIED.,.F.,.F.,(4,4),(0.,1.),.UNSPECIFIED.);
#224=B_SPLINE_CURVE_WITH_KNOTS('',2,(#10200,#10201,#10202),
 .UNSPECIFIED.,.F.,.F.,(3,3),(0.,1.),.UNSPECIFIED.);
#225=B_SPLINE_CURVE_WITH_KNOTS('',3,(#10246,#10247,#10248,#10249),
 .UNSPECIFIED.,.F.,.F.,(4,4),(1.2499999689844E-7,1.),.UNSPECIFIED.);
#226=B_SPLINE_CURVE_WITH_KNOTS('',3,(#10251,#10252,#10253,#10254),
 .UNSPECIFIED.,.F.,.F.,(4,4),(1.25000000367886E-7,1.),.UNSPECIFIED.);
#227=LINE('',#8073,#745);
#228=LINE('',#8076,#746);
#229=LINE('',#8078,#747);
#230=LINE('',#8080,#748);
#231=LINE('',#8082,#749);
#232=LINE('',#8084,#750);
#233=LINE('',#8086,#751);
#234=LINE('',#8088,#752);
#235=LINE('',#8090,#753);
#236=LINE('',#8092,#754);
#237=LINE('',#8094,#755);
#238=LINE('',#8095,#756);
#239=LINE('',#8098,#757);
#240=LINE('',#8101,#758);
#241=LINE('',#8103,#759);
#242=LINE('',#8105,#760);
#243=LINE('',#8107,#761);
#244=LINE('',#8109,#762);
#245=LINE('',#8111,#763);
#246=LINE('',#8113,#764);
#247=LINE('',#8115,#765);
#248=LINE('',#8117,#766);
#249=LINE('',#8119,#767);
#250=LINE('',#8121,#768);
#251=LINE('',#8123,#769);
#252=LINE('',#8125,#770);
#253=LINE('',#8127,#771);
#254=LINE('',#8129,#772);
#255=LINE('',#8131,#773);
#256=LINE('',#8132,#774);
#257=LINE('',#8135,#775);
#258=LINE('',#8138,#776);
#259=LINE('',#8140,#777);
#260=LINE('',#8142,#778);
#261=LINE('',#8144,#779);
#262=LINE('',#8146,#780);
#263=LINE('',#8148,#781);
#264=LINE('',#8150,#782);
#265=LINE('',#8152,#783);
#266=LINE('',#8154,#784);
#267=LINE('',#8156,#785);
#268=LINE('',#8158,#786);
#269=LINE('',#8160,#787);
#270=LINE('',#8162,#788);
#271=LINE('',#8164,#789);
#272=LINE('',#8166,#790);
#273=LINE('',#8168,#791);
#274=LINE('',#8170,#792);
#275=LINE('',#8172,#793);
#276=LINE('',#8174,#794);
#277=LINE('',#8176,#795);
#278=LINE('',#8178,#796);
#279=LINE('',#8195,#797);
#280=LINE('',#8197,#798);
#281=LINE('',#8199,#799);
#282=LINE('',#8201,#800);
#283=LINE('',#8203,#801);
#284=LINE('',#8205,#802);
#285=LINE('',#8221,#803);
#286=LINE('',#8222,#804);
#287=LINE('',#8232,#805);
#288=LINE('',#8234,#806);
#289=LINE('',#8236,#807);
#290=LINE('',#8239,#808);
#291=LINE('',#8246,#809);
#292=LINE('',#8250,#810);
#293=LINE('',#8254,#811);
#294=LINE('',#8256,#812);
#295=LINE('',#8258,#813);
#296=LINE('',#8260,#814);
#297=LINE('',#8262,#815);
#298=LINE('',#8264,#816);
#299=LINE('',#8266,#817);
#300=LINE('',#8268,#818);
#301=LINE('',#8270,#819);
#302=LINE('',#8272,#820);
#303=LINE('',#8274,#821);
#304=LINE('',#8276,#822);
#305=LINE('',#8278,#823);
#306=LINE('',#8280,#824);
#307=LINE('',#8282,#825);
#308=LINE('',#8284,#826);
#309=LINE('',#8286,#827);
#310=LINE('',#8288,#828);
#311=LINE('',#8301,#829);
#312=LINE('',#8307,#830);
#313=LINE('',#8309,#831);
#314=LINE('',#8311,#832);
#315=LINE('',#8313,#833);
#316=LINE('',#8315,#834);
#317=LINE('',#8317,#835);
#318=LINE('',#8319,#836);
#319=LINE('',#8321,#837);
#320=LINE('',#8323,#838);
#321=LINE('',#8325,#839);
#322=LINE('',#8327,#840);
#323=LINE('',#8329,#841);
#324=LINE('',#8331,#842);
#325=LINE('',#8332,#843);
#326=LINE('',#8335,#844);
#327=LINE('',#8338,#845);
#328=LINE('',#8340,#846);
#329=LINE('',#8342,#847);
#330=LINE('',#8344,#848);
#331=LINE('',#8346,#849);
#332=LINE('',#8348,#850);
#333=LINE('',#8350,#851);
#334=LINE('',#8352,#852);
#335=LINE('',#8354,#853);
#336=LINE('',#8356,#854);
#337=LINE('',#8357,#855);
#338=LINE('',#8360,#856);
#339=LINE('',#8363,#857);
#340=LINE('',#8365,#858);
#341=LINE('',#8367,#859);
#342=LINE('',#8369,#860);
#343=LINE('',#8371,#861);
#344=LINE('',#8373,#862);
#345=LINE('',#8375,#863);
#346=LINE('',#8377,#864);
#347=LINE('',#8379,#865);
#348=LINE('',#8381,#866);
#349=LINE('',#8383,#867);
#350=LINE('',#8385,#868);
#351=LINE('',#8387,#869);
#352=LINE('',#8389,#870);
#353=LINE('',#8391,#871);
#354=LINE('',#8393,#872);
#355=LINE('',#8395,#873);
#356=LINE('',#8397,#874);
#357=LINE('',#8399,#875);
#358=LINE('',#8401,#876);
#359=LINE('',#8403,#877);
#360=LINE('',#8405,#878);
#361=LINE('',#8407,#879);
#362=LINE('',#8409,#880);
#363=LINE('',#8411,#881);
#364=LINE('',#8413,#882);
#365=LINE('',#8415,#883);
#366=LINE('',#8417,#884);
#367=LINE('',#8419,#885);
#368=LINE('',#8421,#886);
#369=LINE('',#8423,#887);
#370=LINE('',#8425,#888);
#371=LINE('',#8427,#889);
#372=LINE('',#8429,#890);
#373=LINE('',#8431,#891);
#374=LINE('',#8433,#892);
#375=LINE('',#8435,#893);
#376=LINE('',#8436,#894);
#377=LINE('',#8446,#895);
#378=LINE('',#8453,#896);
#379=LINE('',#8470,#897);
#380=LINE('',#8487,#898);
#381=LINE('',#8504,#899);
#382=LINE('',#8510,#900);
#383=LINE('',#8512,#901);
#384=LINE('',#8514,#902);
#385=LINE('',#8516,#903);
#386=LINE('',#8518,#904);
#387=LINE('',#8520,#905);
#388=LINE('',#8522,#906);
#389=LINE('',#8525,#907);
#390=LINE('',#8527,#908);
#391=LINE('',#8529,#909);
#392=LINE('',#8531,#910);
#393=LINE('',#8533,#911);
#394=LINE('',#8535,#912);
#395=LINE('',#8577,#913);
#396=LINE('',#8594,#914);
#397=LINE('',#8600,#915);
#398=LINE('',#8602,#916);
#399=LINE('',#8604,#917);
#400=LINE('',#8606,#918);
#401=LINE('',#8608,#919);
#402=LINE('',#8610,#920);
#403=LINE('',#8612,#921);
#404=LINE('',#8614,#922);
#405=LINE('',#8616,#923);
#406=LINE('',#8618,#924);
#407=LINE('',#8620,#925);
#408=LINE('',#8622,#926);
#409=LINE('',#8624,#927);
#410=LINE('',#8626,#928);
#411=LINE('',#8628,#929);
#412=LINE('',#8630,#930);
#413=LINE('',#8631,#931);
#414=LINE('',#8633,#932);
#415=LINE('',#8634,#933);
#416=LINE('',#8645,#934);
#417=LINE('',#8652,#935);
#418=LINE('',#8669,#936);
#419=LINE('',#8686,#937);
#420=LINE('',#8703,#938);
#421=LINE('',#8709,#939);
#422=LINE('',#8711,#940);
#423=LINE('',#8713,#941);
#424=LINE('',#8715,#942);
#425=LINE('',#8717,#943);
#426=LINE('',#8719,#944);
#427=LINE('',#8721,#945);
#428=LINE('',#8723,#946);
#429=LINE('',#8725,#947);
#430=LINE('',#8738,#948);
#431=LINE('',#8755,#949);
#432=LINE('',#8801,#950);
#433=LINE('',#8807,#951);
#434=LINE('',#8809,#952);
#435=LINE('',#8811,#953);
#436=LINE('',#8813,#954);
#437=LINE('',#8815,#955);
#438=LINE('',#8817,#956);
#439=LINE('',#8819,#957);
#440=LINE('',#8820,#958);
#441=LINE('',#8823,#959);
#442=LINE('',#8826,#960);
#443=LINE('',#8828,#961);
#444=LINE('',#8830,#962);
#445=LINE('',#8832,#963);
#446=LINE('',#8834,#964);
#447=LINE('',#8836,#965);
#448=LINE('',#8838,#966);
#449=LINE('',#8840,#967);
#450=LINE('',#8842,#968);
#451=LINE('',#8844,#969);
#452=LINE('',#8846,#970);
#453=LINE('',#8850,#971);
#454=LINE('',#8852,#972);
#455=LINE('',#8854,#973);
#456=LINE('',#8856,#974);
#457=LINE('',#8858,#975);
#458=LINE('',#8864,#976);
#459=LINE('',#8866,#977);
#460=LINE('',#8868,#978);
#461=LINE('',#8870,#979);
#462=LINE('',#8872,#980);
#463=LINE('',#8874,#981);
#464=LINE('',#8876,#982);
#465=LINE('',#8878,#983);
#466=LINE('',#8880,#984);
#467=LINE('',#8882,#985);
#468=LINE('',#8884,#986);
#469=LINE('',#8887,#987);
#470=LINE('',#8890,#988);
#471=LINE('',#8892,#989);
#472=LINE('',#8894,#990);
#473=LINE('',#8896,#991);
#474=LINE('',#8898,#992);
#475=LINE('',#8900,#993);
#476=LINE('',#8902,#994);
#477=LINE('',#8928,#995);
#478=LINE('',#8972,#996);
#479=LINE('',#8987,#997);
#480=LINE('',#8990,#998);
#481=LINE('',#8992,#999);
#482=LINE('',#8994,#1000);
#483=LINE('',#8996,#1001);
#484=LINE('',#8998,#1002);
#485=LINE('',#9000,#1003);
#486=LINE('',#9002,#1004);
#487=LINE('',#9019,#1005);
#488=LINE('',#9022,#1006);
#489=LINE('',#9024,#1007);
#490=LINE('',#9026,#1008);
#491=LINE('',#9028,#1009);
#492=LINE('',#9030,#1010);
#493=LINE('',#9032,#1011);
#494=LINE('',#9034,#1012);
#495=LINE('',#9035,#1013);
#496=LINE('',#9038,#1014);
#497=LINE('',#9040,#1015);
#498=LINE('',#9042,#1016);
#499=LINE('',#9044,#1017);
#500=LINE('',#9046,#1018);
#501=LINE('',#9048,#1019);
#502=LINE('',#9050,#1020);
#503=LINE('',#9052,#1021);
#504=LINE('',#9078,#1022);
#505=LINE('',#9120,#1023);
#506=LINE('',#9135,#1024);
#507=LINE('',#9138,#1025);
#508=LINE('',#9140,#1026);
#509=LINE('',#9142,#1027);
#510=LINE('',#9143,#1028);
#511=LINE('',#9146,#1029);
#512=LINE('',#9148,#1030);
#513=LINE('',#9150,#1031);
#514=LINE('',#9152,#1032);
#515=LINE('',#9154,#1033);
#516=LINE('',#9156,#1034);
#517=LINE('',#9158,#1035);
#518=LINE('',#9160,#1036);
#519=LINE('',#9162,#1037);
#520=LINE('',#9164,#1038);
#521=LINE('',#9166,#1039);
#522=LINE('',#9167,#1040);
#523=LINE('',#9170,#1041);
#524=LINE('',#9172,#1042);
#525=LINE('',#9174,#1043);
#526=LINE('',#9176,#1044);
#527=LINE('',#9178,#1045);
#528=LINE('',#9180,#1046);
#529=LINE('',#9182,#1047);
#530=LINE('',#9184,#1048);
#531=LINE('',#9186,#1049);
#532=LINE('',#9188,#1050);
#533=LINE('',#9190,#1051);
#534=LINE('',#9192,#1052);
#535=LINE('',#9194,#1053);
#536=LINE('',#9196,#1054);
#537=LINE('',#9198,#1055);
#538=LINE('',#9200,#1056);
#539=LINE('',#9202,#1057);
#540=LINE('',#9204,#1058);
#541=LINE('',#9206,#1059);
#542=LINE('',#9208,#1060);
#543=LINE('',#9210,#1061);
#544=LINE('',#9212,#1062);
#545=LINE('',#9214,#1063);
#546=LINE('',#9217,#1064);
#547=LINE('',#9219,#1065);
#548=LINE('',#9221,#1066);
#549=LINE('',#9223,#1067);
#550=LINE('',#9225,#1068);
#551=LINE('',#9227,#1069);
#552=LINE('',#9229,#1070);
#553=LINE('',#9231,#1071);
#554=LINE('',#9233,#1072);
#555=LINE('',#9235,#1073);
#556=LINE('',#9237,#1074);
#557=LINE('',#9239,#1075);
#558=LINE('',#9241,#1076);
#559=LINE('',#9243,#1077);
#560=LINE('',#9245,#1078);
#561=LINE('',#9247,#1079);
#562=LINE('',#9249,#1080);
#563=LINE('',#9251,#1081);
#564=LINE('',#9253,#1082);
#565=LINE('',#9255,#1083);
#566=LINE('',#9257,#1084);
#567=LINE('',#9259,#1085);
#568=LINE('',#9261,#1086);
#569=LINE('',#9263,#1087);
#570=LINE('',#9266,#1088);
#571=LINE('',#9268,#1089);
#572=LINE('',#9270,#1090);
#573=LINE('',#9272,#1091);
#574=LINE('',#9274,#1092);
#575=LINE('',#9276,#1093);
#576=LINE('',#9278,#1094);
#577=LINE('',#9280,#1095);
#578=LINE('',#9290,#1096);
#579=LINE('',#9345,#1097);
#580=LINE('',#9349,#1098);
#581=LINE('',#9351,#1099);
#582=LINE('',#9374,#1100);
#583=LINE('',#9417,#1101);
#584=LINE('',#9460,#1102);
#585=LINE('',#9496,#1103);
#586=LINE('',#9502,#1104);
#587=LINE('',#9504,#1105);
#588=LINE('',#9513,#1106);
#589=LINE('',#9526,#1107);
#590=LINE('',#9539,#1108);
#591=LINE('',#9552,#1109);
#592=LINE('',#9570,#1110);
#593=LINE('',#9572,#1111);
#594=LINE('',#9574,#1112);
#595=LINE('',#9576,#1113);
#596=LINE('',#9578,#1114);
#597=LINE('',#9580,#1115);
#598=LINE('',#9582,#1116);
#599=LINE('',#9584,#1117);
#600=LINE('',#9586,#1118);
#601=LINE('',#9588,#1119);
#602=LINE('',#9590,#1120);
#603=LINE('',#9592,#1121);
#604=LINE('',#9594,#1122);
#605=LINE('',#9596,#1123);
#606=LINE('',#9598,#1124);
#607=LINE('',#9615,#1125);
#608=LINE('',#9617,#1126);
#609=LINE('',#9619,#1127);
#610=LINE('',#9621,#1128);
#611=LINE('',#9623,#1129);
#612=LINE('',#9625,#1130);
#613=LINE('',#9641,#1131);
#614=LINE('',#9651,#1132);
#615=LINE('',#9653,#1133);
#616=LINE('',#9723,#1134);
#617=LINE('',#9732,#1135);
#618=LINE('',#9733,#1136);
#619=LINE('',#9736,#1137);
#620=LINE('',#9738,#1138);
#621=LINE('',#9740,#1139);
#622=LINE('',#9742,#1140);
#623=LINE('',#9744,#1141);
#624=LINE('',#9746,#1142);
#625=LINE('',#9748,#1143);
#626=LINE('',#9750,#1144);
#627=LINE('',#9751,#1145);
#628=LINE('',#9764,#1146);
#629=LINE('',#9766,#1147);
#630=LINE('',#9774,#1148);
#631=LINE('',#9776,#1149);
#632=LINE('',#9778,#1150);
#633=LINE('',#9780,#1151);
#634=LINE('',#9782,#1152);
#635=LINE('',#9784,#1153);
#636=LINE('',#9787,#1154);
#637=LINE('',#9790,#1155);
#638=LINE('',#9792,#1156);
#639=LINE('',#9794,#1157);
#640=LINE('',#9796,#1158);
#641=LINE('',#9798,#1159);
#642=LINE('',#9800,#1160);
#643=LINE('',#9802,#1161);
#644=LINE('',#9804,#1162);
#645=LINE('',#9806,#1163);
#646=LINE('',#9807,#1164);
#647=LINE('',#9809,#1165);
#648=LINE('',#9811,#1166);
#649=LINE('',#9813,#1167);
#650=LINE('',#9815,#1168);
#651=LINE('',#9817,#1169);
#652=LINE('',#9819,#1170);
#653=LINE('',#9821,#1171);
#654=LINE('',#9851,#1172);
#655=LINE('',#9893,#1173);
#656=LINE('',#9914,#1174);
#657=LINE('',#9915,#1175);
#658=LINE('',#9924,#1176);
#659=LINE('',#9933,#1177);
#660=LINE('',#9942,#1178);
#661=LINE('',#9951,#1179);
#662=LINE('',#9953,#1180);
#663=LINE('',#9972,#1181);
#664=LINE('',#10003,#1182);
#665=LINE('',#10034,#1183);
#666=LINE('',#10053,#1184);
#667=LINE('',#10055,#1185);
#668=LINE('',#10103,#1186);
#669=LINE('',#10112,#1187);
#670=LINE('',#10113,#1188);
#671=LINE('',#10116,#1189);
#672=LINE('',#10118,#1190);
#673=LINE('',#10120,#1191);
#674=LINE('',#10122,#1192);
#675=LINE('',#10124,#1193);
#676=LINE('',#10126,#1194);
#677=LINE('',#10128,#1195);
#678=LINE('',#10130,#1196);
#679=LINE('',#10131,#1197);
#680=LINE('',#10144,#1198);
#681=LINE('',#10146,#1199);
#682=LINE('',#10154,#1200);
#683=LINE('',#10156,#1201);
#684=LINE('',#10158,#1202);
#685=LINE('',#10160,#1203);
#686=LINE('',#10162,#1204);
#687=LINE('',#10164,#1205);
#688=LINE('',#10167,#1206);
#689=LINE('',#10170,#1207);
#690=LINE('',#10172,#1208);
#691=LINE('',#10178,#1209);
#692=LINE('',#10180,#1210);
#693=LINE('',#10182,#1211);
#694=LINE('',#10184,#1212);
#695=LINE('',#10186,#1213);
#696=LINE('',#10188,#1214);
#697=LINE('',#10190,#1215);
#698=LINE('',#10192,#1216);
#699=LINE('',#10194,#1217);
#700=LINE('',#10196,#1218);
#701=LINE('',#10198,#1219);
#702=LINE('',#10204,#1220);
#703=LINE('',#10206,#1221);
#704=LINE('',#10208,#1222);
#705=LINE('',#10209,#1223);
#706=LINE('',#10211,#1224);
#707=LINE('',#10213,#1225);
#708=LINE('',#10215,#1226);
#709=LINE('',#10224,#1227);
#710=LINE('',#10226,#1228);
#711=LINE('',#10228,#1229);
#712=LINE('',#10230,#1230);
#713=LINE('',#10232,#1231);
#714=LINE('',#10234,#1232);
#715=LINE('',#10236,#1233);
#716=LINE('',#10238,#1234);
#717=LINE('',#10240,#1235);
#718=LINE('',#10242,#1236);
#719=LINE('',#10244,#1237);
#720=LINE('',#10256,#1238);
#721=LINE('',#10259,#1239);
#722=LINE('',#10262,#1240);
#723=LINE('',#10264,#1241);
#724=LINE('',#10266,#1242);
#725=LINE('',#10268,#1243);
#726=LINE('',#10270,#1244);
#727=LINE('',#10272,#1245);
#728=LINE('',#10274,#1246);
#729=LINE('',#10276,#1247);
#730=LINE('',#10278,#1248);
#731=LINE('',#10280,#1249);
#732=LINE('',#10282,#1250);
#733=LINE('',#10284,#1251);
#734=LINE('',#10285,#1252);
#735=LINE('',#10287,#1253);
#736=LINE('',#10289,#1254);
#737=LINE('',#10291,#1255);
#738=LINE('',#10293,#1256);
#739=LINE('',#10295,#1257);
#740=LINE('',#10297,#1258);
#741=LINE('',#10299,#1259);
#742=LINE('',#10301,#1260);
#743=LINE('',#10303,#1261);
#744=LINE('',#10305,#1262);
#745=VECTOR('',#6617,1.);
#746=VECTOR('',#6618,1.);
#747=VECTOR('',#6619,1.);
#748=VECTOR('',#6620,1.);
#749=VECTOR('',#6623,1.);
#750=VECTOR('',#6624,1.);
#751=VECTOR('',#6625,1.);
#752=VECTOR('',#6628,1.);
#753=VECTOR('',#6629,1.);
#754=VECTOR('',#6630,1.);
#755=VECTOR('',#6633,1.);
#756=VECTOR('',#6634,1.);
#757=VECTOR('',#6639,1.);
#758=VECTOR('',#6640,1.);
#759=VECTOR('',#6641,1.);
#760=VECTOR('',#6642,1.);
#761=VECTOR('',#6645,1.);
#762=VECTOR('',#6646,1.);
#763=VECTOR('',#6647,1.);
#764=VECTOR('',#6650,1.);
#765=VECTOR('',#6651,1.);
#766=VECTOR('',#6652,1.);
#767=VECTOR('',#6655,1.);
#768=VECTOR('',#6656,1.);
#769=VECTOR('',#6657,1.);
#770=VECTOR('',#6660,1.);
#771=VECTOR('',#6661,1.);
#772=VECTOR('',#6662,1.);
#773=VECTOR('',#6665,1.);
#774=VECTOR('',#6666,1.);
#775=VECTOR('',#6671,1.);
#776=VECTOR('',#6672,1.);
#777=VECTOR('',#6673,1.);
#778=VECTOR('',#6674,1.);
#779=VECTOR('',#6677,1.);
#780=VECTOR('',#6678,1.);
#781=VECTOR('',#6679,1.);
#782=VECTOR('',#6682,1.);
#783=VECTOR('',#6683,1.);
#784=VECTOR('',#6684,1.);
#785=VECTOR('',#6687,1.);
#786=VECTOR('',#6688,1.);
#787=VECTOR('',#6689,1.);
#788=VECTOR('',#6692,1.);
#789=VECTOR('',#6693,1.);
#790=VECTOR('',#6694,1.);
#791=VECTOR('',#6697,1.);
#792=VECTOR('',#6698,1.);
#793=VECTOR('',#6699,1.);
#794=VECTOR('',#6702,1.);
#795=VECTOR('',#6703,1.);
#796=VECTOR('',#6704,1.);
#797=VECTOR('',#6713,1.);
#798=VECTOR('',#6714,1.);
#799=VECTOR('',#6715,1.);
#800=VECTOR('',#6718,1.);
#801=VECTOR('',#6719,1.);
#802=VECTOR('',#6720,1.);
#803=VECTOR('',#6723,1.);
#804=VECTOR('',#6724,1.);
#805=VECTOR('',#6731,1.);
#806=VECTOR('',#6732,1.);
#807=VECTOR('',#6735,1.);
#808=VECTOR('',#6736,1.);
#809=VECTOR('',#6737,1.);
#810=VECTOR('',#6742,1.);
#811=VECTOR('',#6747,1.);
#812=VECTOR('',#6748,1.);
#813=VECTOR('',#6749,1.);
#814=VECTOR('',#6752,1.);
#815=VECTOR('',#6753,1.);
#816=VECTOR('',#6754,1.);
#817=VECTOR('',#6757,1.);
#818=VECTOR('',#6758,1.);
#819=VECTOR('',#6759,1.);
#820=VECTOR('',#6762,1.);
#821=VECTOR('',#6763,1.);
#822=VECTOR('',#6764,1.);
#823=VECTOR('',#6767,1.);
#824=VECTOR('',#6768,1.);
#825=VECTOR('',#6769,1.);
#826=VECTOR('',#6772,1.);
#827=VECTOR('',#6773,1.);
#828=VECTOR('',#6774,1.);
#829=VECTOR('',#6775,1.);
#830=VECTOR('',#6778,1.);
#831=VECTOR('',#6779,1.);
#832=VECTOR('',#6780,1.);
#833=VECTOR('',#6783,1.);
#834=VECTOR('',#6784,1.);
#835=VECTOR('',#6785,1.);
#836=VECTOR('',#6788,1.);
#837=VECTOR('',#6789,1.);
#838=VECTOR('',#6790,1.);
#839=VECTOR('',#6793,1.);
#840=VECTOR('',#6794,1.);
#841=VECTOR('',#6795,1.);
#842=VECTOR('',#6798,1.);
#843=VECTOR('',#6799,1.);
#844=VECTOR('',#6804,1.);
#845=VECTOR('',#6805,1.);
#846=VECTOR('',#6806,1.);
#847=VECTOR('',#6807,1.);
#848=VECTOR('',#6810,1.);
#849=VECTOR('',#6811,1.);
#850=VECTOR('',#6812,1.);
#851=VECTOR('',#6815,1.);
#852=VECTOR('',#6816,1.);
#853=VECTOR('',#6817,1.);
#854=VECTOR('',#6820,1.);
#855=VECTOR('',#6821,1.);
#856=VECTOR('',#6826,1.);
#857=VECTOR('',#6827,1.);
#858=VECTOR('',#6828,1.);
#859=VECTOR('',#6829,1.);
#860=VECTOR('',#6832,1.);
#861=VECTOR('',#6833,1.);
#862=VECTOR('',#6834,1.);
#863=VECTOR('',#6837,1.);
#864=VECTOR('',#6838,1.);
#865=VECTOR('',#6839,1.);
#866=VECTOR('',#6842,1.);
#867=VECTOR('',#6843,1.);
#868=VECTOR('',#6844,1.);
#869=VECTOR('',#6847,1.);
#870=VECTOR('',#6848,1.);
#871=VECTOR('',#6849,1.);
#872=VECTOR('',#6852,1.);
#873=VECTOR('',#6853,1.);
#874=VECTOR('',#6854,1.);
#875=VECTOR('',#6857,1.);
#876=VECTOR('',#6858,1.);
#877=VECTOR('',#6859,1.);
#878=VECTOR('',#6862,1.);
#879=VECTOR('',#6863,1.);
#880=VECTOR('',#6864,1.);
#881=VECTOR('',#6867,1.);
#882=VECTOR('',#6868,1.);
#883=VECTOR('',#6869,1.);
#884=VECTOR('',#6872,1.);
#885=VECTOR('',#6873,1.);
#886=VECTOR('',#6874,1.);
#887=VECTOR('',#6877,1.);
#888=VECTOR('',#6878,1.);
#889=VECTOR('',#6879,1.);
#890=VECTOR('',#6882,1.);
#891=VECTOR('',#6883,1.);
#892=VECTOR('',#6884,1.);
#893=VECTOR('',#6887,1.);
#894=VECTOR('',#6888,1.);
#895=VECTOR('',#6891,1.);
#896=VECTOR('',#6892,1.);
#897=VECTOR('',#6893,1.);
#898=VECTOR('',#6894,1.);
#899=VECTOR('',#6895,1.);
#900=VECTOR('',#6898,1.);
#901=VECTOR('',#6899,1.);
#902=VECTOR('',#6900,1.);
#903=VECTOR('',#6903,1.);
#904=VECTOR('',#6904,1.);
#905=VECTOR('',#6905,1.);
#906=VECTOR('',#6908,1.);
#907=VECTOR('',#6909,1.);
#908=VECTOR('',#6910,1.);
#909=VECTOR('',#6911,1.);
#910=VECTOR('',#6914,1.);
#911=VECTOR('',#6915,1.);
#912=VECTOR('',#6916,1.);
#913=VECTOR('',#6923,1.);
#914=VECTOR('',#6924,1.);
#915=VECTOR('',#6927,1.);
#916=VECTOR('',#6928,1.);
#917=VECTOR('',#6929,1.);
#918=VECTOR('',#6932,1.);
#919=VECTOR('',#6933,1.);
#920=VECTOR('',#6934,1.);
#921=VECTOR('',#6937,1.);
#922=VECTOR('',#6938,1.);
#923=VECTOR('',#6939,1.);
#924=VECTOR('',#6942,1.);
#925=VECTOR('',#6943,1.);
#926=VECTOR('',#6944,1.);
#927=VECTOR('',#6947,1.);
#928=VECTOR('',#6948,1.);
#929=VECTOR('',#6949,1.);
#930=VECTOR('',#6952,1.);
#931=VECTOR('',#6953,1.);
#932=VECTOR('',#6956,1.);
#933=VECTOR('',#6957,1.);
#934=VECTOR('',#6962,1.);
#935=VECTOR('',#6963,1.);
#936=VECTOR('',#6964,1.);
#937=VECTOR('',#6965,1.);
#938=VECTOR('',#6966,1.);
#939=VECTOR('',#6969,1.);
#940=VECTOR('',#6970,1.);
#941=VECTOR('',#6971,1.);
#942=VECTOR('',#6974,1.);
#943=VECTOR('',#6975,1.);
#944=VECTOR('',#6976,1.);
#945=VECTOR('',#6979,1.);
#946=VECTOR('',#6980,1.);
#947=VECTOR('',#6981,1.);
#948=VECTOR('',#6982,1.);
#949=VECTOR('',#6983,1.);
#950=VECTOR('',#6990,1.);
#951=VECTOR('',#6993,1.);
#952=VECTOR('',#6994,1.);
#953=VECTOR('',#6995,1.);
#954=VECTOR('',#6998,1.);
#955=VECTOR('',#6999,1.);
#956=VECTOR('',#7000,1.);
#957=VECTOR('',#7003,1.);
#958=VECTOR('',#7004,1.);
#959=VECTOR('',#7009,1.);
#960=VECTOR('',#7010,1.);
#961=VECTOR('',#7011,1.);
#962=VECTOR('',#7012,1.);
#963=VECTOR('',#7013,1.);
#964=VECTOR('',#7014,1.);
#965=VECTOR('',#7015,1.);
#966=VECTOR('',#7016,1.);
#967=VECTOR('',#7017,1.);
#968=VECTOR('',#7018,1.);
#969=VECTOR('',#7019,1.);
#970=VECTOR('',#7020,1.);
#971=VECTOR('',#7023,1.);
#972=VECTOR('',#7024,1.);
#973=VECTOR('',#7025,1.);
#974=VECTOR('',#7026,1.);
#975=VECTOR('',#7027,1.);
#976=VECTOR('',#7028,1.);
#977=VECTOR('',#7029,1.);
#978=VECTOR('',#7030,1.);
#979=VECTOR('',#7031,1.);
#980=VECTOR('',#7032,1.);
#981=VECTOR('',#7033,1.);
#982=VECTOR('',#7034,1.);
#983=VECTOR('',#7035,1.);
#984=VECTOR('',#7036,1.);
#985=VECTOR('',#7037,1.);
#986=VECTOR('',#7038,1.);
#987=VECTOR('',#7041,1.);
#988=VECTOR('',#7042,1.);
#989=VECTOR('',#7043,1.);
#990=VECTOR('',#7044,1.);
#991=VECTOR('',#7045,1.);
#992=VECTOR('',#7046,1.);
#993=VECTOR('',#7047,1.);
#994=VECTOR('',#7048,1.);
#995=VECTOR('',#7049,1.);
#996=VECTOR('',#7064,1.);
#997=VECTOR('',#7075,1.);
#998=VECTOR('',#7076,1.);
#999=VECTOR('',#7077,1.);
#1000=VECTOR('',#7078,1.);
#1001=VECTOR('',#7079,1.);
#1002=VECTOR('',#7080,1.);
#1003=VECTOR('',#7081,1.);
#1004=VECTOR('',#7082,1.);
#1005=VECTOR('',#7099,1.);
#1006=VECTOR('',#7100,1.);
#1007=VECTOR('',#7101,1.);
#1008=VECTOR('',#7102,1.);
#1009=VECTOR('',#7103,1.);
#1010=VECTOR('',#7104,1.);
#1011=VECTOR('',#7105,1.);
#1012=VECTOR('',#7106,1.);
#1013=VECTOR('',#7107,1.);
#1014=VECTOR('',#7108,1.);
#1015=VECTOR('',#7109,1.);
#1016=VECTOR('',#7110,1.);
#1017=VECTOR('',#7111,1.);
#1018=VECTOR('',#7112,1.);
#1019=VECTOR('',#7113,1.);
#1020=VECTOR('',#7114,1.);
#1021=VECTOR('',#7115,1.);
#1022=VECTOR('',#7116,1.);
#1023=VECTOR('',#7133,1.);
#1024=VECTOR('',#7144,1.);
#1025=VECTOR('',#7145,1.);
#1026=VECTOR('',#7146,1.);
#1027=VECTOR('',#7147,1.);
#1028=VECTOR('',#7148,1.);
#1029=VECTOR('',#7149,1.);
#1030=VECTOR('',#7150,1.);
#1031=VECTOR('',#7151,1.);
#1032=VECTOR('',#7152,1.);
#1033=VECTOR('',#7153,1.);
#1034=VECTOR('',#7154,1.);
#1035=VECTOR('',#7155,1.);
#1036=VECTOR('',#7156,1.);
#1037=VECTOR('',#7157,1.);
#1038=VECTOR('',#7158,1.);
#1039=VECTOR('',#7159,1.);
#1040=VECTOR('',#7160,1.);
#1041=VECTOR('',#7161,1.);
#1042=VECTOR('',#7162,1.);
#1043=VECTOR('',#7163,1.);
#1044=VECTOR('',#7164,1.);
#1045=VECTOR('',#7165,1.);
#1046=VECTOR('',#7166,1.);
#1047=VECTOR('',#7167,1.);
#1048=VECTOR('',#7170,1.);
#1049=VECTOR('',#7171,1.);
#1050=VECTOR('',#7172,1.);
#1051=VECTOR('',#7175,1.);
#1052=VECTOR('',#7176,1.);
#1053=VECTOR('',#7179,1.);
#1054=VECTOR('',#7180,1.);
#1055=VECTOR('',#7183,1.);
#1056=VECTOR('',#7184,1.);
#1057=VECTOR('',#7187,1.);
#1058=VECTOR('',#7188,1.);
#1059=VECTOR('',#7191,1.);
#1060=VECTOR('',#7192,1.);
#1061=VECTOR('',#7195,1.);
#1062=VECTOR('',#7196,1.);
#1063=VECTOR('',#7199,1.);
#1064=VECTOR('',#7204,1.);
#1065=VECTOR('',#7205,1.);
#1066=VECTOR('',#7206,1.);
#1067=VECTOR('',#7209,1.);
#1068=VECTOR('',#7210,1.);
#1069=VECTOR('',#7213,1.);
#1070=VECTOR('',#7214,1.);
#1071=VECTOR('',#7217,1.);
#1072=VECTOR('',#7218,1.);
#1073=VECTOR('',#7221,1.);
#1074=VECTOR('',#7222,1.);
#1075=VECTOR('',#7225,1.);
#1076=VECTOR('',#7226,1.);
#1077=VECTOR('',#7229,1.);
#1078=VECTOR('',#7230,1.);
#1079=VECTOR('',#7233,1.);
#1080=VECTOR('',#7234,1.);
#1081=VECTOR('',#7237,1.);
#1082=VECTOR('',#7238,1.);
#1083=VECTOR('',#7241,1.);
#1084=VECTOR('',#7242,1.);
#1085=VECTOR('',#7245,1.);
#1086=VECTOR('',#7246,1.);
#1087=VECTOR('',#7249,1.);
#1088=VECTOR('',#7254,1.);
#1089=VECTOR('',#7255,1.);
#1090=VECTOR('',#7256,1.);
#1091=VECTOR('',#7259,1.);
#1092=VECTOR('',#7260,1.);
#1093=VECTOR('',#7263,1.);
#1094=VECTOR('',#7264,1.);
#1095=VECTOR('',#7267,1.);
#1096=VECTOR('',#7270,1.);
#1097=VECTOR('',#7289,1.);
#1098=VECTOR('',#7294,1.);
#1099=VECTOR('',#7295,1.);
#1100=VECTOR('',#7304,1.);
#1101=VECTOR('',#7313,1.);
#1102=VECTOR('',#7322,1.);
#1103=VECTOR('',#7327,1.);
#1104=VECTOR('',#7330,1.);
#1105=VECTOR('',#7331,1.);
#1106=VECTOR('',#7332,1.);
#1107=VECTOR('',#7333,1.);
#1108=VECTOR('',#7334,1.);
#1109=VECTOR('',#7335,1.);
#1110=VECTOR('',#7340,1.);
#1111=VECTOR('',#7341,1.);
#1112=VECTOR('',#7342,1.);
#1113=VECTOR('',#7345,1.);
#1114=VECTOR('',#7346,1.);
#1115=VECTOR('',#7349,1.);
#1116=VECTOR('',#7350,1.);
#1117=VECTOR('',#7353,1.);
#1118=VECTOR('',#7354,1.);
#1119=VECTOR('',#7357,1.);
#1120=VECTOR('',#7358,1.);
#1121=VECTOR('',#7361,1.);
#1122=VECTOR('',#7362,1.);
#1123=VECTOR('',#7365,1.);
#1124=VECTOR('',#7366,1.);
#1125=VECTOR('',#7375,1.);
#1126=VECTOR('',#7376,1.);
#1127=VECTOR('',#7377,1.);
#1128=VECTOR('',#7380,1.);
#1129=VECTOR('',#7381,1.);
#1130=VECTOR('',#7382,1.);
#1131=VECTOR('',#7385,1.);
#1132=VECTOR('',#7392,1.);
#1133=VECTOR('',#7393,1.);
#1134=VECTOR('',#7492,1.);
#1135=VECTOR('',#7495,1.);
#1136=VECTOR('',#7496,1.);
#1137=VECTOR('',#7497,1.);
#1138=VECTOR('',#7498,1.);
#1139=VECTOR('',#7499,1.);
#1140=VECTOR('',#7500,1.);
#1141=VECTOR('',#7501,1.);
#1142=VECTOR('',#7502,1.);
#1143=VECTOR('',#7503,1.);
#1144=VECTOR('',#7506,1.);
#1145=VECTOR('',#7507,1.);
#1146=VECTOR('',#7508,1.);
#1147=VECTOR('',#7511,1.);
#1148=VECTOR('',#7518,1.);
#1149=VECTOR('',#7521,1.);
#1150=VECTOR('',#7524,1.);
#1151=VECTOR('',#7527,1.);
#1152=VECTOR('',#7530,1.);
#1153=VECTOR('',#7533,1.);
#1154=VECTOR('',#7538,1.);
#1155=VECTOR('',#7539,1.);
#1156=VECTOR('',#7540,1.);
#1157=VECTOR('',#7541,1.);
#1158=VECTOR('',#7542,1.);
#1159=VECTOR('',#7543,1.);
#1160=VECTOR('',#7544,1.);
#1161=VECTOR('',#7545,1.);
#1162=VECTOR('',#7546,1.);
#1163=VECTOR('',#7549,1.);
#1164=VECTOR('',#7550,1.);
#1165=VECTOR('',#7553,1.);
#1166=VECTOR('',#7556,1.);
#1167=VECTOR('',#7559,1.);
#1168=VECTOR('',#7562,1.);
#1169=VECTOR('',#7565,1.);
#1170=VECTOR('',#7568,1.);
#1171=VECTOR('',#7571,1.);
#1172=VECTOR('',#7586,1.);
#1173=VECTOR('',#7603,1.);
#1174=VECTOR('',#7604,1.);
#1175=VECTOR('',#7605,1.);
#1176=VECTOR('',#7606,1.);
#1177=VECTOR('',#7607,1.);
#1178=VECTOR('',#7608,1.);
#1179=VECTOR('',#7609,1.);
#1180=VECTOR('',#7612,1.);
#1181=VECTOR('',#7617,1.);
#1182=VECTOR('',#7622,1.);
#1183=VECTOR('',#7627,1.);
#1184=VECTOR('',#7632,1.);
#1185=VECTOR('',#7635,1.);
#1186=VECTOR('',#7650,1.);
#1187=VECTOR('',#7653,1.);
#1188=VECTOR('',#7654,1.);
#1189=VECTOR('',#7655,1.);
#1190=VECTOR('',#7656,1.);
#1191=VECTOR('',#7657,1.);
#1192=VECTOR('',#7658,1.);
#1193=VECTOR('',#7659,1.);
#1194=VECTOR('',#7660,1.);
#1195=VECTOR('',#7661,1.);
#1196=VECTOR('',#7664,1.);
#1197=VECTOR('',#7665,1.);
#1198=VECTOR('',#7666,1.);
#1199=VECTOR('',#7669,1.);
#1200=VECTOR('',#7676,1.);
#1201=VECTOR('',#7679,1.);
#1202=VECTOR('',#7682,1.);
#1203=VECTOR('',#7685,1.);
#1204=VECTOR('',#7688,1.);
#1205=VECTOR('',#7691,1.);
#1206=VECTOR('',#7696,1.);
#1207=VECTOR('',#7697,1.);
#1208=VECTOR('',#7698,1.);
#1209=VECTOR('',#7703,1.);
#1210=VECTOR('',#7704,1.);
#1211=VECTOR('',#7705,1.);
#1212=VECTOR('',#7706,1.);
#1213=VECTOR('',#7707,1.);
#1214=VECTOR('',#7708,1.);
#1215=VECTOR('',#7709,1.);
#1216=VECTOR('',#7710,1.);
#1217=VECTOR('',#7711,1.);
#1218=VECTOR('',#7712,1.);
#1219=VECTOR('',#7713,1.);
#1220=VECTOR('',#7714,1.);
#1221=VECTOR('',#7715,1.);
#1222=VECTOR('',#7718,1.);
#1223=VECTOR('',#7719,1.);
#1224=VECTOR('',#7722,1.);
#1225=VECTOR('',#7725,1.);
#1226=VECTOR('',#7728,1.);
#1227=VECTOR('',#7729,1.);
#1228=VECTOR('',#7732,1.);
#1229=VECTOR('',#7735,1.);
#1230=VECTOR('',#7738,1.);
#1231=VECTOR('',#7741,1.);
#1232=VECTOR('',#7744,1.);
#1233=VECTOR('',#7747,1.);
#1234=VECTOR('',#7750,1.);
#1235=VECTOR('',#7753,1.);
#1236=VECTOR('',#7756,1.);
#1237=VECTOR('',#7759,1.);
#1238=VECTOR('',#7766,1.);
#1239=VECTOR('',#7771,1.);
#1240=VECTOR('',#7772,1.);
#1241=VECTOR('',#7773,1.);
#1242=VECTOR('',#7774,1.);
#1243=VECTOR('',#7775,1.);
#1244=VECTOR('',#7776,1.);
#1245=VECTOR('',#7777,1.);
#1246=VECTOR('',#7778,1.);
#1247=VECTOR('',#7779,1.);
#1248=VECTOR('',#7780,1.);
#1249=VECTOR('',#7781,1.);
#1250=VECTOR('',#7782,1.);
#1251=VECTOR('',#7785,1.);
#1252=VECTOR('',#7786,1.);
#1253=VECTOR('',#7789,1.);
#1254=VECTOR('',#7792,1.);
#1255=VECTOR('',#7795,1.);
#1256=VECTOR('',#7798,1.);
#1257=VECTOR('',#7801,1.);
#1258=VECTOR('',#7804,1.);
#1259=VECTOR('',#7807,1.);
#1260=VECTOR('',#7810,1.);
#1261=VECTOR('',#7813,1.);
#1262=VECTOR('',#7816,1.);
#1263=CONTEXT_DEPENDENT_SHAPE_REPRESENTATION(#1279,#10487);
#1264=CONTEXT_DEPENDENT_SHAPE_REPRESENTATION(#1280,#10488);
#1265=CONTEXT_DEPENDENT_SHAPE_REPRESENTATION(#1281,#10490);
#1266=CONTEXT_DEPENDENT_SHAPE_REPRESENTATION(#1282,#10491);
#1267=CONTEXT_DEPENDENT_SHAPE_REPRESENTATION(#1283,#10492);
#1268=CONTEXT_DEPENDENT_SHAPE_REPRESENTATION(#1284,#10494);
#1269=CONTEXT_DEPENDENT_SHAPE_REPRESENTATION(#1285,#10495);
#1270=CONTEXT_DEPENDENT_SHAPE_REPRESENTATION(#1286,#10496);
#1271=NEXT_ASSEMBLY_USAGE_OCCURRENCE('NAUO1','Part 1','Part 1',#10497,#10498,
'');
#1272=NEXT_ASSEMBLY_USAGE_OCCURRENCE('NAUO2','Part 1','Part 1',#10497,#10498,
'');
#1273=NEXT_ASSEMBLY_USAGE_OCCURRENCE('NAUO3','Part 1','Part 1',#10497,#10499,
'');
#1274=NEXT_ASSEMBLY_USAGE_OCCURRENCE('NAUO4','Part 1','Part 1',#10497,#10498,
'');
#1275=NEXT_ASSEMBLY_USAGE_OCCURRENCE('NAUO5','Part 1','Part 1',#10497,#10498,
'');
#1276=NEXT_ASSEMBLY_USAGE_OCCURRENCE('NAUO6','Part 1','Part 1',#10497,#10500,
'');
#1277=NEXT_ASSEMBLY_USAGE_OCCURRENCE('NAUO7','Part 1','Part 1',#10497,#10498,
'');
#1278=NEXT_ASSEMBLY_USAGE_OCCURRENCE('NAUO8','Part 1','Part 1',#10497,#10498,
'');
#1279=(
REPRESENTATION_RELATIONSHIP(' ',' ',#6099,#6098)
REPRESENTATION_RELATIONSHIP_WITH_TRANSFORMATION(#1287)
SHAPE_REPRESENTATION_RELATIONSHIP()
);
#1280=(
REPRESENTATION_RELATIONSHIP(' ',' ',#6099,#6098)
REPRESENTATION_RELATIONSHIP_WITH_TRANSFORMATION(#1288)
SHAPE_REPRESENTATION_RELATIONSHIP()
);
#1281=(
REPRESENTATION_RELATIONSHIP(' ',' ',#6100,#6098)
REPRESENTATION_RELATIONSHIP_WITH_TRANSFORMATION(#1289)
SHAPE_REPRESENTATION_RELATIONSHIP()
);
#1282=(
REPRESENTATION_RELATIONSHIP(' ',' ',#6099,#6098)
REPRESENTATION_RELATIONSHIP_WITH_TRANSFORMATION(#1290)
SHAPE_REPRESENTATION_RELATIONSHIP()
);
#1283=(
REPRESENTATION_RELATIONSHIP(' ',' ',#6099,#6098)
REPRESENTATION_RELATIONSHIP_WITH_TRANSFORMATION(#1291)
SHAPE_REPRESENTATION_RELATIONSHIP()
);
#1284=(
REPRESENTATION_RELATIONSHIP(' ',' ',#6101,#6098)
REPRESENTATION_RELATIONSHIP_WITH_TRANSFORMATION(#1292)
SHAPE_REPRESENTATION_RELATIONSHIP()
);
#1285=(
REPRESENTATION_RELATIONSHIP(' ',' ',#6099,#6098)
REPRESENTATION_RELATIONSHIP_WITH_TRANSFORMATION(#1293)
SHAPE_REPRESENTATION_RELATIONSHIP()
);
#1286=(
REPRESENTATION_RELATIONSHIP(' ',' ',#6099,#6098)
REPRESENTATION_RELATIONSHIP_WITH_TRANSFORMATION(#1294)
SHAPE_REPRESENTATION_RELATIONSHIP()
);
#1287=ITEM_DEFINED_TRANSFORMATION(' ',' ',#6102,#6119);
#1288=ITEM_DEFINED_TRANSFORMATION(' ',' ',#6102,#6120);
#1289=ITEM_DEFINED_TRANSFORMATION(' ',' ',#6102,#6465);
#1290=ITEM_DEFINED_TRANSFORMATION(' ',' ',#6102,#6466);
#1291=ITEM_DEFINED_TRANSFORMATION(' ',' ',#6102,#6467);
#1292=ITEM_DEFINED_TRANSFORMATION(' ',' ',#6102,#6574);
#1293=ITEM_DEFINED_TRANSFORMATION(' ',' ',#6102,#6575);
#1294=ITEM_DEFINED_TRANSFORMATION(' ',' ',#6102,#6576);
#1295=SHAPE_REPRESENTATION_RELATIONSHIP('','',#6099,#1298);
#1296=SHAPE_REPRESENTATION_RELATIONSHIP('','',#6100,#1299);
#1297=SHAPE_REPRESENTATION_RELATIONSHIP('','',#6101,#1300);
#1298=ADVANCED_BREP_SHAPE_REPRESENTATION('',(#6091),#10475);
#1299=ADVANCED_BREP_SHAPE_REPRESENTATION('',(#6092),#10476);
#1300=ADVANCED_BREP_SHAPE_REPRESENTATION('',(#6093),#10477);
#1301=PLANE('',#6106);
#1302=PLANE('',#6108);
#1303=PLANE('',#6117);
#1304=PLANE('',#6118);
#1305=PLANE('',#6121);
#1306=PLANE('',#6122);
#1307=PLANE('',#6123);
#1308=PLANE('',#6124);
#1309=PLANE('',#6125);
#1310=PLANE('',#6126);
#1311=PLANE('',#6127);
#1312=PLANE('',#6128);
#1313=PLANE('',#6129);
#1314=PLANE('',#6130);
#1315=PLANE('',#6131);
#1316=PLANE('',#6132);
#1317=PLANE('',#6133);
#1318=PLANE('',#6134);
#1319=PLANE('',#6135);
#1320=PLANE('',#6136);
#1321=PLANE('',#6137);
#1322=PLANE('',#6138);
#1323=PLANE('',#6139);
#1324=PLANE('',#6143);
#1325=PLANE('',#6144);
#1326=PLANE('',#6145);
#1327=PLANE('',#6146);
#1328=PLANE('',#6147);
#1329=PLANE('',#6149);
#1330=PLANE('',#6153);
#1331=PLANE('',#6154);
#1332=PLANE('',#6155);
#1333=PLANE('',#6156);
#1334=PLANE('',#6157);
#1335=PLANE('',#6158);
#1336=PLANE('',#6159);
#1337=PLANE('',#6160);
#1338=PLANE('',#6161);
#1339=PLANE('',#6162);
#1340=PLANE('',#6163);
#1341=PLANE('',#6164);
#1342=PLANE('',#6165);
#1343=PLANE('',#6166);
#1344=PLANE('',#6167);
#1345=PLANE('',#6168);
#1346=PLANE('',#6169);
#1347=PLANE('',#6170);
#1348=PLANE('',#6171);
#1349=PLANE('',#6172);
#1350=PLANE('',#6173);
#1351=PLANE('',#6174);
#1352=PLANE('',#6175);
#1353=PLANE('',#6176);
#1354=PLANE('',#6177);
#1355=PLANE('',#6178);
#1356=PLANE('',#6179);
#1357=PLANE('',#6180);
#1358=PLANE('',#6181);
#1359=PLANE('',#6182);
#1360=PLANE('',#6183);
#1361=PLANE('',#6184);
#1362=PLANE('',#6185);
#1363=PLANE('',#6186);
#1364=PLANE('',#6187);
#1365=PLANE('',#6191);
#1366=PLANE('',#6192);
#1367=PLANE('',#6193);
#1368=PLANE('',#6194);
#1369=PLANE('',#6195);
#1370=PLANE('',#6196);
#1371=PLANE('',#6197);
#1372=PLANE('',#6198);
#1373=PLANE('',#6199);
#1374=PLANE('',#6200);
#1375=PLANE('',#6201);
#1376=PLANE('',#6202);
#1377=PLANE('',#6206);
#1378=PLANE('',#6207);
#1379=PLANE('',#6208);
#1380=PLANE('',#6209);
#1381=PLANE('',#6210);
#1382=PLANE('',#6246);
#1383=PLANE('',#6247);
#1384=PLANE('',#6248);
#1385=PLANE('',#6249);
#1386=PLANE('',#6250);
#1387=PLANE('',#6251);
#1388=PLANE('',#6252);
#1389=PLANE('',#6253);
#1390=PLANE('',#6254);
#1391=PLANE('',#6255);
#1392=PLANE('',#6256);
#1393=PLANE('',#6257);
#1394=PLANE('',#6258);
#1395=PLANE('',#6259);
#1396=PLANE('',#6260);
#1397=PLANE('',#6261);
#1398=PLANE('',#6262);
#1399=PLANE('',#6263);
#1400=PLANE('',#6264);
#1401=PLANE('',#6265);
#1402=PLANE('',#6266);
#1403=PLANE('',#6267);
#1404=PLANE('',#6268);
#1405=PLANE('',#6269);
#1406=PLANE('',#6270);
#1407=PLANE('',#6271);
#1408=PLANE('',#6272);
#1409=PLANE('',#6283);
#1410=PLANE('',#6298);
#1411=PLANE('',#6299);
#1412=PLANE('',#6300);
#1413=PLANE('',#6301);
#1414=PLANE('',#6302);
#1415=PLANE('',#6303);
#1416=PLANE('',#6304);
#1417=PLANE('',#6305);
#1418=PLANE('',#6306);
#1419=PLANE('',#6310);
#1420=PLANE('',#6311);
#1421=PLANE('',#6312);
#1422=PLANE('',#6313);
#1423=PLANE('',#6314);
#1424=PLANE('',#6319);
#1425=PLANE('',#6323);
#1426=PLANE('',#6327);
#1427=PLANE('',#6331);
#1428=PLANE('',#6335);
#1429=PLANE('',#6339);
#1430=PLANE('',#6343);
#1431=PLANE('',#6349);
#1432=PLANE('',#6351);
#1433=PLANE('',#6354);
#1434=PLANE('',#6364);
#1435=PLANE('',#6366);
#1436=PLANE('',#6367);
#1437=PLANE('',#6368);
#1438=PLANE('',#6370);
#1439=PLANE('',#6371);
#1440=PLANE('',#6372);
#1441=PLANE('',#6373);
#1442=PLANE('',#6374);
#1443=PLANE('',#6375);
#1444=PLANE('',#6376);
#1445=PLANE('',#6377);
#1446=PLANE('',#6378);
#1447=PLANE('',#6379);
#1448=PLANE('',#6380);
#1449=PLANE('',#6381);
#1450=PLANE('',#6382);
#1451=PLANE('',#6383);
#1452=PLANE('',#6384);
#1453=PLANE('',#6385);
#1454=PLANE('',#6386);
#1455=PLANE('',#6387);
#1456=PLANE('',#6401);
#1457=PLANE('',#6410);
#1458=PLANE('',#6416);
#1459=PLANE('',#6417);
#1460=PLANE('',#6419);
#1461=PLANE('',#6420);
#1462=PLANE('',#6421);
#1463=PLANE('',#6423);
#1464=PLANE('',#6424);
#1465=PLANE('',#6425);
#1466=PLANE('',#6426);
#1467=PLANE('',#6427);
#1468=PLANE('',#6428);
#1469=PLANE('',#6429);
#1470=PLANE('',#6430);
#1471=PLANE('',#6433);
#1472=PLANE('',#6434);
#1473=PLANE('',#6435);
#1474=PLANE('',#6436);
#1475=PLANE('',#6437);
#1476=PLANE('',#6438);
#1477=PLANE('',#6439);
#1478=PLANE('',#6440);
#1479=PLANE('',#6441);
#1480=PLANE('',#6442);
#1481=PLANE('',#6443);
#1482=PLANE('',#6444);
#1483=PLANE('',#6445);
#1484=PLANE('',#6446);
#1485=PLANE('',#6447);
#1486=PLANE('',#6450);
#1487=PLANE('',#6451);
#1488=PLANE('',#6452);
#1489=PLANE('',#6453);
#1490=PLANE('',#6454);
#1491=PLANE('',#6455);
#1492=PLANE('',#6456);
#1493=PLANE('',#6457);
#1494=PLANE('',#6458);
#1495=PLANE('',#6459);
#1496=PLANE('',#6460);
#1497=PLANE('',#6461);
#1498=PLANE('',#6462);
#1499=PLANE('',#6463);
#1500=PLANE('',#6464);
#1501=PLANE('',#6471);
#1502=PLANE('',#6481);
#1503=PLANE('',#6497);
#1504=PLANE('',#6501);
#1505=PLANE('',#6505);
#1506=PLANE('',#6509);
#1507=PLANE('',#6513);
#1508=PLANE('',#6517);
#1509=PLANE('',#6521);
#1510=PLANE('',#6525);
#1511=PLANE('',#6529);
#1512=PLANE('',#6533);
#1513=PLANE('',#6537);
#1514=PLANE('',#6541);
#1515=PLANE('',#6545);
#1516=PLANE('',#6549);
#1517=PLANE('',#6553);
#1518=PLANE('',#6557);
#1519=ORIENTED_EDGE('',*,*,#3155,.F.);
#1520=ORIENTED_EDGE('',*,*,#3156,.T.);
#1521=ORIENTED_EDGE('',*,*,#3157,.F.);
#1522=ORIENTED_EDGE('',*,*,#3155,.T.);
#1523=ORIENTED_EDGE('',*,*,#3158,.T.);
#1524=ORIENTED_EDGE('',*,*,#3156,.F.);
#1525=ORIENTED_EDGE('',*,*,#3158,.F.);
#1526=ORIENTED_EDGE('',*,*,#3159,.T.);
#1527=ORIENTED_EDGE('',*,*,#3160,.F.);
#1528=ORIENTED_EDGE('',*,*,#3157,.T.);
#1529=ORIENTED_EDGE('',*,*,#3161,.F.);
#1530=ORIENTED_EDGE('',*,*,#3162,.T.);
#1531=ORIENTED_EDGE('',*,*,#3159,.F.);
#1532=ORIENTED_EDGE('',*,*,#3161,.T.);
#1533=ORIENTED_EDGE('',*,*,#3160,.T.);
#1534=ORIENTED_EDGE('',*,*,#3162,.F.);
#1535=ORIENTED_EDGE('',*,*,#3163,.F.);
#1536=ORIENTED_EDGE('',*,*,#3164,.F.);
#1537=ORIENTED_EDGE('',*,*,#3165,.T.);
#1538=ORIENTED_EDGE('',*,*,#3166,.T.);
#1539=ORIENTED_EDGE('',*,*,#3165,.F.);
#1540=ORIENTED_EDGE('',*,*,#3167,.F.);
#1541=ORIENTED_EDGE('',*,*,#3168,.T.);
#1542=ORIENTED_EDGE('',*,*,#3169,.T.);
#1543=ORIENTED_EDGE('',*,*,#3168,.F.);
#1544=ORIENTED_EDGE('',*,*,#3170,.F.);
#1545=ORIENTED_EDGE('',*,*,#3171,.T.);
#1546=ORIENTED_EDGE('',*,*,#3172,.T.);
#1547=ORIENTED_EDGE('',*,*,#3173,.F.);
#1548=ORIENTED_EDGE('',*,*,#3163,.T.);
#1549=ORIENTED_EDGE('',*,*,#3174,.T.);
#1550=ORIENTED_EDGE('',*,*,#3171,.F.);
#1551=ORIENTED_EDGE('',*,*,#3172,.F.);
#1552=ORIENTED_EDGE('',*,*,#3174,.F.);
#1553=ORIENTED_EDGE('',*,*,#3166,.F.);
#1554=ORIENTED_EDGE('',*,*,#3169,.F.);
#1555=ORIENTED_EDGE('',*,*,#3175,.F.);
#1556=ORIENTED_EDGE('',*,*,#3176,.F.);
#1557=ORIENTED_EDGE('',*,*,#3177,.T.);
#1558=ORIENTED_EDGE('',*,*,#3178,.T.);
#1559=ORIENTED_EDGE('',*,*,#3177,.F.);
#1560=ORIENTED_EDGE('',*,*,#3179,.F.);
#1561=ORIENTED_EDGE('',*,*,#3180,.T.);
#1562=ORIENTED_EDGE('',*,*,#3181,.T.);
#1563=ORIENTED_EDGE('',*,*,#3180,.F.);
#1564=ORIENTED_EDGE('',*,*,#3182,.F.);
#1565=ORIENTED_EDGE('',*,*,#3183,.T.);
#1566=ORIENTED_EDGE('',*,*,#3184,.T.);
#1567=ORIENTED_EDGE('',*,*,#3183,.F.);
#1568=ORIENTED_EDGE('',*,*,#3185,.F.);
#1569=ORIENTED_EDGE('',*,*,#3186,.T.);
#1570=ORIENTED_EDGE('',*,*,#3187,.T.);
#1571=ORIENTED_EDGE('',*,*,#3186,.F.);
#1572=ORIENTED_EDGE('',*,*,#3188,.F.);
#1573=ORIENTED_EDGE('',*,*,#3189,.T.);
#1574=ORIENTED_EDGE('',*,*,#3190,.T.);
#1575=ORIENTED_EDGE('',*,*,#3191,.F.);
#1576=ORIENTED_EDGE('',*,*,#3175,.T.);
#1577=ORIENTED_EDGE('',*,*,#3192,.T.);
#1578=ORIENTED_EDGE('',*,*,#3189,.F.);
#1579=ORIENTED_EDGE('',*,*,#3190,.F.);
#1580=ORIENTED_EDGE('',*,*,#3192,.F.);
#1581=ORIENTED_EDGE('',*,*,#3178,.F.);
#1582=ORIENTED_EDGE('',*,*,#3181,.F.);
#1583=ORIENTED_EDGE('',*,*,#3184,.F.);
#1584=ORIENTED_EDGE('',*,*,#3187,.F.);
#1585=ORIENTED_EDGE('',*,*,#3193,.F.);
#1586=ORIENTED_EDGE('',*,*,#3194,.F.);
#1587=ORIENTED_EDGE('',*,*,#3195,.T.);
#1588=ORIENTED_EDGE('',*,*,#3196,.T.);
#1589=ORIENTED_EDGE('',*,*,#3195,.F.);
#1590=ORIENTED_EDGE('',*,*,#3197,.F.);
#1591=ORIENTED_EDGE('',*,*,#3198,.T.);
#1592=ORIENTED_EDGE('',*,*,#3199,.T.);
#1593=ORIENTED_EDGE('',*,*,#3198,.F.);
#1594=ORIENTED_EDGE('',*,*,#3200,.F.);
#1595=ORIENTED_EDGE('',*,*,#3201,.T.);
#1596=ORIENTED_EDGE('',*,*,#3202,.T.);
#1597=ORIENTED_EDGE('',*,*,#3201,.F.);
#1598=ORIENTED_EDGE('',*,*,#3203,.F.);
#1599=ORIENTED_EDGE('',*,*,#3204,.T.);
#1600=ORIENTED_EDGE('',*,*,#3205,.T.);
#1601=ORIENTED_EDGE('',*,*,#3204,.F.);
#1602=ORIENTED_EDGE('',*,*,#3206,.F.);
#1603=ORIENTED_EDGE('',*,*,#3207,.T.);
#1604=ORIENTED_EDGE('',*,*,#3208,.T.);
#1605=ORIENTED_EDGE('',*,*,#3207,.F.);
#1606=ORIENTED_EDGE('',*,*,#3209,.F.);
#1607=ORIENTED_EDGE('',*,*,#3210,.T.);
#1608=ORIENTED_EDGE('',*,*,#3211,.T.);
#1609=ORIENTED_EDGE('',*,*,#3210,.F.);
#1610=ORIENTED_EDGE('',*,*,#3212,.F.);
#1611=ORIENTED_EDGE('',*,*,#3213,.T.);
#1612=ORIENTED_EDGE('',*,*,#3214,.T.);
#1613=ORIENTED_EDGE('',*,*,#3215,.F.);
#1614=ORIENTED_EDGE('',*,*,#3216,.F.);
#1615=ORIENTED_EDGE('',*,*,#3217,.T.);
#1616=ORIENTED_EDGE('',*,*,#3218,.T.);
#1617=ORIENTED_EDGE('',*,*,#3217,.F.);
#1618=ORIENTED_EDGE('',*,*,#3219,.F.);
#1619=ORIENTED_EDGE('',*,*,#3220,.T.);
#1620=ORIENTED_EDGE('',*,*,#3221,.T.);
#1621=ORIENTED_EDGE('',*,*,#3220,.F.);
#1622=ORIENTED_EDGE('',*,*,#3222,.F.);
#1623=ORIENTED_EDGE('',*,*,#3223,.T.);
#1624=ORIENTED_EDGE('',*,*,#3224,.T.);
#1625=ORIENTED_EDGE('',*,*,#3225,.F.);
#1626=ORIENTED_EDGE('',*,*,#3215,.T.);
#1627=ORIENTED_EDGE('',*,*,#3226,.T.);
#1628=ORIENTED_EDGE('',*,*,#3223,.F.);
#1629=ORIENTED_EDGE('',*,*,#3227,.F.);
#1630=ORIENTED_EDGE('',*,*,#3193,.T.);
#1631=ORIENTED_EDGE('',*,*,#3228,.T.);
#1632=ORIENTED_EDGE('',*,*,#3213,.F.);
#1633=ORIENTED_EDGE('',*,*,#3224,.F.);
#1634=ORIENTED_EDGE('',*,*,#3226,.F.);
#1635=ORIENTED_EDGE('',*,*,#3218,.F.);
#1636=ORIENTED_EDGE('',*,*,#3221,.F.);
#1637=ORIENTED_EDGE('',*,*,#3214,.F.);
#1638=ORIENTED_EDGE('',*,*,#3228,.F.);
#1639=ORIENTED_EDGE('',*,*,#3196,.F.);
#1640=ORIENTED_EDGE('',*,*,#3199,.F.);
#1641=ORIENTED_EDGE('',*,*,#3202,.F.);
#1642=ORIENTED_EDGE('',*,*,#3205,.F.);
#1643=ORIENTED_EDGE('',*,*,#3208,.F.);
#1644=ORIENTED_EDGE('',*,*,#3211,.F.);
#1645=ORIENTED_EDGE('',*,*,#3229,.T.);
#1646=ORIENTED_EDGE('',*,*,#3230,.T.);
#1647=ORIENTED_EDGE('',*,*,#3231,.T.);
#1648=ORIENTED_EDGE('',*,*,#3232,.T.);
#1649=ORIENTED_EDGE('',*,*,#3233,.F.);
#1650=ORIENTED_EDGE('',*,*,#3234,.F.);
#1651=ORIENTED_EDGE('',*,*,#3235,.T.);
#1652=ORIENTED_EDGE('',*,*,#3236,.T.);
#1653=ORIENTED_EDGE('',*,*,#3235,.F.);
#1654=ORIENTED_EDGE('',*,*,#3237,.F.);
#1655=ORIENTED_EDGE('',*,*,#3238,.T.);
#1656=ORIENTED_EDGE('',*,*,#3239,.T.);
#1657=ORIENTED_EDGE('',*,*,#3238,.F.);
#1658=ORIENTED_EDGE('',*,*,#3240,.F.);
#1659=ORIENTED_EDGE('',*,*,#3241,.T.);
#1660=ORIENTED_EDGE('',*,*,#3242,.T.);
#1661=ORIENTED_EDGE('',*,*,#3241,.F.);
#1662=ORIENTED_EDGE('',*,*,#3243,.F.);
#1663=ORIENTED_EDGE('',*,*,#3244,.T.);
#1664=ORIENTED_EDGE('',*,*,#3245,.T.);
#1665=ORIENTED_EDGE('',*,*,#3244,.F.);
#1666=ORIENTED_EDGE('',*,*,#3246,.F.);
#1667=ORIENTED_EDGE('',*,*,#3247,.T.);
#1668=ORIENTED_EDGE('',*,*,#3248,.T.);
#1669=ORIENTED_EDGE('',*,*,#3247,.F.);
#1670=ORIENTED_EDGE('',*,*,#3249,.F.);
#1671=ORIENTED_EDGE('',*,*,#3250,.T.);
#1672=ORIENTED_EDGE('',*,*,#3251,.T.);
#1673=ORIENTED_EDGE('',*,*,#3250,.F.);
#1674=ORIENTED_EDGE('',*,*,#3252,.F.);
#1675=ORIENTED_EDGE('',*,*,#3253,.T.);
#1676=ORIENTED_EDGE('',*,*,#3254,.T.);
#1677=ORIENTED_EDGE('',*,*,#3253,.F.);
#1678=ORIENTED_EDGE('',*,*,#3255,.F.);
#1679=ORIENTED_EDGE('',*,*,#3256,.T.);
#1680=ORIENTED_EDGE('',*,*,#3257,.T.);
#1681=ORIENTED_EDGE('',*,*,#3256,.F.);
#1682=ORIENTED_EDGE('',*,*,#3258,.F.);
#1683=ORIENTED_EDGE('',*,*,#3259,.T.);
#1684=ORIENTED_EDGE('',*,*,#3260,.T.);
#1685=ORIENTED_EDGE('',*,*,#3259,.F.);
#1686=ORIENTED_EDGE('',*,*,#3261,.F.);
#1687=ORIENTED_EDGE('',*,*,#3262,.T.);
#1688=ORIENTED_EDGE('',*,*,#3263,.T.);
#1689=ORIENTED_EDGE('',*,*,#3262,.F.);
#1690=ORIENTED_EDGE('',*,*,#3264,.F.);
#1691=ORIENTED_EDGE('',*,*,#3265,.T.);
#1692=ORIENTED_EDGE('',*,*,#3266,.T.);
#1693=ORIENTED_EDGE('',*,*,#3265,.F.);
#1694=ORIENTED_EDGE('',*,*,#3267,.F.);
#1695=ORIENTED_EDGE('',*,*,#3268,.T.);
#1696=ORIENTED_EDGE('',*,*,#3269,.T.);
#1697=ORIENTED_EDGE('',*,*,#3268,.F.);
#1698=ORIENTED_EDGE('',*,*,#3270,.F.);
#1699=ORIENTED_EDGE('',*,*,#3271,.T.);
#1700=ORIENTED_EDGE('',*,*,#3272,.T.);
#1701=ORIENTED_EDGE('',*,*,#3273,.F.);
#1702=ORIENTED_EDGE('',*,*,#3233,.T.);
#1703=ORIENTED_EDGE('',*,*,#3274,.T.);
#1704=ORIENTED_EDGE('',*,*,#3271,.F.);
#1705=ORIENTED_EDGE('',*,*,#3272,.F.);
#1706=ORIENTED_EDGE('',*,*,#3274,.F.);
#1707=ORIENTED_EDGE('',*,*,#3236,.F.);
#1708=ORIENTED_EDGE('',*,*,#3239,.F.);
#1709=ORIENTED_EDGE('',*,*,#3242,.F.);
#1710=ORIENTED_EDGE('',*,*,#3245,.F.);
#1711=ORIENTED_EDGE('',*,*,#3248,.F.);
#1712=ORIENTED_EDGE('',*,*,#3251,.F.);
#1713=ORIENTED_EDGE('',*,*,#3254,.F.);
#1714=ORIENTED_EDGE('',*,*,#3257,.F.);
#1715=ORIENTED_EDGE('',*,*,#3260,.F.);
#1716=ORIENTED_EDGE('',*,*,#3263,.F.);
#1717=ORIENTED_EDGE('',*,*,#3266,.F.);
#1718=ORIENTED_EDGE('',*,*,#3269,.F.);
#1719=ORIENTED_EDGE('',*,*,#3275,.F.);
#1720=ORIENTED_EDGE('',*,*,#3276,.F.);
#1721=ORIENTED_EDGE('',*,*,#3277,.T.);
#1722=ORIENTED_EDGE('',*,*,#3278,.T.);
#1723=ORIENTED_EDGE('',*,*,#3277,.F.);
#1724=ORIENTED_EDGE('',*,*,#3279,.F.);
#1725=ORIENTED_EDGE('',*,*,#3280,.T.);
#1726=ORIENTED_EDGE('',*,*,#3281,.T.);
#1727=ORIENTED_EDGE('',*,*,#3280,.F.);
#1728=ORIENTED_EDGE('',*,*,#3282,.F.);
#1729=ORIENTED_EDGE('',*,*,#3283,.T.);
#1730=ORIENTED_EDGE('',*,*,#3284,.T.);
#1731=ORIENTED_EDGE('',*,*,#3285,.F.);
#1732=ORIENTED_EDGE('',*,*,#3275,.T.);
#1733=ORIENTED_EDGE('',*,*,#3286,.T.);
#1734=ORIENTED_EDGE('',*,*,#3283,.F.);
#1735=ORIENTED_EDGE('',*,*,#3284,.F.);
#1736=ORIENTED_EDGE('',*,*,#3286,.F.);
#1737=ORIENTED_EDGE('',*,*,#3278,.F.);
#1738=ORIENTED_EDGE('',*,*,#3281,.F.);
#1739=ORIENTED_EDGE('',*,*,#3287,.F.);
#1740=ORIENTED_EDGE('',*,*,#3288,.F.);
#1741=ORIENTED_EDGE('',*,*,#3289,.T.);
#1742=ORIENTED_EDGE('',*,*,#3290,.T.);
#1743=ORIENTED_EDGE('',*,*,#3289,.F.);
#1744=ORIENTED_EDGE('',*,*,#3291,.F.);
#1745=ORIENTED_EDGE('',*,*,#3292,.T.);
#1746=ORIENTED_EDGE('',*,*,#3293,.T.);
#1747=ORIENTED_EDGE('',*,*,#3292,.F.);
#1748=ORIENTED_EDGE('',*,*,#3294,.F.);
#1749=ORIENTED_EDGE('',*,*,#3295,.T.);
#1750=ORIENTED_EDGE('',*,*,#3296,.T.);
#1751=ORIENTED_EDGE('',*,*,#3295,.F.);
#1752=ORIENTED_EDGE('',*,*,#3297,.F.);
#1753=ORIENTED_EDGE('',*,*,#3298,.T.);
#1754=ORIENTED_EDGE('',*,*,#3299,.T.);
#1755=ORIENTED_EDGE('',*,*,#3298,.F.);
#1756=ORIENTED_EDGE('',*,*,#3300,.F.);
#1757=ORIENTED_EDGE('',*,*,#3301,.T.);
#1758=ORIENTED_EDGE('',*,*,#3302,.T.);
#1759=ORIENTED_EDGE('',*,*,#3301,.F.);
#1760=ORIENTED_EDGE('',*,*,#3303,.F.);
#1761=ORIENTED_EDGE('',*,*,#3304,.T.);
#1762=ORIENTED_EDGE('',*,*,#3305,.T.);
#1763=ORIENTED_EDGE('',*,*,#3304,.F.);
#1764=ORIENTED_EDGE('',*,*,#3306,.F.);
#1765=ORIENTED_EDGE('',*,*,#3307,.T.);
#1766=ORIENTED_EDGE('',*,*,#3308,.T.);
#1767=ORIENTED_EDGE('',*,*,#3307,.F.);
#1768=ORIENTED_EDGE('',*,*,#3309,.F.);
#1769=ORIENTED_EDGE('',*,*,#3310,.T.);
#1770=ORIENTED_EDGE('',*,*,#3311,.T.);
#1771=ORIENTED_EDGE('',*,*,#3310,.F.);
#1772=ORIENTED_EDGE('',*,*,#3312,.F.);
#1773=ORIENTED_EDGE('',*,*,#3313,.T.);
#1774=ORIENTED_EDGE('',*,*,#3314,.T.);
#1775=ORIENTED_EDGE('',*,*,#3313,.F.);
#1776=ORIENTED_EDGE('',*,*,#3315,.F.);
#1777=ORIENTED_EDGE('',*,*,#3316,.T.);
#1778=ORIENTED_EDGE('',*,*,#3317,.T.);
#1779=ORIENTED_EDGE('',*,*,#3316,.F.);
#1780=ORIENTED_EDGE('',*,*,#3318,.F.);
#1781=ORIENTED_EDGE('',*,*,#3319,.T.);
#1782=ORIENTED_EDGE('',*,*,#3320,.T.);
#1783=ORIENTED_EDGE('',*,*,#3319,.F.);
#1784=ORIENTED_EDGE('',*,*,#3321,.F.);
#1785=ORIENTED_EDGE('',*,*,#3322,.T.);
#1786=ORIENTED_EDGE('',*,*,#3323,.T.);
#1787=ORIENTED_EDGE('',*,*,#3324,.F.);
#1788=ORIENTED_EDGE('',*,*,#3287,.T.);
#1789=ORIENTED_EDGE('',*,*,#3325,.T.);
#1790=ORIENTED_EDGE('',*,*,#3322,.F.);
#1791=ORIENTED_EDGE('',*,*,#3323,.F.);
#1792=ORIENTED_EDGE('',*,*,#3325,.F.);
#1793=ORIENTED_EDGE('',*,*,#3290,.F.);
#1794=ORIENTED_EDGE('',*,*,#3293,.F.);
#1795=ORIENTED_EDGE('',*,*,#3296,.F.);
#1796=ORIENTED_EDGE('',*,*,#3299,.F.);
#1797=ORIENTED_EDGE('',*,*,#3302,.F.);
#1798=ORIENTED_EDGE('',*,*,#3305,.F.);
#1799=ORIENTED_EDGE('',*,*,#3308,.F.);
#1800=ORIENTED_EDGE('',*,*,#3311,.F.);
#1801=ORIENTED_EDGE('',*,*,#3314,.F.);
#1802=ORIENTED_EDGE('',*,*,#3317,.F.);
#1803=ORIENTED_EDGE('',*,*,#3320,.F.);
#1804=ORIENTED_EDGE('',*,*,#3326,.F.);
#1805=ORIENTED_EDGE('',*,*,#3327,.F.);
#1806=ORIENTED_EDGE('',*,*,#3328,.T.);
#1807=ORIENTED_EDGE('',*,*,#3329,.T.);
#1808=ORIENTED_EDGE('',*,*,#3328,.F.);
#1809=ORIENTED_EDGE('',*,*,#3330,.F.);
#1810=ORIENTED_EDGE('',*,*,#3331,.T.);
#1811=ORIENTED_EDGE('',*,*,#3332,.T.);
#1812=ORIENTED_EDGE('',*,*,#3331,.F.);
#1813=ORIENTED_EDGE('',*,*,#3333,.F.);
#1814=ORIENTED_EDGE('',*,*,#3334,.T.);
#1815=ORIENTED_EDGE('',*,*,#3335,.T.);
#1816=ORIENTED_EDGE('',*,*,#3334,.F.);
#1817=ORIENTED_EDGE('',*,*,#3336,.F.);
#1818=ORIENTED_EDGE('',*,*,#3337,.T.);
#1819=ORIENTED_EDGE('',*,*,#3338,.T.);
#1820=ORIENTED_EDGE('',*,*,#3337,.F.);
#1821=ORIENTED_EDGE('',*,*,#3339,.F.);
#1822=ORIENTED_EDGE('',*,*,#3340,.T.);
#1823=ORIENTED_EDGE('',*,*,#3341,.T.);
#1824=ORIENTED_EDGE('',*,*,#3340,.F.);
#1825=ORIENTED_EDGE('',*,*,#3342,.F.);
#1826=ORIENTED_EDGE('',*,*,#3343,.T.);
#1827=ORIENTED_EDGE('',*,*,#3344,.T.);
#1828=ORIENTED_EDGE('',*,*,#3345,.F.);
#1829=ORIENTED_EDGE('',*,*,#3346,.F.);
#1830=ORIENTED_EDGE('',*,*,#3347,.T.);
#1831=ORIENTED_EDGE('',*,*,#3348,.T.);
#1832=ORIENTED_EDGE('',*,*,#3347,.F.);
#1833=ORIENTED_EDGE('',*,*,#3349,.F.);
#1834=ORIENTED_EDGE('',*,*,#3350,.T.);
#1835=ORIENTED_EDGE('',*,*,#3351,.T.);
#1836=ORIENTED_EDGE('',*,*,#3350,.F.);
#1837=ORIENTED_EDGE('',*,*,#3352,.F.);
#1838=ORIENTED_EDGE('',*,*,#3353,.T.);
#1839=ORIENTED_EDGE('',*,*,#3354,.T.);
#1840=ORIENTED_EDGE('',*,*,#3353,.F.);
#1841=ORIENTED_EDGE('',*,*,#3355,.F.);
#1842=ORIENTED_EDGE('',*,*,#3356,.T.);
#1843=ORIENTED_EDGE('',*,*,#3357,.T.);
#1844=ORIENTED_EDGE('',*,*,#3356,.F.);
#1845=ORIENTED_EDGE('',*,*,#3358,.F.);
#1846=ORIENTED_EDGE('',*,*,#3359,.T.);
#1847=ORIENTED_EDGE('',*,*,#3360,.T.);
#1848=ORIENTED_EDGE('',*,*,#3359,.F.);
#1849=ORIENTED_EDGE('',*,*,#3361,.F.);
#1850=ORIENTED_EDGE('',*,*,#3362,.T.);
#1851=ORIENTED_EDGE('',*,*,#3363,.T.);
#1852=ORIENTED_EDGE('',*,*,#3362,.F.);
#1853=ORIENTED_EDGE('',*,*,#3364,.F.);
#1854=ORIENTED_EDGE('',*,*,#3365,.T.);
#1855=ORIENTED_EDGE('',*,*,#3366,.T.);
#1856=ORIENTED_EDGE('',*,*,#3365,.F.);
#1857=ORIENTED_EDGE('',*,*,#3367,.F.);
#1858=ORIENTED_EDGE('',*,*,#3368,.T.);
#1859=ORIENTED_EDGE('',*,*,#3369,.T.);
#1860=ORIENTED_EDGE('',*,*,#3368,.F.);
#1861=ORIENTED_EDGE('',*,*,#3370,.F.);
#1862=ORIENTED_EDGE('',*,*,#3371,.T.);
#1863=ORIENTED_EDGE('',*,*,#3372,.T.);
#1864=ORIENTED_EDGE('',*,*,#3371,.F.);
#1865=ORIENTED_EDGE('',*,*,#3373,.F.);
#1866=ORIENTED_EDGE('',*,*,#3374,.T.);
#1867=ORIENTED_EDGE('',*,*,#3375,.T.);
#1868=ORIENTED_EDGE('',*,*,#3374,.F.);
#1869=ORIENTED_EDGE('',*,*,#3376,.F.);
#1870=ORIENTED_EDGE('',*,*,#3377,.T.);
#1871=ORIENTED_EDGE('',*,*,#3378,.T.);
#1872=ORIENTED_EDGE('',*,*,#3379,.F.);
#1873=ORIENTED_EDGE('',*,*,#3345,.T.);
#1874=ORIENTED_EDGE('',*,*,#3380,.T.);
#1875=ORIENTED_EDGE('',*,*,#3377,.F.);
#1876=ORIENTED_EDGE('',*,*,#3381,.F.);
#1877=ORIENTED_EDGE('',*,*,#3326,.T.);
#1878=ORIENTED_EDGE('',*,*,#3382,.T.);
#1879=ORIENTED_EDGE('',*,*,#3343,.F.);
#1880=ORIENTED_EDGE('',*,*,#3378,.F.);
#1881=ORIENTED_EDGE('',*,*,#3380,.F.);
#1882=ORIENTED_EDGE('',*,*,#3348,.F.);
#1883=ORIENTED_EDGE('',*,*,#3351,.F.);
#1884=ORIENTED_EDGE('',*,*,#3354,.F.);
#1885=ORIENTED_EDGE('',*,*,#3357,.F.);
#1886=ORIENTED_EDGE('',*,*,#3360,.F.);
#1887=ORIENTED_EDGE('',*,*,#3363,.F.);
#1888=ORIENTED_EDGE('',*,*,#3366,.F.);
#1889=ORIENTED_EDGE('',*,*,#3369,.F.);
#1890=ORIENTED_EDGE('',*,*,#3372,.F.);
#1891=ORIENTED_EDGE('',*,*,#3375,.F.);
#1892=ORIENTED_EDGE('',*,*,#3344,.F.);
#1893=ORIENTED_EDGE('',*,*,#3382,.F.);
#1894=ORIENTED_EDGE('',*,*,#3329,.F.);
#1895=ORIENTED_EDGE('',*,*,#3332,.F.);
#1896=ORIENTED_EDGE('',*,*,#3335,.F.);
#1897=ORIENTED_EDGE('',*,*,#3338,.F.);
#1898=ORIENTED_EDGE('',*,*,#3341,.F.);
#1899=ORIENTED_EDGE('',*,*,#3327,.T.);
#1900=ORIENTED_EDGE('',*,*,#3381,.T.);
#1901=ORIENTED_EDGE('',*,*,#3342,.T.);
#1902=ORIENTED_EDGE('',*,*,#3339,.T.);
#1903=ORIENTED_EDGE('',*,*,#3336,.T.);
#1904=ORIENTED_EDGE('',*,*,#3333,.T.);
#1905=ORIENTED_EDGE('',*,*,#3330,.T.);
#1906=ORIENTED_EDGE('',*,*,#3383,.F.);
#1907=ORIENTED_EDGE('',*,*,#3384,.F.);
#1908=ORIENTED_EDGE('',*,*,#3385,.T.);
#1909=ORIENTED_EDGE('',*,*,#3386,.T.);
#1910=ORIENTED_EDGE('',*,*,#3385,.F.);
#1911=ORIENTED_EDGE('',*,*,#3387,.F.);
#1912=ORIENTED_EDGE('',*,*,#3388,.T.);
#1913=ORIENTED_EDGE('',*,*,#3389,.T.);
#1914=ORIENTED_EDGE('',*,*,#3388,.F.);
#1915=ORIENTED_EDGE('',*,*,#3390,.F.);
#1916=ORIENTED_EDGE('',*,*,#3391,.T.);
#1917=ORIENTED_EDGE('',*,*,#3392,.T.);
#1918=ORIENTED_EDGE('',*,*,#3391,.F.);
#1919=ORIENTED_EDGE('',*,*,#3393,.F.);
#1920=ORIENTED_EDGE('',*,*,#3394,.T.);
#1921=ORIENTED_EDGE('',*,*,#3395,.T.);
#1922=ORIENTED_EDGE('',*,*,#3394,.F.);
#1923=ORIENTED_EDGE('',*,*,#3396,.F.);
#1924=ORIENTED_EDGE('',*,*,#3397,.T.);
#1925=ORIENTED_EDGE('',*,*,#3398,.T.);
#1926=ORIENTED_EDGE('',*,*,#3397,.F.);
#1927=ORIENTED_EDGE('',*,*,#3399,.F.);
#1928=ORIENTED_EDGE('',*,*,#3400,.T.);
#1929=ORIENTED_EDGE('',*,*,#3401,.T.);
#1930=ORIENTED_EDGE('',*,*,#3400,.F.);
#1931=ORIENTED_EDGE('',*,*,#3402,.F.);
#1932=ORIENTED_EDGE('',*,*,#3403,.T.);
#1933=ORIENTED_EDGE('',*,*,#3404,.T.);
#1934=ORIENTED_EDGE('',*,*,#3403,.F.);
#1935=ORIENTED_EDGE('',*,*,#3405,.F.);
#1936=ORIENTED_EDGE('',*,*,#3406,.T.);
#1937=ORIENTED_EDGE('',*,*,#3407,.T.);
#1938=ORIENTED_EDGE('',*,*,#3406,.F.);
#1939=ORIENTED_EDGE('',*,*,#3408,.F.);
#1940=ORIENTED_EDGE('',*,*,#3409,.T.);
#1941=ORIENTED_EDGE('',*,*,#3410,.T.);
#1942=ORIENTED_EDGE('',*,*,#3409,.F.);
#1943=ORIENTED_EDGE('',*,*,#3411,.F.);
#1944=ORIENTED_EDGE('',*,*,#3412,.T.);
#1945=ORIENTED_EDGE('',*,*,#3413,.T.);
#1946=ORIENTED_EDGE('',*,*,#3412,.F.);
#1947=ORIENTED_EDGE('',*,*,#3414,.F.);
#1948=ORIENTED_EDGE('',*,*,#3415,.T.);
#1949=ORIENTED_EDGE('',*,*,#3416,.T.);
#1950=ORIENTED_EDGE('',*,*,#3415,.F.);
#1951=ORIENTED_EDGE('',*,*,#3417,.F.);
#1952=ORIENTED_EDGE('',*,*,#3418,.T.);
#1953=ORIENTED_EDGE('',*,*,#3419,.T.);
#1954=ORIENTED_EDGE('',*,*,#3418,.F.);
#1955=ORIENTED_EDGE('',*,*,#3420,.F.);
#1956=ORIENTED_EDGE('',*,*,#3421,.T.);
#1957=ORIENTED_EDGE('',*,*,#3422,.T.);
#1958=ORIENTED_EDGE('',*,*,#3421,.F.);
#1959=ORIENTED_EDGE('',*,*,#3423,.F.);
#1960=ORIENTED_EDGE('',*,*,#3424,.T.);
#1961=ORIENTED_EDGE('',*,*,#3425,.T.);
#1962=ORIENTED_EDGE('',*,*,#3426,.F.);
#1963=ORIENTED_EDGE('',*,*,#3383,.T.);
#1964=ORIENTED_EDGE('',*,*,#3427,.T.);
#1965=ORIENTED_EDGE('',*,*,#3424,.F.);
#1966=ORIENTED_EDGE('',*,*,#3425,.F.);
#1967=ORIENTED_EDGE('',*,*,#3427,.F.);
#1968=ORIENTED_EDGE('',*,*,#3386,.F.);
#1969=ORIENTED_EDGE('',*,*,#3389,.F.);
#1970=ORIENTED_EDGE('',*,*,#3392,.F.);
#1971=ORIENTED_EDGE('',*,*,#3395,.F.);
#1972=ORIENTED_EDGE('',*,*,#3398,.F.);
#1973=ORIENTED_EDGE('',*,*,#3401,.F.);
#1974=ORIENTED_EDGE('',*,*,#3404,.F.);
#1975=ORIENTED_EDGE('',*,*,#3407,.F.);
#1976=ORIENTED_EDGE('',*,*,#3410,.F.);
#1977=ORIENTED_EDGE('',*,*,#3413,.F.);
#1978=ORIENTED_EDGE('',*,*,#3416,.F.);
#1979=ORIENTED_EDGE('',*,*,#3419,.F.);
#1980=ORIENTED_EDGE('',*,*,#3422,.F.);
#1981=ORIENTED_EDGE('',*,*,#3167,.T.);
#1982=ORIENTED_EDGE('',*,*,#3164,.T.);
#1983=ORIENTED_EDGE('',*,*,#3173,.T.);
#1984=ORIENTED_EDGE('',*,*,#3170,.T.);
#1985=ORIENTED_EDGE('',*,*,#3179,.T.);
#1986=ORIENTED_EDGE('',*,*,#3176,.T.);
#1987=ORIENTED_EDGE('',*,*,#3191,.T.);
#1988=ORIENTED_EDGE('',*,*,#3188,.T.);
#1989=ORIENTED_EDGE('',*,*,#3185,.T.);
#1990=ORIENTED_EDGE('',*,*,#3182,.T.);
#1991=ORIENTED_EDGE('',*,*,#3197,.T.);
#1992=ORIENTED_EDGE('',*,*,#3194,.T.);
#1993=ORIENTED_EDGE('',*,*,#3227,.T.);
#1994=ORIENTED_EDGE('',*,*,#3212,.T.);
#1995=ORIENTED_EDGE('',*,*,#3209,.T.);
#1996=ORIENTED_EDGE('',*,*,#3206,.T.);
#1997=ORIENTED_EDGE('',*,*,#3203,.T.);
#1998=ORIENTED_EDGE('',*,*,#3200,.T.);
#1999=ORIENTED_EDGE('',*,*,#3428,.T.);
#2000=ORIENTED_EDGE('',*,*,#3429,.T.);
#2001=ORIENTED_EDGE('',*,*,#3430,.T.);
#2002=ORIENTED_EDGE('',*,*,#3431,.T.);
#2003=ORIENTED_EDGE('',*,*,#3432,.T.);
#2004=ORIENTED_EDGE('',*,*,#3433,.T.);
#2005=ORIENTED_EDGE('',*,*,#3434,.T.);
#2006=ORIENTED_EDGE('',*,*,#3435,.T.);
#2007=ORIENTED_EDGE('',*,*,#3436,.T.);
#2008=ORIENTED_EDGE('',*,*,#3437,.T.);
#2009=ORIENTED_EDGE('',*,*,#3438,.T.);
#2010=ORIENTED_EDGE('',*,*,#3439,.T.);
#2011=ORIENTED_EDGE('',*,*,#3440,.T.);
#2012=ORIENTED_EDGE('',*,*,#3441,.T.);
#2013=ORIENTED_EDGE('',*,*,#3442,.T.);
#2014=ORIENTED_EDGE('',*,*,#3443,.T.);
#2015=ORIENTED_EDGE('',*,*,#3444,.T.);
#2016=ORIENTED_EDGE('',*,*,#3445,.T.);
#2017=ORIENTED_EDGE('',*,*,#3446,.T.);
#2018=ORIENTED_EDGE('',*,*,#3447,.T.);
#2019=ORIENTED_EDGE('',*,*,#3448,.T.);
#2020=ORIENTED_EDGE('',*,*,#3449,.T.);
#2021=ORIENTED_EDGE('',*,*,#3450,.T.);
#2022=ORIENTED_EDGE('',*,*,#3451,.T.);
#2023=ORIENTED_EDGE('',*,*,#3452,.T.);
#2024=ORIENTED_EDGE('',*,*,#3453,.T.);
#2025=ORIENTED_EDGE('',*,*,#3454,.T.);
#2026=ORIENTED_EDGE('',*,*,#3455,.T.);
#2027=ORIENTED_EDGE('',*,*,#3456,.T.);
#2028=ORIENTED_EDGE('',*,*,#3457,.T.);
#2029=ORIENTED_EDGE('',*,*,#3458,.T.);
#2030=ORIENTED_EDGE('',*,*,#3459,.T.);
#2031=ORIENTED_EDGE('',*,*,#3460,.T.);
#2032=ORIENTED_EDGE('',*,*,#3461,.T.);
#2033=ORIENTED_EDGE('',*,*,#3462,.T.);
#2034=ORIENTED_EDGE('',*,*,#3463,.T.);
#2035=ORIENTED_EDGE('',*,*,#3464,.T.);
#2036=ORIENTED_EDGE('',*,*,#3465,.T.);
#2037=ORIENTED_EDGE('',*,*,#3466,.T.);
#2038=ORIENTED_EDGE('',*,*,#3237,.T.);
#2039=ORIENTED_EDGE('',*,*,#3234,.T.);
#2040=ORIENTED_EDGE('',*,*,#3273,.T.);
#2041=ORIENTED_EDGE('',*,*,#3270,.T.);
#2042=ORIENTED_EDGE('',*,*,#3267,.T.);
#2043=ORIENTED_EDGE('',*,*,#3264,.T.);
#2044=ORIENTED_EDGE('',*,*,#3261,.T.);
#2045=ORIENTED_EDGE('',*,*,#3258,.T.);
#2046=ORIENTED_EDGE('',*,*,#3255,.T.);
#2047=ORIENTED_EDGE('',*,*,#3252,.T.);
#2048=ORIENTED_EDGE('',*,*,#3249,.T.);
#2049=ORIENTED_EDGE('',*,*,#3246,.T.);
#2050=ORIENTED_EDGE('',*,*,#3243,.T.);
#2051=ORIENTED_EDGE('',*,*,#3240,.T.);
#2052=ORIENTED_EDGE('',*,*,#3279,.T.);
#2053=ORIENTED_EDGE('',*,*,#3276,.T.);
#2054=ORIENTED_EDGE('',*,*,#3285,.T.);
#2055=ORIENTED_EDGE('',*,*,#3282,.T.);
#2056=ORIENTED_EDGE('',*,*,#3291,.T.);
#2057=ORIENTED_EDGE('',*,*,#3288,.T.);
#2058=ORIENTED_EDGE('',*,*,#3324,.T.);
#2059=ORIENTED_EDGE('',*,*,#3321,.T.);
#2060=ORIENTED_EDGE('',*,*,#3318,.T.);
#2061=ORIENTED_EDGE('',*,*,#3315,.T.);
#2062=ORIENTED_EDGE('',*,*,#3312,.T.);
#2063=ORIENTED_EDGE('',*,*,#3309,.T.);
#2064=ORIENTED_EDGE('',*,*,#3306,.T.);
#2065=ORIENTED_EDGE('',*,*,#3303,.T.);
#2066=ORIENTED_EDGE('',*,*,#3300,.T.);
#2067=ORIENTED_EDGE('',*,*,#3297,.T.);
#2068=ORIENTED_EDGE('',*,*,#3294,.T.);
#2069=ORIENTED_EDGE('',*,*,#3349,.T.);
#2070=ORIENTED_EDGE('',*,*,#3346,.T.);
#2071=ORIENTED_EDGE('',*,*,#3379,.T.);
#2072=ORIENTED_EDGE('',*,*,#3376,.T.);
#2073=ORIENTED_EDGE('',*,*,#3373,.T.);
#2074=ORIENTED_EDGE('',*,*,#3370,.T.);
#2075=ORIENTED_EDGE('',*,*,#3367,.T.);
#2076=ORIENTED_EDGE('',*,*,#3364,.T.);
#2077=ORIENTED_EDGE('',*,*,#3361,.T.);
#2078=ORIENTED_EDGE('',*,*,#3358,.T.);
#2079=ORIENTED_EDGE('',*,*,#3355,.T.);
#2080=ORIENTED_EDGE('',*,*,#3352,.T.);
#2081=ORIENTED_EDGE('',*,*,#3467,.T.);
#2082=ORIENTED_EDGE('',*,*,#3468,.T.);
#2083=ORIENTED_EDGE('',*,*,#3469,.T.);
#2084=ORIENTED_EDGE('',*,*,#3470,.T.);
#2085=ORIENTED_EDGE('',*,*,#3471,.T.);
#2086=ORIENTED_EDGE('',*,*,#3472,.T.);
#2087=ORIENTED_EDGE('',*,*,#3473,.T.);
#2088=ORIENTED_EDGE('',*,*,#3474,.T.);
#2089=ORIENTED_EDGE('',*,*,#3475,.T.);
#2090=ORIENTED_EDGE('',*,*,#3476,.T.);
#2091=ORIENTED_EDGE('',*,*,#3477,.T.);
#2092=ORIENTED_EDGE('',*,*,#3478,.T.);
#2093=ORIENTED_EDGE('',*,*,#3479,.T.);
#2094=ORIENTED_EDGE('',*,*,#3480,.T.);
#2095=ORIENTED_EDGE('',*,*,#3481,.T.);
#2096=ORIENTED_EDGE('',*,*,#3482,.T.);
#2097=ORIENTED_EDGE('',*,*,#3483,.T.);
#2098=ORIENTED_EDGE('',*,*,#3484,.T.);
#2099=ORIENTED_EDGE('',*,*,#3485,.T.);
#2100=ORIENTED_EDGE('',*,*,#3486,.T.);
#2101=ORIENTED_EDGE('',*,*,#3487,.T.);
#2102=ORIENTED_EDGE('',*,*,#3488,.T.);
#2103=ORIENTED_EDGE('',*,*,#3489,.T.);
#2104=ORIENTED_EDGE('',*,*,#3490,.T.);
#2105=ORIENTED_EDGE('',*,*,#3491,.T.);
#2106=ORIENTED_EDGE('',*,*,#3492,.T.);
#2107=ORIENTED_EDGE('',*,*,#3493,.T.);
#2108=ORIENTED_EDGE('',*,*,#3494,.T.);
#2109=ORIENTED_EDGE('',*,*,#3495,.T.);
#2110=ORIENTED_EDGE('',*,*,#3496,.T.);
#2111=ORIENTED_EDGE('',*,*,#3497,.T.);
#2112=ORIENTED_EDGE('',*,*,#3498,.T.);
#2113=ORIENTED_EDGE('',*,*,#3499,.T.);
#2114=ORIENTED_EDGE('',*,*,#3500,.T.);
#2115=ORIENTED_EDGE('',*,*,#3501,.T.);
#2116=ORIENTED_EDGE('',*,*,#3502,.T.);
#2117=ORIENTED_EDGE('',*,*,#3503,.F.);
#2118=ORIENTED_EDGE('',*,*,#3504,.T.);
#2119=ORIENTED_EDGE('',*,*,#3505,.T.);
#2120=ORIENTED_EDGE('',*,*,#3506,.T.);
#2121=ORIENTED_EDGE('',*,*,#3507,.T.);
#2122=ORIENTED_EDGE('',*,*,#3508,.T.);
#2123=ORIENTED_EDGE('',*,*,#3509,.T.);
#2124=ORIENTED_EDGE('',*,*,#3510,.T.);
#2125=ORIENTED_EDGE('',*,*,#3511,.T.);
#2126=ORIENTED_EDGE('',*,*,#3512,.T.);
#2127=ORIENTED_EDGE('',*,*,#3513,.T.);
#2128=ORIENTED_EDGE('',*,*,#3514,.T.);
#2129=ORIENTED_EDGE('',*,*,#3515,.T.);
#2130=ORIENTED_EDGE('',*,*,#3516,.T.);
#2131=ORIENTED_EDGE('',*,*,#3517,.T.);
#2132=ORIENTED_EDGE('',*,*,#3518,.T.);
#2133=ORIENTED_EDGE('',*,*,#3519,.T.);
#2134=ORIENTED_EDGE('',*,*,#3520,.T.);
#2135=ORIENTED_EDGE('',*,*,#3521,.T.);
#2136=ORIENTED_EDGE('',*,*,#3522,.T.);
#2137=ORIENTED_EDGE('',*,*,#3523,.T.);
#2138=ORIENTED_EDGE('',*,*,#3524,.T.);
#2139=ORIENTED_EDGE('',*,*,#3525,.T.);
#2140=ORIENTED_EDGE('',*,*,#3526,.T.);
#2141=ORIENTED_EDGE('',*,*,#3527,.T.);
#2142=ORIENTED_EDGE('',*,*,#3528,.T.);
#2143=ORIENTED_EDGE('',*,*,#3529,.T.);
#2144=ORIENTED_EDGE('',*,*,#3530,.T.);
#2145=ORIENTED_EDGE('',*,*,#3531,.T.);
#2146=ORIENTED_EDGE('',*,*,#3532,.T.);
#2147=ORIENTED_EDGE('',*,*,#3533,.T.);
#2148=ORIENTED_EDGE('',*,*,#3534,.T.);
#2149=ORIENTED_EDGE('',*,*,#3535,.T.);
#2150=ORIENTED_EDGE('',*,*,#3536,.T.);
#2151=ORIENTED_EDGE('',*,*,#3537,.T.);
#2152=ORIENTED_EDGE('',*,*,#3538,.T.);
#2153=ORIENTED_EDGE('',*,*,#3539,.T.);
#2154=ORIENTED_EDGE('',*,*,#3540,.T.);
#2155=ORIENTED_EDGE('',*,*,#3541,.T.);
#2156=ORIENTED_EDGE('',*,*,#3542,.T.);
#2157=ORIENTED_EDGE('',*,*,#3543,.T.);
#2158=ORIENTED_EDGE('',*,*,#3544,.T.);
#2159=ORIENTED_EDGE('',*,*,#3545,.T.);
#2160=ORIENTED_EDGE('',*,*,#3546,.T.);
#2161=ORIENTED_EDGE('',*,*,#3547,.T.);
#2162=ORIENTED_EDGE('',*,*,#3548,.T.);
#2163=ORIENTED_EDGE('',*,*,#3549,.T.);
#2164=ORIENTED_EDGE('',*,*,#3550,.T.);
#2165=ORIENTED_EDGE('',*,*,#3551,.T.);
#2166=ORIENTED_EDGE('',*,*,#3552,.T.);
#2167=ORIENTED_EDGE('',*,*,#3553,.T.);
#2168=ORIENTED_EDGE('',*,*,#3554,.T.);
#2169=ORIENTED_EDGE('',*,*,#3555,.T.);
#2170=ORIENTED_EDGE('',*,*,#3556,.T.);
#2171=ORIENTED_EDGE('',*,*,#3557,.T.);
#2172=ORIENTED_EDGE('',*,*,#3558,.T.);
#2173=ORIENTED_EDGE('',*,*,#3559,.T.);
#2174=ORIENTED_EDGE('',*,*,#3560,.T.);
#2175=ORIENTED_EDGE('',*,*,#3561,.T.);
#2176=ORIENTED_EDGE('',*,*,#3562,.T.);
#2177=ORIENTED_EDGE('',*,*,#3563,.T.);
#2178=ORIENTED_EDGE('',*,*,#3564,.T.);
#2179=ORIENTED_EDGE('',*,*,#3565,.T.);
#2180=ORIENTED_EDGE('',*,*,#3566,.T.);
#2181=ORIENTED_EDGE('',*,*,#3567,.T.);
#2182=ORIENTED_EDGE('',*,*,#3568,.T.);
#2183=ORIENTED_EDGE('',*,*,#3569,.T.);
#2184=ORIENTED_EDGE('',*,*,#3570,.T.);
#2185=ORIENTED_EDGE('',*,*,#3571,.T.);
#2186=ORIENTED_EDGE('',*,*,#3572,.T.);
#2187=ORIENTED_EDGE('',*,*,#3573,.T.);
#2188=ORIENTED_EDGE('',*,*,#3574,.T.);
#2189=ORIENTED_EDGE('',*,*,#3575,.T.);
#2190=ORIENTED_EDGE('',*,*,#3576,.T.);
#2191=ORIENTED_EDGE('',*,*,#3577,.T.);
#2192=ORIENTED_EDGE('',*,*,#3578,.T.);
#2193=ORIENTED_EDGE('',*,*,#3579,.T.);
#2194=ORIENTED_EDGE('',*,*,#3384,.T.);
#2195=ORIENTED_EDGE('',*,*,#3426,.T.);
#2196=ORIENTED_EDGE('',*,*,#3423,.T.);
#2197=ORIENTED_EDGE('',*,*,#3420,.T.);
#2198=ORIENTED_EDGE('',*,*,#3417,.T.);
#2199=ORIENTED_EDGE('',*,*,#3414,.T.);
#2200=ORIENTED_EDGE('',*,*,#3411,.T.);
#2201=ORIENTED_EDGE('',*,*,#3408,.T.);
#2202=ORIENTED_EDGE('',*,*,#3405,.T.);
#2203=ORIENTED_EDGE('',*,*,#3402,.T.);
#2204=ORIENTED_EDGE('',*,*,#3399,.T.);
#2205=ORIENTED_EDGE('',*,*,#3396,.T.);
#2206=ORIENTED_EDGE('',*,*,#3393,.T.);
#2207=ORIENTED_EDGE('',*,*,#3390,.T.);
#2208=ORIENTED_EDGE('',*,*,#3387,.T.);
#2209=ORIENTED_EDGE('',*,*,#3580,.F.);
#2210=ORIENTED_EDGE('',*,*,#3573,.F.);
#2211=ORIENTED_EDGE('',*,*,#3581,.T.);
#2212=ORIENTED_EDGE('',*,*,#3582,.T.);
#2213=ORIENTED_EDGE('',*,*,#3581,.F.);
#2214=ORIENTED_EDGE('',*,*,#3572,.F.);
#2215=ORIENTED_EDGE('',*,*,#3583,.T.);
#2216=ORIENTED_EDGE('',*,*,#3584,.T.);
#2217=ORIENTED_EDGE('',*,*,#3583,.F.);
#2218=ORIENTED_EDGE('',*,*,#3579,.F.);
#2219=ORIENTED_EDGE('',*,*,#3585,.T.);
#2220=ORIENTED_EDGE('',*,*,#3586,.T.);
#2221=ORIENTED_EDGE('',*,*,#3585,.F.);
#2222=ORIENTED_EDGE('',*,*,#3578,.F.);
#2223=ORIENTED_EDGE('',*,*,#3587,.T.);
#2224=ORIENTED_EDGE('',*,*,#3588,.T.);
#2225=ORIENTED_EDGE('',*,*,#3587,.F.);
#2226=ORIENTED_EDGE('',*,*,#3577,.F.);
#2227=ORIENTED_EDGE('',*,*,#3589,.T.);
#2228=ORIENTED_EDGE('',*,*,#3590,.T.);
#2229=ORIENTED_EDGE('',*,*,#3589,.F.);
#2230=ORIENTED_EDGE('',*,*,#3576,.F.);
#2231=ORIENTED_EDGE('',*,*,#3591,.T.);
#2232=ORIENTED_EDGE('',*,*,#3592,.T.);
#2233=ORIENTED_EDGE('',*,*,#3591,.F.);
#2234=ORIENTED_EDGE('',*,*,#3575,.F.);
#2235=ORIENTED_EDGE('',*,*,#3593,.T.);
#2236=ORIENTED_EDGE('',*,*,#3594,.T.);
#2237=ORIENTED_EDGE('',*,*,#3574,.F.);
#2238=ORIENTED_EDGE('',*,*,#3580,.T.);
#2239=ORIENTED_EDGE('',*,*,#3595,.T.);
#2240=ORIENTED_EDGE('',*,*,#3593,.F.);
#2241=ORIENTED_EDGE('',*,*,#3594,.F.);
#2242=ORIENTED_EDGE('',*,*,#3595,.F.);
#2243=ORIENTED_EDGE('',*,*,#3582,.F.);
#2244=ORIENTED_EDGE('',*,*,#3584,.F.);
#2245=ORIENTED_EDGE('',*,*,#3586,.F.);
#2246=ORIENTED_EDGE('',*,*,#3588,.F.);
#2247=ORIENTED_EDGE('',*,*,#3590,.F.);
#2248=ORIENTED_EDGE('',*,*,#3592,.F.);
#2249=ORIENTED_EDGE('',*,*,#3596,.F.);
#2250=ORIENTED_EDGE('',*,*,#3561,.F.);
#2251=ORIENTED_EDGE('',*,*,#3597,.T.);
#2252=ORIENTED_EDGE('',*,*,#3598,.T.);
#2253=ORIENTED_EDGE('',*,*,#3597,.F.);
#2254=ORIENTED_EDGE('',*,*,#3560,.F.);
#2255=ORIENTED_EDGE('',*,*,#3599,.T.);
#2256=ORIENTED_EDGE('',*,*,#3600,.T.);
#2257=ORIENTED_EDGE('',*,*,#3599,.F.);
#2258=ORIENTED_EDGE('',*,*,#3571,.F.);
#2259=ORIENTED_EDGE('',*,*,#3601,.T.);
#2260=ORIENTED_EDGE('',*,*,#3602,.T.);
#2261=ORIENTED_EDGE('',*,*,#3601,.F.);
#2262=ORIENTED_EDGE('',*,*,#3570,.F.);
#2263=ORIENTED_EDGE('',*,*,#3603,.T.);
#2264=ORIENTED_EDGE('',*,*,#3604,.T.);
#2265=ORIENTED_EDGE('',*,*,#3603,.F.);
#2266=ORIENTED_EDGE('',*,*,#3569,.F.);
#2267=ORIENTED_EDGE('',*,*,#3605,.T.);
#2268=ORIENTED_EDGE('',*,*,#3606,.T.);
#2269=ORIENTED_EDGE('',*,*,#3605,.F.);
#2270=ORIENTED_EDGE('',*,*,#3568,.F.);
#2271=ORIENTED_EDGE('',*,*,#3607,.T.);
#2272=ORIENTED_EDGE('',*,*,#3608,.T.);
#2273=ORIENTED_EDGE('',*,*,#3607,.F.);
#2274=ORIENTED_EDGE('',*,*,#3567,.F.);
#2275=ORIENTED_EDGE('',*,*,#3609,.T.);
#2276=ORIENTED_EDGE('',*,*,#3610,.T.);
#2277=ORIENTED_EDGE('',*,*,#3609,.F.);
#2278=ORIENTED_EDGE('',*,*,#3566,.F.);
#2279=ORIENTED_EDGE('',*,*,#3611,.T.);
#2280=ORIENTED_EDGE('',*,*,#3612,.T.);
#2281=ORIENTED_EDGE('',*,*,#3611,.F.);
#2282=ORIENTED_EDGE('',*,*,#3565,.F.);
#2283=ORIENTED_EDGE('',*,*,#3613,.T.);
#2284=ORIENTED_EDGE('',*,*,#3614,.T.);
#2285=ORIENTED_EDGE('',*,*,#3613,.F.);
#2286=ORIENTED_EDGE('',*,*,#3564,.F.);
#2287=ORIENTED_EDGE('',*,*,#3615,.T.);
#2288=ORIENTED_EDGE('',*,*,#3616,.T.);
#2289=ORIENTED_EDGE('',*,*,#3615,.F.);
#2290=ORIENTED_EDGE('',*,*,#3563,.F.);
#2291=ORIENTED_EDGE('',*,*,#3617,.T.);
#2292=ORIENTED_EDGE('',*,*,#3618,.T.);
#2293=ORIENTED_EDGE('',*,*,#3562,.F.);
#2294=ORIENTED_EDGE('',*,*,#3596,.T.);
#2295=ORIENTED_EDGE('',*,*,#3619,.T.);
#2296=ORIENTED_EDGE('',*,*,#3617,.F.);
#2297=ORIENTED_EDGE('',*,*,#3618,.F.);
#2298=ORIENTED_EDGE('',*,*,#3619,.F.);
#2299=ORIENTED_EDGE('',*,*,#3598,.F.);
#2300=ORIENTED_EDGE('',*,*,#3600,.F.);
#2301=ORIENTED_EDGE('',*,*,#3602,.F.);
#2302=ORIENTED_EDGE('',*,*,#3604,.F.);
#2303=ORIENTED_EDGE('',*,*,#3606,.F.);
#2304=ORIENTED_EDGE('',*,*,#3608,.F.);
#2305=ORIENTED_EDGE('',*,*,#3610,.F.);
#2306=ORIENTED_EDGE('',*,*,#3612,.F.);
#2307=ORIENTED_EDGE('',*,*,#3614,.F.);
#2308=ORIENTED_EDGE('',*,*,#3616,.F.);
#2309=ORIENTED_EDGE('',*,*,#3620,.F.);
#2310=ORIENTED_EDGE('',*,*,#3557,.F.);
#2311=ORIENTED_EDGE('',*,*,#3621,.T.);
#2312=ORIENTED_EDGE('',*,*,#3622,.T.);
#2313=ORIENTED_EDGE('',*,*,#3621,.F.);
#2314=ORIENTED_EDGE('',*,*,#3556,.F.);
#2315=ORIENTED_EDGE('',*,*,#3623,.T.);
#2316=ORIENTED_EDGE('',*,*,#3624,.T.);
#2317=ORIENTED_EDGE('',*,*,#3623,.F.);
#2318=ORIENTED_EDGE('',*,*,#3559,.F.);
#2319=ORIENTED_EDGE('',*,*,#3625,.T.);
#2320=ORIENTED_EDGE('',*,*,#3626,.T.);
#2321=ORIENTED_EDGE('',*,*,#3558,.F.);
#2322=ORIENTED_EDGE('',*,*,#3620,.T.);
#2323=ORIENTED_EDGE('',*,*,#3627,.T.);
#2324=ORIENTED_EDGE('',*,*,#3625,.F.);
#2325=ORIENTED_EDGE('',*,*,#3626,.F.);
#2326=ORIENTED_EDGE('',*,*,#3627,.F.);
#2327=ORIENTED_EDGE('',*,*,#3622,.F.);
#2328=ORIENTED_EDGE('',*,*,#3624,.F.);
#2329=ORIENTED_EDGE('',*,*,#3628,.F.);
#2330=ORIENTED_EDGE('',*,*,#3467,.F.);
#2331=ORIENTED_EDGE('',*,*,#3629,.T.);
#2332=ORIENTED_EDGE('',*,*,#3630,.T.);
#2333=ORIENTED_EDGE('',*,*,#3629,.F.);
#2334=ORIENTED_EDGE('',*,*,#3494,.F.);
#2335=ORIENTED_EDGE('',*,*,#3631,.T.);
#2336=ORIENTED_EDGE('',*,*,#3632,.T.);
#2337=ORIENTED_EDGE('',*,*,#3631,.F.);
#2338=ORIENTED_EDGE('',*,*,#3493,.F.);
#2339=ORIENTED_EDGE('',*,*,#3633,.T.);
#2340=ORIENTED_EDGE('',*,*,#3634,.T.);
#2341=ORIENTED_EDGE('',*,*,#3633,.F.);
#2342=ORIENTED_EDGE('',*,*,#3492,.F.);
#2343=ORIENTED_EDGE('',*,*,#3635,.T.);
#2344=ORIENTED_EDGE('',*,*,#3636,.T.);
#2345=ORIENTED_EDGE('',*,*,#3635,.F.);
#2346=ORIENTED_EDGE('',*,*,#3491,.F.);
#2347=ORIENTED_EDGE('',*,*,#3637,.T.);
#2348=ORIENTED_EDGE('',*,*,#3638,.T.);
#2349=ORIENTED_EDGE('',*,*,#3637,.F.);
#2350=ORIENTED_EDGE('',*,*,#3490,.F.);
#2351=ORIENTED_EDGE('',*,*,#3639,.T.);
#2352=ORIENTED_EDGE('',*,*,#3640,.T.);
#2353=ORIENTED_EDGE('',*,*,#3639,.F.);
#2354=ORIENTED_EDGE('',*,*,#3489,.F.);
#2355=ORIENTED_EDGE('',*,*,#3641,.T.);
#2356=ORIENTED_EDGE('',*,*,#3642,.T.);
#2357=ORIENTED_EDGE('',*,*,#3641,.F.);
#2358=ORIENTED_EDGE('',*,*,#3488,.F.);
#2359=ORIENTED_EDGE('',*,*,#3643,.T.);
#2360=ORIENTED_EDGE('',*,*,#3644,.T.);
#2361=ORIENTED_EDGE('',*,*,#3643,.F.);
#2362=ORIENTED_EDGE('',*,*,#3487,.F.);
#2363=ORIENTED_EDGE('',*,*,#3645,.T.);
#2364=ORIENTED_EDGE('',*,*,#3646,.T.);
#2365=ORIENTED_EDGE('',*,*,#3645,.F.);
#2366=ORIENTED_EDGE('',*,*,#3486,.F.);
#2367=ORIENTED_EDGE('',*,*,#3647,.T.);
#2368=ORIENTED_EDGE('',*,*,#3648,.T.);
#2369=ORIENTED_EDGE('',*,*,#3647,.F.);
#2370=ORIENTED_EDGE('',*,*,#3485,.F.);
#2371=ORIENTED_EDGE('',*,*,#3649,.T.);
#2372=ORIENTED_EDGE('',*,*,#3650,.T.);
#2373=ORIENTED_EDGE('',*,*,#3649,.F.);
#2374=ORIENTED_EDGE('',*,*,#3484,.F.);
#2375=ORIENTED_EDGE('',*,*,#3651,.T.);
#2376=ORIENTED_EDGE('',*,*,#3652,.T.);
#2377=ORIENTED_EDGE('',*,*,#3651,.F.);
#2378=ORIENTED_EDGE('',*,*,#3483,.F.);
#2379=ORIENTED_EDGE('',*,*,#3653,.T.);
#2380=ORIENTED_EDGE('',*,*,#3654,.T.);
#2381=ORIENTED_EDGE('',*,*,#3653,.F.);
#2382=ORIENTED_EDGE('',*,*,#3482,.F.);
#2383=ORIENTED_EDGE('',*,*,#3655,.T.);
#2384=ORIENTED_EDGE('',*,*,#3656,.T.);
#2385=ORIENTED_EDGE('',*,*,#3655,.F.);
#2386=ORIENTED_EDGE('',*,*,#3481,.F.);
#2387=ORIENTED_EDGE('',*,*,#3657,.T.);
#2388=ORIENTED_EDGE('',*,*,#3658,.T.);
#2389=ORIENTED_EDGE('',*,*,#3657,.F.);
#2390=ORIENTED_EDGE('',*,*,#3480,.F.);
#2391=ORIENTED_EDGE('',*,*,#3659,.T.);
#2392=ORIENTED_EDGE('',*,*,#3660,.T.);
#2393=ORIENTED_EDGE('',*,*,#3659,.F.);
#2394=ORIENTED_EDGE('',*,*,#3479,.F.);
#2395=ORIENTED_EDGE('',*,*,#3661,.T.);
#2396=ORIENTED_EDGE('',*,*,#3662,.T.);
#2397=ORIENTED_EDGE('',*,*,#3661,.F.);
#2398=ORIENTED_EDGE('',*,*,#3478,.F.);
#2399=ORIENTED_EDGE('',*,*,#3663,.T.);
#2400=ORIENTED_EDGE('',*,*,#3664,.T.);
#2401=ORIENTED_EDGE('',*,*,#3663,.F.);
#2402=ORIENTED_EDGE('',*,*,#3477,.F.);
#2403=ORIENTED_EDGE('',*,*,#3665,.T.);
#2404=ORIENTED_EDGE('',*,*,#3666,.T.);
#2405=ORIENTED_EDGE('',*,*,#3665,.F.);
#2406=ORIENTED_EDGE('',*,*,#3476,.F.);
#2407=ORIENTED_EDGE('',*,*,#3667,.T.);
#2408=ORIENTED_EDGE('',*,*,#3668,.T.);
#2409=ORIENTED_EDGE('',*,*,#3667,.F.);
#2410=ORIENTED_EDGE('',*,*,#3475,.F.);
#2411=ORIENTED_EDGE('',*,*,#3669,.T.);
#2412=ORIENTED_EDGE('',*,*,#3670,.T.);
#2413=ORIENTED_EDGE('',*,*,#3669,.F.);
#2414=ORIENTED_EDGE('',*,*,#3474,.F.);
#2415=ORIENTED_EDGE('',*,*,#3671,.T.);
#2416=ORIENTED_EDGE('',*,*,#3672,.T.);
#2417=ORIENTED_EDGE('',*,*,#3671,.F.);
#2418=ORIENTED_EDGE('',*,*,#3473,.F.);
#2419=ORIENTED_EDGE('',*,*,#3673,.T.);
#2420=ORIENTED_EDGE('',*,*,#3674,.T.);
#2421=ORIENTED_EDGE('',*,*,#3673,.F.);
#2422=ORIENTED_EDGE('',*,*,#3472,.F.);
#2423=ORIENTED_EDGE('',*,*,#3675,.T.);
#2424=ORIENTED_EDGE('',*,*,#3676,.T.);
#2425=ORIENTED_EDGE('',*,*,#3675,.F.);
#2426=ORIENTED_EDGE('',*,*,#3471,.F.);
#2427=ORIENTED_EDGE('',*,*,#3677,.T.);
#2428=ORIENTED_EDGE('',*,*,#3678,.T.);
#2429=ORIENTED_EDGE('',*,*,#3677,.F.);
#2430=ORIENTED_EDGE('',*,*,#3470,.F.);
#2431=ORIENTED_EDGE('',*,*,#3679,.T.);
#2432=ORIENTED_EDGE('',*,*,#3680,.T.);
#2433=ORIENTED_EDGE('',*,*,#3679,.F.);
#2434=ORIENTED_EDGE('',*,*,#3469,.F.);
#2435=ORIENTED_EDGE('',*,*,#3681,.T.);
#2436=ORIENTED_EDGE('',*,*,#3682,.T.);
#2437=ORIENTED_EDGE('',*,*,#3468,.F.);
#2438=ORIENTED_EDGE('',*,*,#3628,.T.);
#2439=ORIENTED_EDGE('',*,*,#3683,.T.);
#2440=ORIENTED_EDGE('',*,*,#3681,.F.);
#2441=ORIENTED_EDGE('',*,*,#3682,.F.);
#2442=ORIENTED_EDGE('',*,*,#3683,.F.);
#2443=ORIENTED_EDGE('',*,*,#3630,.F.);
#2444=ORIENTED_EDGE('',*,*,#3632,.F.);
#2445=ORIENTED_EDGE('',*,*,#3634,.F.);
#2446=ORIENTED_EDGE('',*,*,#3636,.F.);
#2447=ORIENTED_EDGE('',*,*,#3638,.F.);
#2448=ORIENTED_EDGE('',*,*,#3640,.F.);
#2449=ORIENTED_EDGE('',*,*,#3642,.F.);
#2450=ORIENTED_EDGE('',*,*,#3644,.F.);
#2451=ORIENTED_EDGE('',*,*,#3646,.F.);
#2452=ORIENTED_EDGE('',*,*,#3648,.F.);
#2453=ORIENTED_EDGE('',*,*,#3650,.F.);
#2454=ORIENTED_EDGE('',*,*,#3652,.F.);
#2455=ORIENTED_EDGE('',*,*,#3654,.F.);
#2456=ORIENTED_EDGE('',*,*,#3656,.F.);
#2457=ORIENTED_EDGE('',*,*,#3658,.F.);
#2458=ORIENTED_EDGE('',*,*,#3660,.F.);
#2459=ORIENTED_EDGE('',*,*,#3662,.F.);
#2460=ORIENTED_EDGE('',*,*,#3664,.F.);
#2461=ORIENTED_EDGE('',*,*,#3666,.F.);
#2462=ORIENTED_EDGE('',*,*,#3668,.F.);
#2463=ORIENTED_EDGE('',*,*,#3670,.F.);
#2464=ORIENTED_EDGE('',*,*,#3672,.F.);
#2465=ORIENTED_EDGE('',*,*,#3674,.F.);
#2466=ORIENTED_EDGE('',*,*,#3676,.F.);
#2467=ORIENTED_EDGE('',*,*,#3678,.F.);
#2468=ORIENTED_EDGE('',*,*,#3680,.F.);
#2469=ORIENTED_EDGE('',*,*,#3684,.F.);
#2470=ORIENTED_EDGE('',*,*,#3496,.F.);
#2471=ORIENTED_EDGE('',*,*,#3685,.T.);
#2472=ORIENTED_EDGE('',*,*,#3686,.T.);
#2473=ORIENTED_EDGE('',*,*,#3685,.F.);
#2474=ORIENTED_EDGE('',*,*,#3495,.F.);
#2475=ORIENTED_EDGE('',*,*,#3687,.T.);
#2476=ORIENTED_EDGE('',*,*,#3688,.T.);
#2477=ORIENTED_EDGE('',*,*,#3687,.F.);
#2478=ORIENTED_EDGE('',*,*,#3502,.F.);
#2479=ORIENTED_EDGE('',*,*,#3689,.T.);
#2480=ORIENTED_EDGE('',*,*,#3690,.T.);
#2481=ORIENTED_EDGE('',*,*,#3689,.F.);
#2482=ORIENTED_EDGE('',*,*,#3501,.F.);
#2483=ORIENTED_EDGE('',*,*,#3691,.T.);
#2484=ORIENTED_EDGE('',*,*,#3692,.T.);
#2485=ORIENTED_EDGE('',*,*,#3691,.F.);
#2486=ORIENTED_EDGE('',*,*,#3500,.F.);
#2487=ORIENTED_EDGE('',*,*,#3693,.T.);
#2488=ORIENTED_EDGE('',*,*,#3694,.T.);
#2489=ORIENTED_EDGE('',*,*,#3693,.F.);
#2490=ORIENTED_EDGE('',*,*,#3499,.F.);
#2491=ORIENTED_EDGE('',*,*,#3695,.T.);
#2492=ORIENTED_EDGE('',*,*,#3696,.T.);
#2493=ORIENTED_EDGE('',*,*,#3695,.F.);
#2494=ORIENTED_EDGE('',*,*,#3498,.F.);
#2495=ORIENTED_EDGE('',*,*,#3697,.T.);
#2496=ORIENTED_EDGE('',*,*,#3698,.T.);
#2497=ORIENTED_EDGE('',*,*,#3699,.F.);
#2498=ORIENTED_EDGE('',*,*,#3700,.F.);
#2499=ORIENTED_EDGE('',*,*,#3701,.T.);
#2500=ORIENTED_EDGE('',*,*,#3702,.T.);
#2501=ORIENTED_EDGE('',*,*,#3701,.F.);
#2502=ORIENTED_EDGE('',*,*,#3703,.F.);
#2503=ORIENTED_EDGE('',*,*,#3704,.T.);
#2504=ORIENTED_EDGE('',*,*,#3705,.T.);
#2505=ORIENTED_EDGE('',*,*,#3704,.F.);
#2506=ORIENTED_EDGE('',*,*,#3706,.F.);
#2507=ORIENTED_EDGE('',*,*,#3707,.T.);
#2508=ORIENTED_EDGE('',*,*,#3708,.T.);
#2509=ORIENTED_EDGE('',*,*,#3709,.F.);
#2510=ORIENTED_EDGE('',*,*,#3699,.T.);
#2511=ORIENTED_EDGE('',*,*,#3710,.T.);
#2512=ORIENTED_EDGE('',*,*,#3707,.F.);
#2513=ORIENTED_EDGE('',*,*,#3497,.F.);
#2514=ORIENTED_EDGE('',*,*,#3684,.T.);
#2515=ORIENTED_EDGE('',*,*,#3711,.T.);
#2516=ORIENTED_EDGE('',*,*,#3697,.F.);
#2517=ORIENTED_EDGE('',*,*,#3708,.F.);
#2518=ORIENTED_EDGE('',*,*,#3710,.F.);
#2519=ORIENTED_EDGE('',*,*,#3702,.F.);
#2520=ORIENTED_EDGE('',*,*,#3705,.F.);
#2521=ORIENTED_EDGE('',*,*,#3698,.F.);
#2522=ORIENTED_EDGE('',*,*,#3711,.F.);
#2523=ORIENTED_EDGE('',*,*,#3686,.F.);
#2524=ORIENTED_EDGE('',*,*,#3688,.F.);
#2525=ORIENTED_EDGE('',*,*,#3690,.F.);
#2526=ORIENTED_EDGE('',*,*,#3692,.F.);
#2527=ORIENTED_EDGE('',*,*,#3694,.F.);
#2528=ORIENTED_EDGE('',*,*,#3696,.F.);
#2529=ORIENTED_EDGE('',*,*,#3712,.T.);
#2530=ORIENTED_EDGE('',*,*,#3713,.T.);
#2531=ORIENTED_EDGE('',*,*,#3714,.T.);
#2532=ORIENTED_EDGE('',*,*,#3715,.T.);
#2533=ORIENTED_EDGE('',*,*,#3716,.T.);
#2534=ORIENTED_EDGE('',*,*,#3717,.T.);
#2535=ORIENTED_EDGE('',*,*,#3717,.F.);
#2536=ORIENTED_EDGE('',*,*,#3718,.T.);
#2537=ORIENTED_EDGE('',*,*,#3719,.F.);
#2538=ORIENTED_EDGE('',*,*,#3719,.T.);
#2539=ORIENTED_EDGE('',*,*,#3720,.T.);
#2540=ORIENTED_EDGE('',*,*,#3721,.F.);
#2541=ORIENTED_EDGE('',*,*,#3721,.T.);
#2542=ORIENTED_EDGE('',*,*,#3722,.T.);
#2543=ORIENTED_EDGE('',*,*,#3723,.F.);
#2544=ORIENTED_EDGE('',*,*,#3723,.T.);
#2545=ORIENTED_EDGE('',*,*,#3724,.T.);
#2546=ORIENTED_EDGE('',*,*,#3725,.F.);
#2547=ORIENTED_EDGE('',*,*,#3725,.T.);
#2548=ORIENTED_EDGE('',*,*,#3726,.T.);
#2549=ORIENTED_EDGE('',*,*,#3727,.F.);
#2550=ORIENTED_EDGE('',*,*,#3727,.T.);
#2551=ORIENTED_EDGE('',*,*,#3728,.T.);
#2552=ORIENTED_EDGE('',*,*,#3729,.F.);
#2553=ORIENTED_EDGE('',*,*,#3729,.T.);
#2554=ORIENTED_EDGE('',*,*,#3730,.F.);
#2555=ORIENTED_EDGE('',*,*,#3503,.T.);
#2556=ORIENTED_EDGE('',*,*,#3731,.F.);
#2557=ORIENTED_EDGE('',*,*,#3732,.T.);
#2558=ORIENTED_EDGE('',*,*,#3733,.F.);
#2559=ORIENTED_EDGE('',*,*,#3731,.T.);
#2560=ORIENTED_EDGE('',*,*,#3730,.T.);
#2561=ORIENTED_EDGE('',*,*,#3732,.F.);
#2562=ORIENTED_EDGE('',*,*,#3734,.T.);
#2563=ORIENTED_EDGE('',*,*,#3733,.T.);
#2564=ORIENTED_EDGE('',*,*,#3735,.T.);
#2565=ORIENTED_EDGE('',*,*,#3716,.F.);
#2566=ORIENTED_EDGE('',*,*,#3504,.F.);
#2567=ORIENTED_EDGE('',*,*,#3734,.F.);
#2568=ORIENTED_EDGE('',*,*,#3735,.F.);
#2569=ORIENTED_EDGE('',*,*,#3510,.F.);
#2570=ORIENTED_EDGE('',*,*,#3724,.F.);
#2571=ORIENTED_EDGE('',*,*,#3509,.F.);
#2572=ORIENTED_EDGE('',*,*,#3722,.F.);
#2573=ORIENTED_EDGE('',*,*,#3508,.F.);
#2574=ORIENTED_EDGE('',*,*,#3720,.F.);
#2575=ORIENTED_EDGE('',*,*,#3507,.F.);
#2576=ORIENTED_EDGE('',*,*,#3718,.F.);
#2577=ORIENTED_EDGE('',*,*,#3506,.F.);
#2578=ORIENTED_EDGE('',*,*,#3728,.F.);
#2579=ORIENTED_EDGE('',*,*,#3505,.F.);
#2580=ORIENTED_EDGE('',*,*,#3726,.F.);
#2581=ORIENTED_EDGE('',*,*,#3736,.F.);
#2582=ORIENTED_EDGE('',*,*,#3737,.F.);
#2583=ORIENTED_EDGE('',*,*,#3738,.F.);
#2584=ORIENTED_EDGE('',*,*,#3739,.F.);
#2585=ORIENTED_EDGE('',*,*,#3740,.F.);
#2586=ORIENTED_EDGE('',*,*,#3741,.F.);
#2587=ORIENTED_EDGE('',*,*,#3742,.F.);
#2588=ORIENTED_EDGE('',*,*,#3743,.F.);
#2589=ORIENTED_EDGE('',*,*,#3744,.F.);
#2590=ORIENTED_EDGE('',*,*,#3745,.F.);
#2591=ORIENTED_EDGE('',*,*,#3746,.F.);
#2592=ORIENTED_EDGE('',*,*,#3747,.F.);
#2593=ORIENTED_EDGE('',*,*,#3513,.F.);
#2594=ORIENTED_EDGE('',*,*,#3748,.T.);
#2595=ORIENTED_EDGE('',*,*,#3741,.T.);
#2596=ORIENTED_EDGE('',*,*,#3749,.F.);
#2597=ORIENTED_EDGE('',*,*,#3713,.F.);
#2598=ORIENTED_EDGE('',*,*,#3750,.T.);
#2599=ORIENTED_EDGE('',*,*,#3737,.T.);
#2600=ORIENTED_EDGE('',*,*,#3751,.F.);
#2601=ORIENTED_EDGE('',*,*,#3752,.F.);
#2602=ORIENTED_EDGE('',*,*,#3714,.F.);
#2603=ORIENTED_EDGE('',*,*,#3751,.T.);
#2604=ORIENTED_EDGE('',*,*,#3736,.T.);
#2605=ORIENTED_EDGE('',*,*,#3753,.F.);
#2606=ORIENTED_EDGE('',*,*,#3715,.F.);
#2607=ORIENTED_EDGE('',*,*,#3752,.T.);
#2608=ORIENTED_EDGE('',*,*,#3739,.T.);
#2609=ORIENTED_EDGE('',*,*,#3750,.F.);
#2610=ORIENTED_EDGE('',*,*,#3712,.F.);
#2611=ORIENTED_EDGE('',*,*,#3753,.T.);
#2612=ORIENTED_EDGE('',*,*,#3738,.T.);
#2613=ORIENTED_EDGE('',*,*,#3754,.F.);
#2614=ORIENTED_EDGE('',*,*,#3514,.F.);
#2615=ORIENTED_EDGE('',*,*,#3749,.T.);
#2616=ORIENTED_EDGE('',*,*,#3740,.T.);
#2617=ORIENTED_EDGE('',*,*,#3755,.F.);
#2618=ORIENTED_EDGE('',*,*,#3515,.F.);
#2619=ORIENTED_EDGE('',*,*,#3754,.T.);
#2620=ORIENTED_EDGE('',*,*,#3747,.T.);
#2621=ORIENTED_EDGE('',*,*,#3756,.F.);
#2622=ORIENTED_EDGE('',*,*,#3516,.F.);
#2623=ORIENTED_EDGE('',*,*,#3755,.T.);
#2624=ORIENTED_EDGE('',*,*,#3746,.T.);
#2625=ORIENTED_EDGE('',*,*,#3757,.F.);
#2626=ORIENTED_EDGE('',*,*,#3517,.F.);
#2627=ORIENTED_EDGE('',*,*,#3756,.T.);
#2628=ORIENTED_EDGE('',*,*,#3745,.T.);
#2629=ORIENTED_EDGE('',*,*,#3758,.F.);
#2630=ORIENTED_EDGE('',*,*,#3518,.F.);
#2631=ORIENTED_EDGE('',*,*,#3757,.T.);
#2632=ORIENTED_EDGE('',*,*,#3744,.T.);
#2633=ORIENTED_EDGE('',*,*,#3759,.F.);
#2634=ORIENTED_EDGE('',*,*,#3511,.F.);
#2635=ORIENTED_EDGE('',*,*,#3758,.T.);
#2636=ORIENTED_EDGE('',*,*,#3743,.T.);
#2637=ORIENTED_EDGE('',*,*,#3748,.F.);
#2638=ORIENTED_EDGE('',*,*,#3512,.F.);
#2639=ORIENTED_EDGE('',*,*,#3759,.T.);
#2640=ORIENTED_EDGE('',*,*,#3742,.T.);
#2641=ORIENTED_EDGE('',*,*,#3760,.F.);
#2642=ORIENTED_EDGE('',*,*,#3761,.F.);
#2643=ORIENTED_EDGE('',*,*,#3762,.F.);
#2644=ORIENTED_EDGE('',*,*,#3763,.F.);
#2645=ORIENTED_EDGE('',*,*,#3764,.F.);
#2646=ORIENTED_EDGE('',*,*,#3765,.F.);
#2647=ORIENTED_EDGE('',*,*,#3766,.F.);
#2648=ORIENTED_EDGE('',*,*,#3767,.F.);
#2649=ORIENTED_EDGE('',*,*,#3768,.F.);
#2650=ORIENTED_EDGE('',*,*,#3521,.F.);
#2651=ORIENTED_EDGE('',*,*,#3769,.T.);
#2652=ORIENTED_EDGE('',*,*,#3761,.T.);
#2653=ORIENTED_EDGE('',*,*,#3770,.F.);
#2654=ORIENTED_EDGE('',*,*,#3771,.F.);
#2655=ORIENTED_EDGE('',*,*,#3522,.F.);
#2656=ORIENTED_EDGE('',*,*,#3770,.T.);
#2657=ORIENTED_EDGE('',*,*,#3760,.T.);
#2658=ORIENTED_EDGE('',*,*,#3772,.F.);
#2659=ORIENTED_EDGE('',*,*,#3523,.F.);
#2660=ORIENTED_EDGE('',*,*,#3771,.T.);
#2661=ORIENTED_EDGE('',*,*,#3768,.T.);
#2662=ORIENTED_EDGE('',*,*,#3773,.F.);
#2663=ORIENTED_EDGE('',*,*,#3524,.F.);
#2664=ORIENTED_EDGE('',*,*,#3772,.T.);
#2665=ORIENTED_EDGE('',*,*,#3767,.T.);
#2666=ORIENTED_EDGE('',*,*,#3774,.F.);
#2667=ORIENTED_EDGE('',*,*,#3525,.F.);
#2668=ORIENTED_EDGE('',*,*,#3773,.T.);
#2669=ORIENTED_EDGE('',*,*,#3766,.T.);
#2670=ORIENTED_EDGE('',*,*,#3775,.F.);
#2671=ORIENTED_EDGE('',*,*,#3526,.F.);
#2672=ORIENTED_EDGE('',*,*,#3774,.T.);
#2673=ORIENTED_EDGE('',*,*,#3765,.T.);
#2674=ORIENTED_EDGE('',*,*,#3776,.F.);
#2675=ORIENTED_EDGE('',*,*,#3527,.F.);
#2676=ORIENTED_EDGE('',*,*,#3775,.T.);
#2677=ORIENTED_EDGE('',*,*,#3764,.T.);
#2678=ORIENTED_EDGE('',*,*,#3777,.F.);
#2679=ORIENTED_EDGE('',*,*,#3519,.F.);
#2680=ORIENTED_EDGE('',*,*,#3776,.T.);
#2681=ORIENTED_EDGE('',*,*,#3763,.T.);
#2682=ORIENTED_EDGE('',*,*,#3769,.F.);
#2683=ORIENTED_EDGE('',*,*,#3520,.F.);
#2684=ORIENTED_EDGE('',*,*,#3777,.T.);
#2685=ORIENTED_EDGE('',*,*,#3762,.T.);
#2686=ORIENTED_EDGE('',*,*,#3778,.F.);
#2687=ORIENTED_EDGE('',*,*,#3779,.F.);
#2688=ORIENTED_EDGE('',*,*,#3780,.F.);
#2689=ORIENTED_EDGE('',*,*,#3781,.F.);
#2690=ORIENTED_EDGE('',*,*,#3782,.F.);
#2691=ORIENTED_EDGE('',*,*,#3783,.F.);
#2692=ORIENTED_EDGE('',*,*,#3784,.F.);
#2693=ORIENTED_EDGE('',*,*,#3785,.F.);
#2694=ORIENTED_EDGE('',*,*,#3786,.F.);
#2695=ORIENTED_EDGE('',*,*,#3787,.F.);
#2696=ORIENTED_EDGE('',*,*,#3788,.F.);
#2697=ORIENTED_EDGE('',*,*,#3789,.F.);
#2698=ORIENTED_EDGE('',*,*,#3790,.F.);
#2699=ORIENTED_EDGE('',*,*,#3791,.F.);
#2700=ORIENTED_EDGE('',*,*,#3792,.F.);
#2701=ORIENTED_EDGE('',*,*,#3793,.F.);
#2702=ORIENTED_EDGE('',*,*,#3794,.F.);
#2703=ORIENTED_EDGE('',*,*,#3795,.F.);
#2704=ORIENTED_EDGE('',*,*,#3796,.F.);
#2705=ORIENTED_EDGE('',*,*,#3797,.F.);
#2706=ORIENTED_EDGE('',*,*,#3798,.F.);
#2707=ORIENTED_EDGE('',*,*,#3799,.F.);
#2708=ORIENTED_EDGE('',*,*,#3800,.F.);
#2709=ORIENTED_EDGE('',*,*,#3801,.F.);
#2710=ORIENTED_EDGE('',*,*,#3802,.F.);
#2711=ORIENTED_EDGE('',*,*,#3803,.F.);
#2712=ORIENTED_EDGE('',*,*,#3804,.F.);
#2713=ORIENTED_EDGE('',*,*,#3805,.F.);
#2714=ORIENTED_EDGE('',*,*,#3529,.F.);
#2715=ORIENTED_EDGE('',*,*,#3806,.T.);
#2716=ORIENTED_EDGE('',*,*,#3779,.T.);
#2717=ORIENTED_EDGE('',*,*,#3807,.F.);
#2718=ORIENTED_EDGE('',*,*,#3808,.F.);
#2719=ORIENTED_EDGE('',*,*,#3530,.F.);
#2720=ORIENTED_EDGE('',*,*,#3807,.T.);
#2721=ORIENTED_EDGE('',*,*,#3778,.T.);
#2722=ORIENTED_EDGE('',*,*,#3809,.F.);
#2723=ORIENTED_EDGE('',*,*,#3531,.F.);
#2724=ORIENTED_EDGE('',*,*,#3808,.T.);
#2725=ORIENTED_EDGE('',*,*,#3805,.T.);
#2726=ORIENTED_EDGE('',*,*,#3810,.F.);
#2727=ORIENTED_EDGE('',*,*,#3532,.F.);
#2728=ORIENTED_EDGE('',*,*,#3809,.T.);
#2729=ORIENTED_EDGE('',*,*,#3804,.T.);
#2730=ORIENTED_EDGE('',*,*,#3811,.F.);
#2731=ORIENTED_EDGE('',*,*,#3533,.F.);
#2732=ORIENTED_EDGE('',*,*,#3810,.T.);
#2733=ORIENTED_EDGE('',*,*,#3803,.T.);
#2734=ORIENTED_EDGE('',*,*,#3812,.F.);
#2735=ORIENTED_EDGE('',*,*,#3534,.F.);
#2736=ORIENTED_EDGE('',*,*,#3811,.T.);
#2737=ORIENTED_EDGE('',*,*,#3802,.T.);
#2738=ORIENTED_EDGE('',*,*,#3813,.F.);
#2739=ORIENTED_EDGE('',*,*,#3535,.F.);
#2740=ORIENTED_EDGE('',*,*,#3812,.T.);
#2741=ORIENTED_EDGE('',*,*,#3801,.T.);
#2742=ORIENTED_EDGE('',*,*,#3814,.F.);
#2743=ORIENTED_EDGE('',*,*,#3536,.F.);
#2744=ORIENTED_EDGE('',*,*,#3813,.T.);
#2745=ORIENTED_EDGE('',*,*,#3800,.T.);
#2746=ORIENTED_EDGE('',*,*,#3815,.F.);
#2747=ORIENTED_EDGE('',*,*,#3537,.F.);
#2748=ORIENTED_EDGE('',*,*,#3814,.T.);
#2749=ORIENTED_EDGE('',*,*,#3799,.T.);
#2750=ORIENTED_EDGE('',*,*,#3816,.F.);
#2751=ORIENTED_EDGE('',*,*,#3538,.F.);
#2752=ORIENTED_EDGE('',*,*,#3815,.T.);
#2753=ORIENTED_EDGE('',*,*,#3798,.T.);
#2754=ORIENTED_EDGE('',*,*,#3817,.F.);
#2755=ORIENTED_EDGE('',*,*,#3539,.F.);
#2756=ORIENTED_EDGE('',*,*,#3816,.T.);
#2757=ORIENTED_EDGE('',*,*,#3797,.T.);
#2758=ORIENTED_EDGE('',*,*,#3818,.F.);
#2759=ORIENTED_EDGE('',*,*,#3540,.F.);
#2760=ORIENTED_EDGE('',*,*,#3817,.T.);
#2761=ORIENTED_EDGE('',*,*,#3796,.T.);
#2762=ORIENTED_EDGE('',*,*,#3819,.F.);
#2763=ORIENTED_EDGE('',*,*,#3541,.F.);
#2764=ORIENTED_EDGE('',*,*,#3818,.T.);
#2765=ORIENTED_EDGE('',*,*,#3795,.T.);
#2766=ORIENTED_EDGE('',*,*,#3820,.F.);
#2767=ORIENTED_EDGE('',*,*,#3542,.F.);
#2768=ORIENTED_EDGE('',*,*,#3819,.T.);
#2769=ORIENTED_EDGE('',*,*,#3794,.T.);
#2770=ORIENTED_EDGE('',*,*,#3821,.F.);
#2771=ORIENTED_EDGE('',*,*,#3543,.F.);
#2772=ORIENTED_EDGE('',*,*,#3820,.T.);
#2773=ORIENTED_EDGE('',*,*,#3793,.T.);
#2774=ORIENTED_EDGE('',*,*,#3822,.F.);
#2775=ORIENTED_EDGE('',*,*,#3544,.F.);
#2776=ORIENTED_EDGE('',*,*,#3821,.T.);
#2777=ORIENTED_EDGE('',*,*,#3792,.T.);
#2778=ORIENTED_EDGE('',*,*,#3823,.F.);
#2779=ORIENTED_EDGE('',*,*,#3545,.F.);
#2780=ORIENTED_EDGE('',*,*,#3822,.T.);
#2781=ORIENTED_EDGE('',*,*,#3791,.T.);
#2782=ORIENTED_EDGE('',*,*,#3824,.F.);
#2783=ORIENTED_EDGE('',*,*,#3546,.F.);
#2784=ORIENTED_EDGE('',*,*,#3823,.T.);
#2785=ORIENTED_EDGE('',*,*,#3790,.T.);
#2786=ORIENTED_EDGE('',*,*,#3825,.F.);
#2787=ORIENTED_EDGE('',*,*,#3547,.F.);
#2788=ORIENTED_EDGE('',*,*,#3824,.T.);
#2789=ORIENTED_EDGE('',*,*,#3789,.T.);
#2790=ORIENTED_EDGE('',*,*,#3826,.F.);
#2791=ORIENTED_EDGE('',*,*,#3548,.F.);
#2792=ORIENTED_EDGE('',*,*,#3825,.T.);
#2793=ORIENTED_EDGE('',*,*,#3788,.T.);
#2794=ORIENTED_EDGE('',*,*,#3827,.F.);
#2795=ORIENTED_EDGE('',*,*,#3549,.F.);
#2796=ORIENTED_EDGE('',*,*,#3826,.T.);
#2797=ORIENTED_EDGE('',*,*,#3787,.T.);
#2798=ORIENTED_EDGE('',*,*,#3828,.F.);
#2799=ORIENTED_EDGE('',*,*,#3550,.F.);
#2800=ORIENTED_EDGE('',*,*,#3827,.T.);
#2801=ORIENTED_EDGE('',*,*,#3786,.T.);
#2802=ORIENTED_EDGE('',*,*,#3829,.F.);
#2803=ORIENTED_EDGE('',*,*,#3551,.F.);
#2804=ORIENTED_EDGE('',*,*,#3828,.T.);
#2805=ORIENTED_EDGE('',*,*,#3785,.T.);
#2806=ORIENTED_EDGE('',*,*,#3830,.F.);
#2807=ORIENTED_EDGE('',*,*,#3552,.F.);
#2808=ORIENTED_EDGE('',*,*,#3829,.T.);
#2809=ORIENTED_EDGE('',*,*,#3784,.T.);
#2810=ORIENTED_EDGE('',*,*,#3831,.F.);
#2811=ORIENTED_EDGE('',*,*,#3553,.F.);
#2812=ORIENTED_EDGE('',*,*,#3830,.T.);
#2813=ORIENTED_EDGE('',*,*,#3783,.T.);
#2814=ORIENTED_EDGE('',*,*,#3832,.F.);
#2815=ORIENTED_EDGE('',*,*,#3554,.F.);
#2816=ORIENTED_EDGE('',*,*,#3831,.T.);
#2817=ORIENTED_EDGE('',*,*,#3782,.T.);
#2818=ORIENTED_EDGE('',*,*,#3833,.F.);
#2819=ORIENTED_EDGE('',*,*,#3555,.F.);
#2820=ORIENTED_EDGE('',*,*,#3832,.T.);
#2821=ORIENTED_EDGE('',*,*,#3781,.T.);
#2822=ORIENTED_EDGE('',*,*,#3806,.F.);
#2823=ORIENTED_EDGE('',*,*,#3528,.F.);
#2824=ORIENTED_EDGE('',*,*,#3833,.T.);
#2825=ORIENTED_EDGE('',*,*,#3780,.T.);
#2826=ORIENTED_EDGE('',*,*,#3700,.T.);
#2827=ORIENTED_EDGE('',*,*,#3709,.T.);
#2828=ORIENTED_EDGE('',*,*,#3706,.T.);
#2829=ORIENTED_EDGE('',*,*,#3703,.T.);
#2830=ORIENTED_EDGE('',*,*,#3834,.F.);
#2831=ORIENTED_EDGE('',*,*,#3835,.F.);
#2832=ORIENTED_EDGE('',*,*,#3836,.F.);
#2833=ORIENTED_EDGE('',*,*,#3837,.F.);
#2834=ORIENTED_EDGE('',*,*,#3838,.F.);
#2835=ORIENTED_EDGE('',*,*,#3839,.F.);
#2836=ORIENTED_EDGE('',*,*,#3840,.F.);
#2837=ORIENTED_EDGE('',*,*,#3841,.F.);
#2838=ORIENTED_EDGE('',*,*,#3842,.F.);
#2839=ORIENTED_EDGE('',*,*,#3843,.F.);
#2840=ORIENTED_EDGE('',*,*,#3844,.F.);
#2841=ORIENTED_EDGE('',*,*,#3845,.F.);
#2842=ORIENTED_EDGE('',*,*,#3461,.F.);
#2843=ORIENTED_EDGE('',*,*,#3846,.T.);
#2844=ORIENTED_EDGE('',*,*,#3839,.T.);
#2845=ORIENTED_EDGE('',*,*,#3847,.F.);
#2846=ORIENTED_EDGE('',*,*,#3230,.F.);
#2847=ORIENTED_EDGE('',*,*,#3848,.T.);
#2848=ORIENTED_EDGE('',*,*,#3835,.T.);
#2849=ORIENTED_EDGE('',*,*,#3849,.F.);
#2850=ORIENTED_EDGE('',*,*,#3850,.F.);
#2851=ORIENTED_EDGE('',*,*,#3231,.F.);
#2852=ORIENTED_EDGE('',*,*,#3849,.T.);
#2853=ORIENTED_EDGE('',*,*,#3834,.T.);
#2854=ORIENTED_EDGE('',*,*,#3851,.F.);
#2855=ORIENTED_EDGE('',*,*,#3232,.F.);
#2856=ORIENTED_EDGE('',*,*,#3850,.T.);
#2857=ORIENTED_EDGE('',*,*,#3837,.T.);
#2858=ORIENTED_EDGE('',*,*,#3848,.F.);
#2859=ORIENTED_EDGE('',*,*,#3229,.F.);
#2860=ORIENTED_EDGE('',*,*,#3851,.T.);
#2861=ORIENTED_EDGE('',*,*,#3836,.T.);
#2862=ORIENTED_EDGE('',*,*,#3852,.F.);
#2863=ORIENTED_EDGE('',*,*,#3462,.F.);
#2864=ORIENTED_EDGE('',*,*,#3847,.T.);
#2865=ORIENTED_EDGE('',*,*,#3838,.T.);
#2866=ORIENTED_EDGE('',*,*,#3853,.F.);
#2867=ORIENTED_EDGE('',*,*,#3463,.F.);
#2868=ORIENTED_EDGE('',*,*,#3852,.T.);
#2869=ORIENTED_EDGE('',*,*,#3845,.T.);
#2870=ORIENTED_EDGE('',*,*,#3854,.F.);
#2871=ORIENTED_EDGE('',*,*,#3464,.F.);
#2872=ORIENTED_EDGE('',*,*,#3853,.T.);
#2873=ORIENTED_EDGE('',*,*,#3844,.T.);
#2874=ORIENTED_EDGE('',*,*,#3855,.F.);
#2875=ORIENTED_EDGE('',*,*,#3465,.F.);
#2876=ORIENTED_EDGE('',*,*,#3854,.T.);
#2877=ORIENTED_EDGE('',*,*,#3843,.T.);
#2878=ORIENTED_EDGE('',*,*,#3856,.F.);
#2879=ORIENTED_EDGE('',*,*,#3466,.F.);
#2880=ORIENTED_EDGE('',*,*,#3855,.T.);
#2881=ORIENTED_EDGE('',*,*,#3842,.T.);
#2882=ORIENTED_EDGE('',*,*,#3857,.F.);
#2883=ORIENTED_EDGE('',*,*,#3459,.F.);
#2884=ORIENTED_EDGE('',*,*,#3856,.T.);
#2885=ORIENTED_EDGE('',*,*,#3841,.T.);
#2886=ORIENTED_EDGE('',*,*,#3846,.F.);
#2887=ORIENTED_EDGE('',*,*,#3460,.F.);
#2888=ORIENTED_EDGE('',*,*,#3857,.T.);
#2889=ORIENTED_EDGE('',*,*,#3840,.T.);
#2890=ORIENTED_EDGE('',*,*,#3858,.F.);
#2891=ORIENTED_EDGE('',*,*,#3859,.F.);
#2892=ORIENTED_EDGE('',*,*,#3860,.F.);
#2893=ORIENTED_EDGE('',*,*,#3861,.F.);
#2894=ORIENTED_EDGE('',*,*,#3862,.F.);
#2895=ORIENTED_EDGE('',*,*,#3863,.F.);
#2896=ORIENTED_EDGE('',*,*,#3864,.F.);
#2897=ORIENTED_EDGE('',*,*,#3865,.F.);
#2898=ORIENTED_EDGE('',*,*,#3866,.F.);
#2899=ORIENTED_EDGE('',*,*,#3867,.F.);
#2900=ORIENTED_EDGE('',*,*,#3868,.F.);
#2901=ORIENTED_EDGE('',*,*,#3869,.F.);
#2902=ORIENTED_EDGE('',*,*,#3870,.F.);
#2903=ORIENTED_EDGE('',*,*,#3871,.F.);
#2904=ORIENTED_EDGE('',*,*,#3872,.F.);
#2905=ORIENTED_EDGE('',*,*,#3873,.F.);
#2906=ORIENTED_EDGE('',*,*,#3874,.F.);
#2907=ORIENTED_EDGE('',*,*,#3875,.F.);
#2908=ORIENTED_EDGE('',*,*,#3876,.F.);
#2909=ORIENTED_EDGE('',*,*,#3442,.F.);
#2910=ORIENTED_EDGE('',*,*,#3877,.T.);
#2911=ORIENTED_EDGE('',*,*,#3859,.T.);
#2912=ORIENTED_EDGE('',*,*,#3878,.F.);
#2913=ORIENTED_EDGE('',*,*,#3879,.F.);
#2914=ORIENTED_EDGE('',*,*,#3443,.F.);
#2915=ORIENTED_EDGE('',*,*,#3878,.T.);
#2916=ORIENTED_EDGE('',*,*,#3858,.T.);
#2917=ORIENTED_EDGE('',*,*,#3880,.F.);
#2918=ORIENTED_EDGE('',*,*,#3444,.F.);
#2919=ORIENTED_EDGE('',*,*,#3879,.T.);
#2920=ORIENTED_EDGE('',*,*,#3876,.T.);
#2921=ORIENTED_EDGE('',*,*,#3881,.F.);
#2922=ORIENTED_EDGE('',*,*,#3445,.F.);
#2923=ORIENTED_EDGE('',*,*,#3880,.T.);
#2924=ORIENTED_EDGE('',*,*,#3875,.T.);
#2925=ORIENTED_EDGE('',*,*,#3882,.F.);
#2926=ORIENTED_EDGE('',*,*,#3446,.F.);
#2927=ORIENTED_EDGE('',*,*,#3881,.T.);
#2928=ORIENTED_EDGE('',*,*,#3874,.T.);
#2929=ORIENTED_EDGE('',*,*,#3883,.F.);
#2930=ORIENTED_EDGE('',*,*,#3447,.F.);
#2931=ORIENTED_EDGE('',*,*,#3882,.T.);
#2932=ORIENTED_EDGE('',*,*,#3873,.T.);
#2933=ORIENTED_EDGE('',*,*,#3884,.F.);
#2934=ORIENTED_EDGE('',*,*,#3448,.F.);
#2935=ORIENTED_EDGE('',*,*,#3883,.T.);
#2936=ORIENTED_EDGE('',*,*,#3872,.T.);
#2937=ORIENTED_EDGE('',*,*,#3885,.F.);
#2938=ORIENTED_EDGE('',*,*,#3449,.F.);
#2939=ORIENTED_EDGE('',*,*,#3884,.T.);
#2940=ORIENTED_EDGE('',*,*,#3871,.T.);
#2941=ORIENTED_EDGE('',*,*,#3886,.F.);
#2942=ORIENTED_EDGE('',*,*,#3450,.F.);
#2943=ORIENTED_EDGE('',*,*,#3885,.T.);
#2944=ORIENTED_EDGE('',*,*,#3870,.T.);
#2945=ORIENTED_EDGE('',*,*,#3887,.F.);
#2946=ORIENTED_EDGE('',*,*,#3451,.F.);
#2947=ORIENTED_EDGE('',*,*,#3886,.T.);
#2948=ORIENTED_EDGE('',*,*,#3869,.T.);
#2949=ORIENTED_EDGE('',*,*,#3888,.F.);
#2950=ORIENTED_EDGE('',*,*,#3452,.F.);
#2951=ORIENTED_EDGE('',*,*,#3887,.T.);
#2952=ORIENTED_EDGE('',*,*,#3868,.T.);
#2953=ORIENTED_EDGE('',*,*,#3889,.F.);
#2954=ORIENTED_EDGE('',*,*,#3453,.F.);
#2955=ORIENTED_EDGE('',*,*,#3888,.T.);
#2956=ORIENTED_EDGE('',*,*,#3867,.T.);
#2957=ORIENTED_EDGE('',*,*,#3890,.F.);
#2958=ORIENTED_EDGE('',*,*,#3454,.F.);
#2959=ORIENTED_EDGE('',*,*,#3889,.T.);
#2960=ORIENTED_EDGE('',*,*,#3866,.T.);
#2961=ORIENTED_EDGE('',*,*,#3891,.F.);
#2962=ORIENTED_EDGE('',*,*,#3455,.F.);
#2963=ORIENTED_EDGE('',*,*,#3890,.T.);
#2964=ORIENTED_EDGE('',*,*,#3865,.T.);
#2965=ORIENTED_EDGE('',*,*,#3892,.F.);
#2966=ORIENTED_EDGE('',*,*,#3456,.F.);
#2967=ORIENTED_EDGE('',*,*,#3891,.T.);
#2968=ORIENTED_EDGE('',*,*,#3864,.T.);
#2969=ORIENTED_EDGE('',*,*,#3893,.F.);
#2970=ORIENTED_EDGE('',*,*,#3457,.F.);
#2971=ORIENTED_EDGE('',*,*,#3892,.T.);
#2972=ORIENTED_EDGE('',*,*,#3863,.T.);
#2973=ORIENTED_EDGE('',*,*,#3894,.F.);
#2974=ORIENTED_EDGE('',*,*,#3458,.F.);
#2975=ORIENTED_EDGE('',*,*,#3893,.T.);
#2976=ORIENTED_EDGE('',*,*,#3862,.T.);
#2977=ORIENTED_EDGE('',*,*,#3895,.F.);
#2978=ORIENTED_EDGE('',*,*,#3440,.F.);
#2979=ORIENTED_EDGE('',*,*,#3894,.T.);
#2980=ORIENTED_EDGE('',*,*,#3861,.T.);
#2981=ORIENTED_EDGE('',*,*,#3877,.F.);
#2982=ORIENTED_EDGE('',*,*,#3441,.F.);
#2983=ORIENTED_EDGE('',*,*,#3895,.T.);
#2984=ORIENTED_EDGE('',*,*,#3860,.T.);
#2985=ORIENTED_EDGE('',*,*,#3896,.F.);
#2986=ORIENTED_EDGE('',*,*,#3897,.F.);
#2987=ORIENTED_EDGE('',*,*,#3898,.F.);
#2988=ORIENTED_EDGE('',*,*,#3899,.F.);
#2989=ORIENTED_EDGE('',*,*,#3900,.F.);
#2990=ORIENTED_EDGE('',*,*,#3901,.F.);
#2991=ORIENTED_EDGE('',*,*,#3902,.F.);
#2992=ORIENTED_EDGE('',*,*,#3903,.F.);
#2993=ORIENTED_EDGE('',*,*,#3904,.F.);
#2994=ORIENTED_EDGE('',*,*,#3905,.F.);
#2995=ORIENTED_EDGE('',*,*,#3906,.F.);
#2996=ORIENTED_EDGE('',*,*,#3907,.F.);
#2997=ORIENTED_EDGE('',*,*,#3430,.F.);
#2998=ORIENTED_EDGE('',*,*,#3908,.T.);
#2999=ORIENTED_EDGE('',*,*,#3897,.T.);
#3000=ORIENTED_EDGE('',*,*,#3909,.F.);
#3001=ORIENTED_EDGE('',*,*,#3910,.F.);
#3002=ORIENTED_EDGE('',*,*,#3431,.F.);
#3003=ORIENTED_EDGE('',*,*,#3909,.T.);
#3004=ORIENTED_EDGE('',*,*,#3896,.T.);
#3005=ORIENTED_EDGE('',*,*,#3911,.F.);
#3006=ORIENTED_EDGE('',*,*,#3432,.F.);
#3007=ORIENTED_EDGE('',*,*,#3910,.T.);
#3008=ORIENTED_EDGE('',*,*,#3907,.T.);
#3009=ORIENTED_EDGE('',*,*,#3912,.F.);
#3010=ORIENTED_EDGE('',*,*,#3433,.F.);
#3011=ORIENTED_EDGE('',*,*,#3911,.T.);
#3012=ORIENTED_EDGE('',*,*,#3906,.T.);
#3013=ORIENTED_EDGE('',*,*,#3913,.F.);
#3014=ORIENTED_EDGE('',*,*,#3434,.F.);
#3015=ORIENTED_EDGE('',*,*,#3912,.T.);
#3016=ORIENTED_EDGE('',*,*,#3905,.T.);
#3017=ORIENTED_EDGE('',*,*,#3914,.F.);
#3018=ORIENTED_EDGE('',*,*,#3435,.F.);
#3019=ORIENTED_EDGE('',*,*,#3913,.T.);
#3020=ORIENTED_EDGE('',*,*,#3904,.T.);
#3021=ORIENTED_EDGE('',*,*,#3915,.F.);
#3022=ORIENTED_EDGE('',*,*,#3436,.F.);
#3023=ORIENTED_EDGE('',*,*,#3914,.T.);
#3024=ORIENTED_EDGE('',*,*,#3903,.T.);
#3025=ORIENTED_EDGE('',*,*,#3916,.F.);
#3026=ORIENTED_EDGE('',*,*,#3437,.F.);
#3027=ORIENTED_EDGE('',*,*,#3915,.T.);
#3028=ORIENTED_EDGE('',*,*,#3902,.T.);
#3029=ORIENTED_EDGE('',*,*,#3917,.F.);
#3030=ORIENTED_EDGE('',*,*,#3438,.F.);
#3031=ORIENTED_EDGE('',*,*,#3916,.T.);
#3032=ORIENTED_EDGE('',*,*,#3901,.T.);
#3033=ORIENTED_EDGE('',*,*,#3918,.F.);
#3034=ORIENTED_EDGE('',*,*,#3439,.F.);
#3035=ORIENTED_EDGE('',*,*,#3917,.T.);
#3036=ORIENTED_EDGE('',*,*,#3900,.T.);
#3037=ORIENTED_EDGE('',*,*,#3919,.F.);
#3038=ORIENTED_EDGE('',*,*,#3428,.F.);
#3039=ORIENTED_EDGE('',*,*,#3918,.T.);
#3040=ORIENTED_EDGE('',*,*,#3899,.T.);
#3041=ORIENTED_EDGE('',*,*,#3908,.F.);
#3042=ORIENTED_EDGE('',*,*,#3429,.F.);
#3043=ORIENTED_EDGE('',*,*,#3919,.T.);
#3044=ORIENTED_EDGE('',*,*,#3898,.T.);
#3045=ORIENTED_EDGE('',*,*,#3216,.T.);
#3046=ORIENTED_EDGE('',*,*,#3225,.T.);
#3047=ORIENTED_EDGE('',*,*,#3222,.T.);
#3048=ORIENTED_EDGE('',*,*,#3219,.T.);
#3049=ORIENTED_EDGE('',*,*,#3920,.T.);
#3050=ORIENTED_EDGE('',*,*,#3921,.T.);
#3051=ORIENTED_EDGE('',*,*,#3922,.T.);
#3052=ORIENTED_EDGE('',*,*,#3923,.T.);
#3053=ORIENTED_EDGE('',*,*,#3924,.T.);
#3054=ORIENTED_EDGE('',*,*,#3925,.T.);
#3055=ORIENTED_EDGE('',*,*,#3926,.T.);
#3056=ORIENTED_EDGE('',*,*,#3927,.T.);
#3057=ORIENTED_EDGE('',*,*,#3928,.T.);
#3058=ORIENTED_EDGE('',*,*,#3929,.T.);
#3059=ORIENTED_EDGE('',*,*,#3930,.T.);
#3060=ORIENTED_EDGE('',*,*,#3921,.F.);
#3061=ORIENTED_EDGE('',*,*,#3931,.T.);
#3062=ORIENTED_EDGE('',*,*,#3932,.T.);
#3063=ORIENTED_EDGE('',*,*,#3933,.T.);
#3064=ORIENTED_EDGE('',*,*,#3934,.T.);
#3065=ORIENTED_EDGE('',*,*,#3935,.T.);
#3066=ORIENTED_EDGE('',*,*,#3936,.T.);
#3067=ORIENTED_EDGE('',*,*,#3937,.T.);
#3068=ORIENTED_EDGE('',*,*,#3938,.T.);
#3069=ORIENTED_EDGE('',*,*,#3939,.T.);
#3070=ORIENTED_EDGE('',*,*,#3940,.T.);
#3071=ORIENTED_EDGE('',*,*,#3940,.F.);
#3072=ORIENTED_EDGE('',*,*,#3930,.F.);
#3073=ORIENTED_EDGE('',*,*,#3920,.F.);
#3074=ORIENTED_EDGE('',*,*,#3939,.F.);
#3075=ORIENTED_EDGE('',*,*,#3941,.T.);
#3076=ORIENTED_EDGE('',*,*,#3942,.F.);
#3077=ORIENTED_EDGE('',*,*,#3942,.T.);
#3078=ORIENTED_EDGE('',*,*,#3943,.T.);
#3079=ORIENTED_EDGE('',*,*,#3944,.F.);
#3080=ORIENTED_EDGE('',*,*,#3944,.T.);
#3081=ORIENTED_EDGE('',*,*,#3945,.T.);
#3082=ORIENTED_EDGE('',*,*,#3946,.F.);
#3083=ORIENTED_EDGE('',*,*,#3946,.T.);
#3084=ORIENTED_EDGE('',*,*,#3947,.T.);
#3085=ORIENTED_EDGE('',*,*,#3948,.F.);
#3086=ORIENTED_EDGE('',*,*,#3948,.T.);
#3087=ORIENTED_EDGE('',*,*,#3949,.T.);
#3088=ORIENTED_EDGE('',*,*,#3950,.F.);
#3089=ORIENTED_EDGE('',*,*,#3950,.T.);
#3090=ORIENTED_EDGE('',*,*,#3951,.T.);
#3091=ORIENTED_EDGE('',*,*,#3952,.F.);
#3092=ORIENTED_EDGE('',*,*,#3952,.T.);
#3093=ORIENTED_EDGE('',*,*,#3953,.T.);
#3094=ORIENTED_EDGE('',*,*,#3954,.F.);
#3095=ORIENTED_EDGE('',*,*,#3954,.T.);
#3096=ORIENTED_EDGE('',*,*,#3955,.T.);
#3097=ORIENTED_EDGE('',*,*,#3956,.F.);
#3098=ORIENTED_EDGE('',*,*,#3956,.T.);
#3099=ORIENTED_EDGE('',*,*,#3957,.T.);
#3100=ORIENTED_EDGE('',*,*,#3958,.T.);
#3101=ORIENTED_EDGE('',*,*,#3958,.F.);
#3102=ORIENTED_EDGE('',*,*,#3959,.T.);
#3103=ORIENTED_EDGE('',*,*,#3960,.T.);
#3104=ORIENTED_EDGE('',*,*,#3960,.F.);
#3105=ORIENTED_EDGE('',*,*,#3961,.T.);
#3106=ORIENTED_EDGE('',*,*,#3962,.T.);
#3107=ORIENTED_EDGE('',*,*,#3962,.F.);
#3108=ORIENTED_EDGE('',*,*,#3963,.T.);
#3109=ORIENTED_EDGE('',*,*,#3964,.T.);
#3110=ORIENTED_EDGE('',*,*,#3964,.F.);
#3111=ORIENTED_EDGE('',*,*,#3965,.T.);
#3112=ORIENTED_EDGE('',*,*,#3966,.T.);
#3113=ORIENTED_EDGE('',*,*,#3966,.F.);
#3114=ORIENTED_EDGE('',*,*,#3967,.T.);
#3115=ORIENTED_EDGE('',*,*,#3968,.T.);
#3116=ORIENTED_EDGE('',*,*,#3968,.F.);
#3117=ORIENTED_EDGE('',*,*,#3969,.T.);
#3118=ORIENTED_EDGE('',*,*,#3970,.T.);
#3119=ORIENTED_EDGE('',*,*,#3970,.F.);
#3120=ORIENTED_EDGE('',*,*,#3971,.T.);
#3121=ORIENTED_EDGE('',*,*,#3972,.T.);
#3122=ORIENTED_EDGE('',*,*,#3972,.F.);
#3123=ORIENTED_EDGE('',*,*,#3922,.F.);
#3124=ORIENTED_EDGE('',*,*,#3941,.F.);
#3125=ORIENTED_EDGE('',*,*,#3923,.F.);
#3126=ORIENTED_EDGE('',*,*,#3943,.F.);
#3127=ORIENTED_EDGE('',*,*,#3924,.F.);
#3128=ORIENTED_EDGE('',*,*,#3945,.F.);
#3129=ORIENTED_EDGE('',*,*,#3925,.F.);
#3130=ORIENTED_EDGE('',*,*,#3947,.F.);
#3131=ORIENTED_EDGE('',*,*,#3926,.F.);
#3132=ORIENTED_EDGE('',*,*,#3949,.F.);
#3133=ORIENTED_EDGE('',*,*,#3927,.F.);
#3134=ORIENTED_EDGE('',*,*,#3951,.F.);
#3135=ORIENTED_EDGE('',*,*,#3928,.F.);
#3136=ORIENTED_EDGE('',*,*,#3953,.F.);
#3137=ORIENTED_EDGE('',*,*,#3929,.F.);
#3138=ORIENTED_EDGE('',*,*,#3955,.F.);
#3139=ORIENTED_EDGE('',*,*,#3957,.F.);
#3140=ORIENTED_EDGE('',*,*,#3931,.F.);
#3141=ORIENTED_EDGE('',*,*,#3971,.F.);
#3142=ORIENTED_EDGE('',*,*,#3932,.F.);
#3143=ORIENTED_EDGE('',*,*,#3969,.F.);
#3144=ORIENTED_EDGE('',*,*,#3933,.F.);
#3145=ORIENTED_EDGE('',*,*,#3967,.F.);
#3146=ORIENTED_EDGE('',*,*,#3934,.F.);
#3147=ORIENTED_EDGE('',*,*,#3965,.F.);
#3148=ORIENTED_EDGE('',*,*,#3935,.F.);
#3149=ORIENTED_EDGE('',*,*,#3963,.F.);
#3150=ORIENTED_EDGE('',*,*,#3936,.F.);
#3151=ORIENTED_EDGE('',*,*,#3961,.F.);
#3152=ORIENTED_EDGE('',*,*,#3937,.F.);
#3153=ORIENTED_EDGE('',*,*,#3959,.F.);
#3154=ORIENTED_EDGE('',*,*,#3938,.F.);
#3155=EDGE_CURVE('',#3973,#3973,#4548,.T.);
#3156=EDGE_CURVE('',#3974,#3974,#4549,.T.);
#3157=EDGE_CURVE('',#3975,#3975,#4550,.T.);
#3158=EDGE_CURVE('',#3976,#3976,#4551,.T.);
#3159=EDGE_CURVE('',#3977,#3977,#4552,.T.);
#3160=EDGE_CURVE('',#3978,#3978,#4553,.T.);
#3161=EDGE_CURVE('',#3979,#3979,#4554,.T.);
#3162=EDGE_CURVE('',#3980,#3980,#4555,.T.);
#3163=EDGE_CURVE('',#3981,#3982,#227,.T.);
#3164=EDGE_CURVE('',#3983,#3981,#228,.T.);
#3165=EDGE_CURVE('',#3983,#3984,#229,.T.);
#3166=EDGE_CURVE('',#3984,#3982,#230,.T.);
#3167=EDGE_CURVE('',#3985,#3983,#231,.T.);
#3168=EDGE_CURVE('',#3985,#3986,#232,.T.);
#3169=EDGE_CURVE('',#3986,#3984,#233,.T.);
#3170=EDGE_CURVE('',#3987,#3985,#234,.T.);
#3171=EDGE_CURVE('',#3987,#3988,#235,.T.);
#3172=EDGE_CURVE('',#3988,#3986,#236,.F.);
#3173=EDGE_CURVE('',#3981,#3987,#237,.T.);
#3174=EDGE_CURVE('',#3982,#3988,#238,.F.);
#3175=EDGE_CURVE('',#3989,#3990,#239,.T.);
#3176=EDGE_CURVE('',#3991,#3989,#240,.T.);
#3177=EDGE_CURVE('',#3991,#3992,#241,.T.);
#3178=EDGE_CURVE('',#3992,#3990,#242,.T.);
#3179=EDGE_CURVE('',#3993,#3991,#243,.T.);
#3180=EDGE_CURVE('',#3993,#3994,#244,.T.);
#3181=EDGE_CURVE('',#3994,#3992,#245,.F.);
#3182=EDGE_CURVE('',#3995,#3993,#246,.T.);
#3183=EDGE_CURVE('',#3995,#3996,#247,.T.);
#3184=EDGE_CURVE('',#3996,#3994,#248,.T.);
#3185=EDGE_CURVE('',#3997,#3995,#249,.T.);
#3186=EDGE_CURVE('',#3997,#3998,#250,.T.);
#3187=EDGE_CURVE('',#3998,#3996,#251,.T.);
#3188=EDGE_CURVE('',#3999,#3997,#252,.T.);
#3189=EDGE_CURVE('',#3999,#4000,#253,.T.);
#3190=EDGE_CURVE('',#4000,#3998,#254,.F.);
#3191=EDGE_CURVE('',#3989,#3999,#255,.T.);
#3192=EDGE_CURVE('',#3990,#4000,#256,.F.);
#3193=EDGE_CURVE('',#4001,#4002,#257,.T.);
#3194=EDGE_CURVE('',#4003,#4001,#258,.T.);
#3195=EDGE_CURVE('',#4003,#4004,#259,.T.);
#3196=EDGE_CURVE('',#4004,#4002,#260,.T.);
#3197=EDGE_CURVE('',#4005,#4003,#261,.T.);
#3198=EDGE_CURVE('',#4005,#4006,#262,.T.);
#3199=EDGE_CURVE('',#4006,#4004,#263,.T.);
#3200=EDGE_CURVE('',#4007,#4005,#264,.T.);
#3201=EDGE_CURVE('',#4007,#4008,#265,.T.);
#3202=EDGE_CURVE('',#4008,#4006,#266,.F.);
#3203=EDGE_CURVE('',#4009,#4007,#267,.T.);
#3204=EDGE_CURVE('',#4009,#4010,#268,.T.);
#3205=EDGE_CURVE('',#4010,#4008,#269,.T.);
#3206=EDGE_CURVE('',#4011,#4009,#270,.T.);
#3207=EDGE_CURVE('',#4011,#4012,#271,.T.);
#3208=EDGE_CURVE('',#4012,#4010,#272,.F.);
#3209=EDGE_CURVE('',#4013,#4011,#273,.T.);
#3210=EDGE_CURVE('',#4013,#4014,#274,.T.);
#3211=EDGE_CURVE('',#4014,#4012,#275,.T.);
#3212=EDGE_CURVE('',#4015,#4013,#276,.T.);
#3213=EDGE_CURVE('',#4015,#4016,#277,.T.);
#3214=EDGE_CURVE('',#4016,#4014,#278,.F.);
#3215=EDGE_CURVE('',#4017,#4018,#84,.F.);
#3216=EDGE_CURVE('',#4019,#4017,#4556,.F.);
#3217=EDGE_CURVE('',#4019,#4020,#85,.F.);
#3218=EDGE_CURVE('',#4020,#4018,#4557,.F.);
#3219=EDGE_CURVE('',#4021,#4019,#279,.F.);
#3220=EDGE_CURVE('',#4021,#4022,#280,.T.);
#3221=EDGE_CURVE('',#4022,#4020,#281,.F.);
#3222=EDGE_CURVE('',#4023,#4021,#282,.T.);
#3223=EDGE_CURVE('',#4023,#4024,#283,.T.);
#3224=EDGE_CURVE('',#4024,#4022,#284,.T.);
#3225=EDGE_CURVE('',#4017,#4023,#86,.T.);
#3226=EDGE_CURVE('',#4018,#4024,#87,.T.);
#3227=EDGE_CURVE('',#4001,#4015,#285,.T.);
#3228=EDGE_CURVE('',#4002,#4016,#286,.T.);
#3229=EDGE_CURVE('',#4025,#4026,#4558,.F.);
#3230=EDGE_CURVE('',#4026,#4027,#88,.T.);
#3231=EDGE_CURVE('',#4027,#4028,#287,.T.);
#3232=EDGE_CURVE('',#4028,#4025,#288,.F.);
#3233=EDGE_CURVE('',#4029,#4030,#289,.T.);
#3234=EDGE_CURVE('',#4031,#4029,#290,.T.);
#3235=EDGE_CURVE('',#4031,#4032,#89,.T.);
#3236=EDGE_CURVE('',#4032,#4030,#291,.T.);
#3237=EDGE_CURVE('',#4033,#4031,#4559,.F.);
#3238=EDGE_CURVE('',#4033,#4034,#292,.T.);
#3239=EDGE_CURVE('',#4034,#4032,#4560,.F.);
#3240=EDGE_CURVE('',#4035,#4033,#293,.T.);
#3241=EDGE_CURVE('',#4035,#4036,#294,.T.);
#3242=EDGE_CURVE('',#4036,#4034,#295,.T.);
#3243=EDGE_CURVE('',#4037,#4035,#296,.T.);
#3244=EDGE_CURVE('',#4037,#4038,#297,.T.);
#3245=EDGE_CURVE('',#4038,#4036,#298,.T.);
#3246=EDGE_CURVE('',#4039,#4037,#299,.T.);
#3247=EDGE_CURVE('',#4039,#4040,#300,.T.);
#3248=EDGE_CURVE('',#4040,#4038,#301,.T.);
#3249=EDGE_CURVE('',#4041,#4039,#302,.T.);
#3250=EDGE_CURVE('',#4041,#4042,#303,.T.);
#3251=EDGE_CURVE('',#4042,#4040,#304,.T.);
#3252=EDGE_CURVE('',#4043,#4041,#305,.T.);
#3253=EDGE_CURVE('',#4043,#4044,#306,.T.);
#3254=EDGE_CURVE('',#4044,#4042,#307,.F.);
#3255=EDGE_CURVE('',#4045,#4043,#308,.T.);
#3256=EDGE_CURVE('',#4045,#4046,#309,.T.);
#3257=EDGE_CURVE('',#4046,#4044,#310,.F.);
#3258=EDGE_CURVE('',#4047,#4045,#90,.T.);
#3259=EDGE_CURVE('',#4047,#4048,#311,.T.);
#3260=EDGE_CURVE('',#4048,#4046,#91,.T.);
#3261=EDGE_CURVE('',#4049,#4047,#312,.T.);
#3262=EDGE_CURVE('',#4049,#4050,#313,.T.);
#3263=EDGE_CURVE('',#4050,#4048,#314,.F.);
#3264=EDGE_CURVE('',#4051,#4049,#315,.T.);
#3265=EDGE_CURVE('',#4051,#4052,#316,.T.);
#3266=EDGE_CURVE('',#4052,#4050,#317,.T.);
#3267=EDGE_CURVE('',#4053,#4051,#318,.T.);
#3268=EDGE_CURVE('',#4053,#4054,#319,.T.);
#3269=EDGE_CURVE('',#4054,#4052,#320,.F.);
#3270=EDGE_CURVE('',#4055,#4053,#321,.T.);
#3271=EDGE_CURVE('',#4055,#4056,#322,.T.);
#3272=EDGE_CURVE('',#4056,#4054,#323,.F.);
#3273=EDGE_CURVE('',#4029,#4055,#324,.T.);
#3274=EDGE_CURVE('',#4030,#4056,#325,.T.);
#3275=EDGE_CURVE('',#4057,#4058,#326,.T.);
#3276=EDGE_CURVE('',#4059,#4057,#327,.T.);
#3277=EDGE_CURVE('',#4059,#4060,#328,.T.);
#3278=EDGE_CURVE('',#4060,#4058,#329,.T.);
#3279=EDGE_CURVE('',#4061,#4059,#330,.T.);
#3280=EDGE_CURVE('',#4061,#4062,#331,.T.);
#3281=EDGE_CURVE('',#4062,#4060,#332,.T.);
#3282=EDGE_CURVE('',#4063,#4061,#333,.T.);
#3283=EDGE_CURVE('',#4063,#4064,#334,.T.);
#3284=EDGE_CURVE('',#4064,#4062,#335,.F.);
#3285=EDGE_CURVE('',#4057,#4063,#336,.T.);
#3286=EDGE_CURVE('',#4058,#4064,#337,.F.);
#3287=EDGE_CURVE('',#4065,#4066,#338,.T.);
#3288=EDGE_CURVE('',#4067,#4065,#339,.T.);
#3289=EDGE_CURVE('',#4067,#4068,#340,.T.);
#3290=EDGE_CURVE('',#4068,#4066,#341,.T.);
#3291=EDGE_CURVE('',#4069,#4067,#342,.T.);
#3292=EDGE_CURVE('',#4069,#4070,#343,.T.);
#3293=EDGE_CURVE('',#4070,#4068,#344,.T.);
#3294=EDGE_CURVE('',#4071,#4069,#345,.T.);
#3295=EDGE_CURVE('',#4071,#4072,#346,.T.);
#3296=EDGE_CURVE('',#4072,#4070,#347,.T.);
#3297=EDGE_CURVE('',#4073,#4071,#348,.T.);
#3298=EDGE_CURVE('',#4073,#4074,#349,.T.);
#3299=EDGE_CURVE('',#4074,#4072,#350,.F.);
#3300=EDGE_CURVE('',#4075,#4073,#351,.T.);
#3301=EDGE_CURVE('',#4075,#4076,#352,.T.);
#3302=EDGE_CURVE('',#4076,#4074,#353,.T.);
#3303=EDGE_CURVE('',#4077,#4075,#354,.T.);
#3304=EDGE_CURVE('',#4077,#4078,#355,.T.);
#3305=EDGE_CURVE('',#4078,#4076,#356,.T.);
#3306=EDGE_CURVE('',#4079,#4077,#357,.T.);
#3307=EDGE_CURVE('',#4079,#4080,#358,.T.);
#3308=EDGE_CURVE('',#4080,#4078,#359,.F.);
#3309=EDGE_CURVE('',#4081,#4079,#360,.T.);
#3310=EDGE_CURVE('',#4081,#4082,#361,.T.);
#3311=EDGE_CURVE('',#4082,#4080,#362,.F.);
#3312=EDGE_CURVE('',#4083,#4081,#363,.T.);
#3313=EDGE_CURVE('',#4083,#4084,#364,.T.);
#3314=EDGE_CURVE('',#4084,#4082,#365,.T.);
#3315=EDGE_CURVE('',#4085,#4083,#366,.T.);
#3316=EDGE_CURVE('',#4085,#4086,#367,.T.);
#3317=EDGE_CURVE('',#4086,#4084,#368,.T.);
#3318=EDGE_CURVE('',#4087,#4085,#369,.T.);
#3319=EDGE_CURVE('',#4087,#4088,#370,.T.);
#3320=EDGE_CURVE('',#4088,#4086,#371,.F.);
#3321=EDGE_CURVE('',#4089,#4087,#372,.T.);
#3322=EDGE_CURVE('',#4089,#4090,#373,.T.);
#3323=EDGE_CURVE('',#4090,#4088,#374,.T.);
#3324=EDGE_CURVE('',#4065,#4089,#375,.T.);
#3325=EDGE_CURVE('',#4066,#4090,#376,.T.);
#3326=EDGE_CURVE('',#4091,#4092,#377,.T.);
#3327=EDGE_CURVE('',#4093,#4091,#92,.T.);
#3328=EDGE_CURVE('',#4093,#4094,#378,.T.);
#3329=EDGE_CURVE('',#4094,#4092,#93,.T.);
#3330=EDGE_CURVE('',#4095,#4093,#94,.T.);
#3331=EDGE_CURVE('',#4095,#4096,#379,.T.);
#3332=EDGE_CURVE('',#4096,#4094,#95,.T.);
#3333=EDGE_CURVE('',#4097,#4095,#96,.T.);
#3334=EDGE_CURVE('',#4097,#4098,#380,.T.);
#3335=EDGE_CURVE('',#4098,#4096,#97,.T.);
#3336=EDGE_CURVE('',#4099,#4097,#98,.T.);
#3337=EDGE_CURVE('',#4099,#4100,#381,.T.);
#3338=EDGE_CURVE('',#4100,#4098,#99,.T.);
#3339=EDGE_CURVE('',#4101,#4099,#382,.T.);
#3340=EDGE_CURVE('',#4101,#4102,#383,.T.);
#3341=EDGE_CURVE('',#4102,#4100,#384,.T.);
#3342=EDGE_CURVE('',#4103,#4101,#385,.T.);
#3343=EDGE_CURVE('',#4103,#4104,#386,.T.);
#3344=EDGE_CURVE('',#4104,#4102,#387,.F.);
#3345=EDGE_CURVE('',#4105,#4106,#388,.T.);
#3346=EDGE_CURVE('',#4107,#4105,#389,.T.);
#3347=EDGE_CURVE('',#4107,#4108,#390,.T.);
#3348=EDGE_CURVE('',#4108,#4106,#391,.F.);
#3349=EDGE_CURVE('',#4109,#4107,#392,.T.);
#3350=EDGE_CURVE('',#4109,#4110,#393,.T.);
#3351=EDGE_CURVE('',#4110,#4108,#394,.T.);
#3352=EDGE_CURVE('',#4111,#4109,#100,.T.);
#3353=EDGE_CURVE('',#4111,#4112,#101,.F.);
#3354=EDGE_CURVE('',#4112,#4110,#102,.T.);
#3355=EDGE_CURVE('',#4113,#4111,#4561,.F.);
#3356=EDGE_CURVE('',#4113,#4114,#103,.T.);
#3357=EDGE_CURVE('',#4114,#4112,#4562,.F.);
#3358=EDGE_CURVE('',#4115,#4113,#104,.T.);
#3359=EDGE_CURVE('',#4115,#4116,#395,.T.);
#3360=EDGE_CURVE('',#4116,#4114,#105,.T.);
#3361=EDGE_CURVE('',#4117,#4115,#106,.T.);
#3362=EDGE_CURVE('',#4117,#4118,#396,.T.);
#3363=EDGE_CURVE('',#4118,#4116,#107,.T.);
#3364=EDGE_CURVE('',#4119,#4117,#397,.T.);
#3365=EDGE_CURVE('',#4119,#4120,#398,.T.);
#3366=EDGE_CURVE('',#4120,#4118,#399,.T.);
#3367=EDGE_CURVE('',#4121,#4119,#400,.T.);
#3368=EDGE_CURVE('',#4121,#4122,#401,.T.);
#3369=EDGE_CURVE('',#4122,#4120,#402,.T.);
#3370=EDGE_CURVE('',#4123,#4121,#403,.T.);
#3371=EDGE_CURVE('',#4123,#4124,#404,.T.);
#3372=EDGE_CURVE('',#4124,#4122,#405,.F.);
#3373=EDGE_CURVE('',#4125,#4123,#406,.T.);
#3374=EDGE_CURVE('',#4125,#4126,#407,.T.);
#3375=EDGE_CURVE('',#4126,#4124,#408,.F.);
#3376=EDGE_CURVE('',#4127,#4125,#409,.T.);
#3377=EDGE_CURVE('',#4127,#4128,#410,.T.);
#3378=EDGE_CURVE('',#4128,#4126,#411,.F.);
#3379=EDGE_CURVE('',#4105,#4127,#412,.T.);
#3380=EDGE_CURVE('',#4106,#4128,#413,.T.);
#3381=EDGE_CURVE('',#4091,#4103,#414,.T.);
#3382=EDGE_CURVE('',#4092,#4104,#415,.F.);
#3383=EDGE_CURVE('',#4129,#4130,#416,.T.);
#3384=EDGE_CURVE('',#4131,#4129,#108,.T.);
#3385=EDGE_CURVE('',#4131,#4132,#417,.T.);
#3386=EDGE_CURVE('',#4132,#4130,#109,.T.);
#3387=EDGE_CURVE('',#4133,#4131,#110,.T.);
#3388=EDGE_CURVE('',#4133,#4134,#418,.T.);
#3389=EDGE_CURVE('',#4134,#4132,#111,.T.);
#3390=EDGE_CURVE('',#4135,#4133,#112,.T.);
#3391=EDGE_CURVE('',#4135,#4136,#419,.T.);
#3392=EDGE_CURVE('',#4136,#4134,#113,.T.);
#3393=EDGE_CURVE('',#4137,#4135,#114,.T.);
#3394=EDGE_CURVE('',#4137,#4138,#420,.T.);
#3395=EDGE_CURVE('',#4138,#4136,#115,.T.);
#3396=EDGE_CURVE('',#4139,#4137,#421,.T.);
#3397=EDGE_CURVE('',#4139,#4140,#422,.T.);
#3398=EDGE_CURVE('',#4140,#4138,#423,.F.);
#3399=EDGE_CURVE('',#4141,#4139,#424,.T.);
#3400=EDGE_CURVE('',#4141,#4142,#425,.T.);
#3401=EDGE_CURVE('',#4142,#4140,#426,.T.);
#3402=EDGE_CURVE('',#4143,#4141,#427,.T.);
#3403=EDGE_CURVE('',#4143,#4144,#428,.T.);
#3404=EDGE_CURVE('',#4144,#4142,#429,.T.);
#3405=EDGE_CURVE('',#4145,#4143,#116,.T.);
#3406=EDGE_CURVE('',#4145,#4146,#430,.T.);
#3407=EDGE_CURVE('',#4146,#4144,#117,.T.);
#3408=EDGE_CURVE('',#4147,#4145,#118,.T.);
#3409=EDGE_CURVE('',#4147,#4148,#431,.T.);
#3410=EDGE_CURVE('',#4148,#4146,#119,.T.);
#3411=EDGE_CURVE('',#4149,#4147,#120,.T.);
#3412=EDGE_CURVE('',#4149,#4150,#121,.F.);
#3413=EDGE_CURVE('',#4150,#4148,#122,.T.);
#3414=EDGE_CURVE('',#4151,#4149,#4563,.F.);
#3415=EDGE_CURVE('',#4151,#4152,#123,.T.);
#3416=EDGE_CURVE('',#4152,#4150,#4564,.F.);
#3417=EDGE_CURVE('',#4153,#4151,#124,.T.);
#3418=EDGE_CURVE('',#4153,#4154,#432,.T.);
#3419=EDGE_CURVE('',#4154,#4152,#125,.T.);
#3420=EDGE_CURVE('',#4155,#4153,#433,.T.);
#3421=EDGE_CURVE('',#4155,#4156,#434,.T.);
#3422=EDGE_CURVE('',#4156,#4154,#435,.F.);
#3423=EDGE_CURVE('',#4157,#4155,#436,.T.);
#3424=EDGE_CURVE('',#4157,#4158,#437,.T.);
#3425=EDGE_CURVE('',#4158,#4156,#438,.T.);
#3426=EDGE_CURVE('',#4129,#4157,#439,.T.);
#3427=EDGE_CURVE('',#4130,#4158,#440,.T.);
#3428=EDGE_CURVE('',#4159,#4160,#441,.T.);
#3429=EDGE_CURVE('',#4160,#4161,#442,.T.);
#3430=EDGE_CURVE('',#4161,#4162,#443,.T.);
#3431=EDGE_CURVE('',#4162,#4163,#444,.T.);
#3432=EDGE_CURVE('',#4163,#4164,#445,.T.);
#3433=EDGE_CURVE('',#4164,#4165,#446,.T.);
#3434=EDGE_CURVE('',#4165,#4166,#447,.T.);
#3435=EDGE_CURVE('',#4166,#4167,#448,.T.);
#3436=EDGE_CURVE('',#4167,#4168,#449,.T.);
#3437=EDGE_CURVE('',#4168,#4169,#450,.T.);
#3438=EDGE_CURVE('',#4169,#4170,#451,.T.);
#3439=EDGE_CURVE('',#4170,#4159,#452,.T.);
#3440=EDGE_CURVE('',#4171,#4172,#4565,.F.);
#3441=EDGE_CURVE('',#4172,#4173,#453,.T.);
#3442=EDGE_CURVE('',#4173,#4174,#454,.T.);
#3443=EDGE_CURVE('',#4174,#4175,#455,.T.);
#3444=EDGE_CURVE('',#4175,#4176,#456,.T.);
#3445=EDGE_CURVE('',#4176,#4177,#457,.T.);
#3446=EDGE_CURVE('',#4177,#4178,#126,.T.);
#3447=EDGE_CURVE('',#4178,#4179,#458,.T.);
#3448=EDGE_CURVE('',#4179,#4180,#459,.T.);
#3449=EDGE_CURVE('',#4180,#4181,#460,.T.);
#3450=EDGE_CURVE('',#4181,#4182,#461,.T.);
#3451=EDGE_CURVE('',#4182,#4183,#462,.T.);
#3452=EDGE_CURVE('',#4183,#4184,#463,.T.);
#3453=EDGE_CURVE('',#4184,#4185,#464,.T.);
#3454=EDGE_CURVE('',#4185,#4186,#465,.T.);
#3455=EDGE_CURVE('',#4186,#4187,#466,.T.);
#3456=EDGE_CURVE('',#4187,#4188,#467,.T.);
#3457=EDGE_CURVE('',#4188,#4189,#468,.T.);
#3458=EDGE_CURVE('',#4189,#4171,#4566,.F.);
#3459=EDGE_CURVE('',#4190,#4191,#469,.T.);
#3460=EDGE_CURVE('',#4191,#4192,#470,.T.);
#3461=EDGE_CURVE('',#4192,#4193,#471,.T.);
#3462=EDGE_CURVE('',#4193,#4194,#472,.T.);
#3463=EDGE_CURVE('',#4194,#4195,#473,.T.);
#3464=EDGE_CURVE('',#4195,#4196,#474,.T.);
#3465=EDGE_CURVE('',#4196,#4197,#475,.T.);
#3466=EDGE_CURVE('',#4197,#4190,#476,.T.);
#3467=EDGE_CURVE('',#4198,#4199,#127,.T.);
#3468=EDGE_CURVE('',#4199,#4200,#128,.T.);
#3469=EDGE_CURVE('',#4200,#4201,#129,.T.);
#3470=EDGE_CURVE('',#4201,#4202,#130,.T.);
#3471=EDGE_CURVE('',#4202,#4203,#131,.T.);
#3472=EDGE_CURVE('',#4203,#4204,#132,.T.);
#3473=EDGE_CURVE('',#4204,#4205,#477,.T.);
#3474=EDGE_CURVE('',#4205,#4206,#133,.T.);
#3475=EDGE_CURVE('',#4206,#4207,#4567,.T.);
#3476=EDGE_CURVE('',#4207,#4208,#134,.T.);
#3477=EDGE_CURVE('',#4208,#4209,#135,.T.);
#3478=EDGE_CURVE('',#4209,#4210,#4568,.T.);
#3479=EDGE_CURVE('',#4210,#4211,#4569,.T.);
#3480=EDGE_CURVE('',#4211,#4212,#136,.T.);
#3481=EDGE_CURVE('',#4212,#4213,#137,.T.);
#3482=EDGE_CURVE('',#4213,#4214,#4570,.F.);
#3483=EDGE_CURVE('',#4214,#4215,#4571,.F.);
#3484=EDGE_CURVE('',#4215,#4216,#138,.T.);
#3485=EDGE_CURVE('',#4216,#4217,#139,.T.);
#3486=EDGE_CURVE('',#4217,#4218,#4572,.F.);
#3487=EDGE_CURVE('',#4218,#4219,#4573,.F.);
#3488=EDGE_CURVE('',#4219,#4220,#478,.T.);
#3489=EDGE_CURVE('',#4220,#4221,#4574,.T.);
#3490=EDGE_CURVE('',#4221,#4222,#4575,.T.);
#3491=EDGE_CURVE('',#4222,#4223,#140,.T.);
#3492=EDGE_CURVE('',#4223,#4224,#4576,.T.);
#3493=EDGE_CURVE('',#4224,#4225,#4577,.T.);
#3494=EDGE_CURVE('',#4225,#4198,#4578,.T.);
#3495=EDGE_CURVE('',#4226,#4227,#479,.T.);
#3496=EDGE_CURVE('',#4227,#4228,#480,.T.);
#3497=EDGE_CURVE('',#4228,#4229,#481,.T.);
#3498=EDGE_CURVE('',#4229,#4230,#482,.T.);
#3499=EDGE_CURVE('',#4230,#4231,#483,.T.);
#3500=EDGE_CURVE('',#4231,#4232,#484,.T.);
#3501=EDGE_CURVE('',#4232,#4233,#485,.T.);
#3502=EDGE_CURVE('',#4233,#4226,#486,.T.);
#3503=EDGE_CURVE('',#4234,#4234,#4579,.T.);
#3504=EDGE_CURVE('',#4235,#4235,#4580,.T.);
#3505=EDGE_CURVE('',#4236,#4236,#4581,.F.);
#3506=EDGE_CURVE('',#4237,#4237,#4582,.F.);
#3507=EDGE_CURVE('',#4238,#4238,#4583,.F.);
#3508=EDGE_CURVE('',#4239,#4239,#4584,.F.);
#3509=EDGE_CURVE('',#4240,#4240,#4585,.F.);
#3510=EDGE_CURVE('',#4241,#4241,#4586,.F.);
#3511=EDGE_CURVE('',#4242,#4243,#487,.T.);
#3512=EDGE_CURVE('',#4243,#4244,#488,.T.);
#3513=EDGE_CURVE('',#4244,#4245,#489,.T.);
#3514=EDGE_CURVE('',#4245,#4246,#490,.T.);
#3515=EDGE_CURVE('',#4246,#4247,#491,.T.);
#3516=EDGE_CURVE('',#4247,#4248,#492,.T.);
#3517=EDGE_CURVE('',#4248,#4249,#493,.T.);
#3518=EDGE_CURVE('',#4249,#4242,#494,.T.);
#3519=EDGE_CURVE('',#4250,#4251,#495,.T.);
#3520=EDGE_CURVE('',#4251,#4252,#496,.T.);
#3521=EDGE_CURVE('',#4252,#4253,#497,.T.);
#3522=EDGE_CURVE('',#4253,#4254,#498,.T.);
#3523=EDGE_CURVE('',#4254,#4255,#499,.T.);
#3524=EDGE_CURVE('',#4255,#4256,#500,.T.);
#3525=EDGE_CURVE('',#4256,#4257,#501,.T.);
#3526=EDGE_CURVE('',#4257,#4258,#502,.T.);
#3527=EDGE_CURVE('',#4258,#4250,#503,.T.);
#3528=EDGE_CURVE('',#4259,#4260,#141,.T.);
#3529=EDGE_CURVE('',#4260,#4261,#142,.T.);
#3530=EDGE_CURVE('',#4261,#4262,#143,.T.);
#3531=EDGE_CURVE('',#4262,#4263,#144,.T.);
#3532=EDGE_CURVE('',#4263,#4264,#145,.T.);
#3533=EDGE_CURVE('',#4264,#4265,#146,.T.);
#3534=EDGE_CURVE('',#4265,#4266,#504,.T.);
#3535=EDGE_CURVE('',#4266,#4267,#4587,.T.);
#3536=EDGE_CURVE('',#4267,#4268,#4588,.T.);
#3537=EDGE_CURVE('',#4268,#4269,#147,.T.);
#3538=EDGE_CURVE('',#4269,#4270,#148,.T.);
#3539=EDGE_CURVE('',#4270,#4271,#4589,.T.);
#3540=EDGE_CURVE('',#4271,#4272,#4590,.T.);
#3541=EDGE_CURVE('',#4272,#4273,#149,.T.);
#3542=EDGE_CURVE('',#4273,#4274,#150,.T.);
#3543=EDGE_CURVE('',#4274,#4275,#4591,.F.);
#3544=EDGE_CURVE('',#4275,#4276,#4592,.F.);
#3545=EDGE_CURVE('',#4276,#4277,#151,.T.);
#3546=EDGE_CURVE('',#4277,#4278,#152,.T.);
#3547=EDGE_CURVE('',#4278,#4279,#4593,.F.);
#3548=EDGE_CURVE('',#4279,#4280,#4594,.F.);
#3549=EDGE_CURVE('',#4280,#4281,#505,.T.);
#3550=EDGE_CURVE('',#4281,#4282,#4595,.T.);
#3551=EDGE_CURVE('',#4282,#4283,#4596,.T.);
#3552=EDGE_CURVE('',#4283,#4284,#153,.T.);
#3553=EDGE_CURVE('',#4284,#4285,#4597,.T.);
#3554=EDGE_CURVE('',#4285,#4286,#4598,.T.);
#3555=EDGE_CURVE('',#4286,#4259,#4599,.T.);
#3556=EDGE_CURVE('',#4287,#4288,#506,.T.);
#3557=EDGE_CURVE('',#4288,#4289,#507,.T.);
#3558=EDGE_CURVE('',#4289,#4290,#508,.T.);
#3559=EDGE_CURVE('',#4290,#4287,#509,.T.);
#3560=EDGE_CURVE('',#4291,#4292,#510,.T.);
#3561=EDGE_CURVE('',#4292,#4293,#511,.T.);
#3562=EDGE_CURVE('',#4293,#4294,#512,.T.);
#3563=EDGE_CURVE('',#4294,#4295,#513,.T.);
#3564=EDGE_CURVE('',#4295,#4296,#514,.T.);
#3565=EDGE_CURVE('',#4296,#4297,#515,.T.);
#3566=EDGE_CURVE('',#4297,#4298,#516,.T.);
#3567=EDGE_CURVE('',#4298,#4299,#517,.T.);
#3568=EDGE_CURVE('',#4299,#4300,#518,.T.);
#3569=EDGE_CURVE('',#4300,#4301,#519,.T.);
#3570=EDGE_CURVE('',#4301,#4302,#520,.T.);
#3571=EDGE_CURVE('',#4302,#4291,#521,.T.);
#3572=EDGE_CURVE('',#4303,#4304,#522,.T.);
#3573=EDGE_CURVE('',#4304,#4305,#523,.T.);
#3574=EDGE_CURVE('',#4305,#4306,#524,.T.);
#3575=EDGE_CURVE('',#4306,#4307,#525,.T.);
#3576=EDGE_CURVE('',#4307,#4308,#526,.T.);
#3577=EDGE_CURVE('',#4308,#4309,#527,.T.);
#3578=EDGE_CURVE('',#4309,#4310,#528,.T.);
#3579=EDGE_CURVE('',#4310,#4303,#529,.T.);
#3580=EDGE_CURVE('',#4305,#4311,#530,.T.);
#3581=EDGE_CURVE('',#4304,#4312,#531,.T.);
#3582=EDGE_CURVE('',#4312,#4311,#532,.F.);
#3583=EDGE_CURVE('',#4303,#4313,#533,.T.);
#3584=EDGE_CURVE('',#4313,#4312,#534,.T.);
#3585=EDGE_CURVE('',#4310,#4314,#535,.T.);
#3586=EDGE_CURVE('',#4314,#4313,#536,.T.);
#3587=EDGE_CURVE('',#4309,#4315,#537,.T.);
#3588=EDGE_CURVE('',#4315,#4314,#538,.F.);
#3589=EDGE_CURVE('',#4308,#4316,#539,.T.);
#3590=EDGE_CURVE('',#4316,#4315,#540,.T.);
#3591=EDGE_CURVE('',#4307,#4317,#541,.T.);
#3592=EDGE_CURVE('',#4317,#4316,#542,.F.);
#3593=EDGE_CURVE('',#4306,#4318,#543,.T.);
#3594=EDGE_CURVE('',#4318,#4317,#544,.F.);
#3595=EDGE_CURVE('',#4311,#4318,#545,.F.);
#3596=EDGE_CURVE('',#4293,#4319,#546,.T.);
#3597=EDGE_CURVE('',#4292,#4320,#547,.T.);
#3598=EDGE_CURVE('',#4320,#4319,#548,.F.);
#3599=EDGE_CURVE('',#4291,#4321,#549,.T.);
#3600=EDGE_CURVE('',#4321,#4320,#550,.T.);
#3601=EDGE_CURVE('',#4302,#4322,#551,.T.);
#3602=EDGE_CURVE('',#4322,#4321,#552,.F.);
#3603=EDGE_CURVE('',#4301,#4323,#553,.T.);
#3604=EDGE_CURVE('',#4323,#4322,#554,.T.);
#3605=EDGE_CURVE('',#4300,#4324,#555,.T.);
#3606=EDGE_CURVE('',#4324,#4323,#556,.T.);
#3607=EDGE_CURVE('',#4299,#4325,#557,.T.);
#3608=EDGE_CURVE('',#4325,#4324,#558,.T.);
#3609=EDGE_CURVE('',#4298,#4326,#559,.T.);
#3610=EDGE_CURVE('',#4326,#4325,#560,.T.);
#3611=EDGE_CURVE('',#4297,#4327,#561,.T.);
#3612=EDGE_CURVE('',#4327,#4326,#562,.T.);
#3613=EDGE_CURVE('',#4296,#4328,#563,.T.);
#3614=EDGE_CURVE('',#4328,#4327,#564,.T.);
#3615=EDGE_CURVE('',#4295,#4329,#565,.T.);
#3616=EDGE_CURVE('',#4329,#4328,#566,.F.);
#3617=EDGE_CURVE('',#4294,#4330,#567,.T.);
#3618=EDGE_CURVE('',#4330,#4329,#568,.F.);
#3619=EDGE_CURVE('',#4319,#4330,#569,.T.);
#3620=EDGE_CURVE('',#4289,#4331,#570,.T.);
#3621=EDGE_CURVE('',#4288,#4332,#571,.T.);
#3622=EDGE_CURVE('',#4332,#4331,#572,.T.);
#3623=EDGE_CURVE('',#4287,#4333,#573,.T.);
#3624=EDGE_CURVE('',#4333,#4332,#574,.T.);
#3625=EDGE_CURVE('',#4290,#4334,#575,.T.);
#3626=EDGE_CURVE('',#4334,#4333,#576,.F.);
#3627=EDGE_CURVE('',#4331,#4334,#577,.F.);
#3628=EDGE_CURVE('',#4199,#4335,#578,.T.);
#3629=EDGE_CURVE('',#4198,#4336,#154,.F.);
#3630=EDGE_CURVE('',#4336,#4335,#155,.T.);
#3631=EDGE_CURVE('',#4225,#4337,#156,.T.);
#3632=EDGE_CURVE('',#4337,#4336,#4600,.T.);
#3633=EDGE_CURVE('',#4224,#4338,#157,.T.);
#3634=EDGE_CURVE('',#4338,#4337,#4601,.T.);
#3635=EDGE_CURVE('',#4223,#4339,#158,.T.);
#3636=EDGE_CURVE('',#4339,#4338,#4602,.T.);
#3637=EDGE_CURVE('',#4222,#4340,#159,.F.);
#3638=EDGE_CURVE('',#4340,#4339,#160,.T.);
#3639=EDGE_CURVE('',#4221,#4341,#161,.T.);
#3640=EDGE_CURVE('',#4341,#4340,#4603,.T.);
#3641=EDGE_CURVE('',#4220,#4342,#579,.T.);
#3642=EDGE_CURVE('',#4342,#4341,#4604,.T.);
#3643=EDGE_CURVE('',#4219,#4343,#580,.T.);
#3644=EDGE_CURVE('',#4343,#4342,#581,.T.);
#3645=EDGE_CURVE('',#4218,#4344,#162,.T.);
#3646=EDGE_CURVE('',#4344,#4343,#4605,.F.);
#3647=EDGE_CURVE('',#4217,#4345,#163,.T.);
#3648=EDGE_CURVE('',#4345,#4344,#4606,.F.);
#3649=EDGE_CURVE('',#4216,#4346,#582,.T.);
#3650=EDGE_CURVE('',#4346,#4345,#164,.T.);
#3651=EDGE_CURVE('',#4215,#4347,#165,.F.);
#3652=EDGE_CURVE('',#4347,#4346,#166,.T.);
#3653=EDGE_CURVE('',#4214,#4348,#167,.T.);
#3654=EDGE_CURVE('',#4348,#4347,#4607,.F.);
#3655=EDGE_CURVE('',#4213,#4349,#168,.T.);
#3656=EDGE_CURVE('',#4349,#4348,#4608,.F.);
#3657=EDGE_CURVE('',#4212,#4350,#583,.T.);
#3658=EDGE_CURVE('',#4350,#4349,#169,.T.);
#3659=EDGE_CURVE('',#4211,#4351,#170,.F.);
#3660=EDGE_CURVE('',#4351,#4350,#171,.T.);
#3661=EDGE_CURVE('',#4210,#4352,#172,.T.);
#3662=EDGE_CURVE('',#4352,#4351,#4609,.T.);
#3663=EDGE_CURVE('',#4209,#4353,#173,.T.);
#3664=EDGE_CURVE('',#4353,#4352,#4610,.T.);
#3665=EDGE_CURVE('',#4208,#4354,#584,.T.);
#3666=EDGE_CURVE('',#4354,#4353,#174,.T.);
#3667=EDGE_CURVE('',#4207,#4355,#175,.F.);
#3668=EDGE_CURVE('',#4355,#4354,#176,.T.);
#3669=EDGE_CURVE('',#4206,#4356,#177,.T.);
#3670=EDGE_CURVE('',#4356,#4355,#4611,.T.);
#3671=EDGE_CURVE('',#4205,#4357,#585,.T.);
#3672=EDGE_CURVE('',#4357,#4356,#178,.T.);
#3673=EDGE_CURVE('',#4204,#4358,#586,.T.);
#3674=EDGE_CURVE('',#4358,#4357,#587,.T.);
#3675=EDGE_CURVE('',#4203,#4359,#588,.T.);
#3676=EDGE_CURVE('',#4359,#4358,#179,.T.);
#3677=EDGE_CURVE('',#4202,#4360,#589,.T.);
#3678=EDGE_CURVE('',#4360,#4359,#180,.T.);
#3679=EDGE_CURVE('',#4201,#4361,#590,.T.);
#3680=EDGE_CURVE('',#4361,#4360,#181,.T.);
#3681=EDGE_CURVE('',#4200,#4362,#591,.T.);
#3682=EDGE_CURVE('',#4362,#4361,#182,.T.);
#3683=EDGE_CURVE('',#4335,#4362,#183,.T.);
#3684=EDGE_CURVE('',#4228,#4363,#592,.T.);
#3685=EDGE_CURVE('',#4227,#4364,#593,.T.);
#3686=EDGE_CURVE('',#4364,#4363,#594,.T.);
#3687=EDGE_CURVE('',#4226,#4365,#595,.T.);
#3688=EDGE_CURVE('',#4365,#4364,#596,.T.);
#3689=EDGE_CURVE('',#4233,#4366,#597,.T.);
#3690=EDGE_CURVE('',#4366,#4365,#598,.F.);
#3691=EDGE_CURVE('',#4232,#4367,#599,.T.);
#3692=EDGE_CURVE('',#4367,#4366,#600,.T.);
#3693=EDGE_CURVE('',#4231,#4368,#601,.T.);
#3694=EDGE_CURVE('',#4368,#4367,#602,.F.);
#3695=EDGE_CURVE('',#4230,#4369,#603,.T.);
#3696=EDGE_CURVE('',#4369,#4368,#604,.T.);
#3697=EDGE_CURVE('',#4229,#4370,#605,.T.);
#3698=EDGE_CURVE('',#4370,#4369,#606,.F.);
#3699=EDGE_CURVE('',#4371,#4372,#184,.F.);
#3700=EDGE_CURVE('',#4373,#4371,#4612,.F.);
#3701=EDGE_CURVE('',#4373,#4374,#185,.F.);
#3702=EDGE_CURVE('',#4374,#4372,#4613,.F.);
#3703=EDGE_CURVE('',#4375,#4373,#607,.F.);
#3704=EDGE_CURVE('',#4375,#4376,#608,.T.);
#3705=EDGE_CURVE('',#4376,#4374,#609,.F.);
#3706=EDGE_CURVE('',#4377,#4375,#610,.T.);
#3707=EDGE_CURVE('',#4377,#4378,#611,.T.);
#3708=EDGE_CURVE('',#4378,#4376,#612,.T.);
#3709=EDGE_CURVE('',#4371,#4377,#186,.T.);
#3710=EDGE_CURVE('',#4372,#4378,#187,.T.);
#3711=EDGE_CURVE('',#4363,#4370,#613,.T.);
#3712=EDGE_CURVE('',#4379,#4380,#4614,.F.);
#3713=EDGE_CURVE('',#4380,#4381,#188,.T.);
#3714=EDGE_CURVE('',#4381,#4382,#614,.T.);
#3715=EDGE_CURVE('',#4382,#4379,#615,.F.);
#3716=EDGE_CURVE('',#4383,#4383,#4615,.F.);
#3717=EDGE_CURVE('',#4384,#4384,#4616,.T.);
#3718=EDGE_CURVE('',#4385,#4385,#4617,.T.);
#3719=EDGE_CURVE('',#4386,#4386,#4618,.T.);
#3720=EDGE_CURVE('',#4387,#4387,#4619,.T.);
#3721=EDGE_CURVE('',#4388,#4388,#4620,.T.);
#3722=EDGE_CURVE('',#4389,#4389,#4621,.T.);
#3723=EDGE_CURVE('',#4390,#4390,#4622,.T.);
#3724=EDGE_CURVE('',#4391,#4391,#4623,.T.);
#3725=EDGE_CURVE('',#4392,#4392,#4624,.T.);
#3726=EDGE_CURVE('',#4393,#4393,#4625,.T.);
#3727=EDGE_CURVE('',#4394,#4394,#4626,.T.);
#3728=EDGE_CURVE('',#4395,#4395,#4627,.T.);
#3729=EDGE_CURVE('',#4396,#4396,#4628,.T.);
#3730=EDGE_CURVE('',#4397,#4397,#4629,.T.);
#3731=EDGE_CURVE('',#4398,#4398,#4630,.T.);
#3732=EDGE_CURVE('',#4399,#4399,#4631,.T.);
#3733=EDGE_CURVE('',#4400,#4400,#4632,.T.);
#3734=EDGE_CURVE('',#4401,#4401,#4633,.F.);
#3735=EDGE_CURVE('',#4402,#4402,#4634,.T.);
#3736=EDGE_CURVE('',#4403,#4404,#616,.T.);
#3737=EDGE_CURVE('',#4405,#4403,#189,.T.);
#3738=EDGE_CURVE('',#4406,#4405,#4635,.F.);
#3739=EDGE_CURVE('',#4404,#4406,#617,.F.);
#3740=EDGE_CURVE('',#4407,#4408,#618,.F.);
#3741=EDGE_CURVE('',#4409,#4407,#619,.T.);
#3742=EDGE_CURVE('',#4410,#4409,#620,.T.);
#3743=EDGE_CURVE('',#4411,#4410,#621,.T.);
#3744=EDGE_CURVE('',#4412,#4411,#622,.F.);
#3745=EDGE_CURVE('',#4413,#4412,#623,.T.);
#3746=EDGE_CURVE('',#4414,#4413,#624,.F.);
#3747=EDGE_CURVE('',#4408,#4414,#625,.T.);
#3748=EDGE_CURVE('',#4244,#4409,#626,.T.);
#3749=EDGE_CURVE('',#4245,#4407,#627,.T.);
#3750=EDGE_CURVE('',#4380,#4405,#190,.F.);
#3751=EDGE_CURVE('',#4381,#4403,#628,.T.);
#3752=EDGE_CURVE('',#4382,#4404,#629,.T.);
#3753=EDGE_CURVE('',#4379,#4406,#191,.F.);
#3754=EDGE_CURVE('',#4246,#4408,#630,.T.);
#3755=EDGE_CURVE('',#4247,#4414,#631,.T.);
#3756=EDGE_CURVE('',#4248,#4413,#632,.T.);
#3757=EDGE_CURVE('',#4249,#4412,#633,.T.);
#3758=EDGE_CURVE('',#4242,#4411,#634,.T.);
#3759=EDGE_CURVE('',#4243,#4410,#635,.T.);
#3760=EDGE_CURVE('',#4415,#4416,#636,.T.);
#3761=EDGE_CURVE('',#4417,#4415,#637,.T.);
#3762=EDGE_CURVE('',#4418,#4417,#638,.T.);
#3763=EDGE_CURVE('',#4419,#4418,#639,.T.);
#3764=EDGE_CURVE('',#4420,#4419,#640,.F.);
#3765=EDGE_CURVE('',#4421,#4420,#641,.F.);
#3766=EDGE_CURVE('',#4422,#4421,#642,.T.);
#3767=EDGE_CURVE('',#4423,#4422,#643,.T.);
#3768=EDGE_CURVE('',#4416,#4423,#644,.T.);
#3769=EDGE_CURVE('',#4252,#4417,#645,.T.);
#3770=EDGE_CURVE('',#4253,#4415,#646,.T.);
#3771=EDGE_CURVE('',#4254,#4416,#647,.T.);
#3772=EDGE_CURVE('',#4255,#4423,#648,.T.);
#3773=EDGE_CURVE('',#4256,#4422,#649,.T.);
#3774=EDGE_CURVE('',#4257,#4421,#650,.T.);
#3775=EDGE_CURVE('',#4258,#4420,#651,.T.);
#3776=EDGE_CURVE('',#4250,#4419,#652,.T.);
#3777=EDGE_CURVE('',#4251,#4418,#653,.T.);
#3778=EDGE_CURVE('',#4424,#4425,#192,.T.);
#3779=EDGE_CURVE('',#4426,#4424,#193,.T.);
#3780=EDGE_CURVE('',#4427,#4426,#194,.T.);
#3781=EDGE_CURVE('',#4428,#4427,#4636,.T.);
#3782=EDGE_CURVE('',#4429,#4428,#4637,.T.);
#3783=EDGE_CURVE('',#4430,#4429,#4638,.T.);
#3784=EDGE_CURVE('',#4431,#4430,#195,.T.);
#3785=EDGE_CURVE('',#4432,#4431,#4639,.T.);
#3786=EDGE_CURVE('',#4433,#4432,#4640,.T.);
#3787=EDGE_CURVE('',#4434,#4433,#654,.T.);
#3788=EDGE_CURVE('',#4435,#4434,#4641,.F.);
#3789=EDGE_CURVE('',#4436,#4435,#4642,.F.);
#3790=EDGE_CURVE('',#4437,#4436,#196,.T.);
#3791=EDGE_CURVE('',#4438,#4437,#197,.T.);
#3792=EDGE_CURVE('',#4439,#4438,#4643,.F.);
#3793=EDGE_CURVE('',#4440,#4439,#4644,.F.);
#3794=EDGE_CURVE('',#4441,#4440,#198,.T.);
#3795=EDGE_CURVE('',#4442,#4441,#199,.T.);
#3796=EDGE_CURVE('',#4443,#4442,#4645,.T.);
#3797=EDGE_CURVE('',#4444,#4443,#4646,.T.);
#3798=EDGE_CURVE('',#4445,#4444,#200,.T.);
#3799=EDGE_CURVE('',#4446,#4445,#201,.T.);
#3800=EDGE_CURVE('',#4447,#4446,#4647,.T.);
#3801=EDGE_CURVE('',#4448,#4447,#4648,.T.);
#3802=EDGE_CURVE('',#4449,#4448,#655,.T.);
#3803=EDGE_CURVE('',#4450,#4449,#202,.T.);
#3804=EDGE_CURVE('',#4451,#4450,#203,.T.);
#3805=EDGE_CURVE('',#4425,#4451,#204,.T.);
#3806=EDGE_CURVE('',#4260,#4426,#656,.T.);
#3807=EDGE_CURVE('',#4261,#4424,#657,.T.);
#3808=EDGE_CURVE('',#4262,#4425,#658,.T.);
#3809=EDGE_CURVE('',#4263,#4451,#659,.T.);
#3810=EDGE_CURVE('',#4264,#4450,#660,.T.);
#3811=EDGE_CURVE('',#4265,#4449,#661,.T.);
#3812=EDGE_CURVE('',#4266,#4448,#662,.T.);
#3813=EDGE_CURVE('',#4267,#4447,#205,.F.);
#3814=EDGE_CURVE('',#4268,#4446,#206,.F.);
#3815=EDGE_CURVE('',#4269,#4445,#663,.T.);
#3816=EDGE_CURVE('',#4270,#4444,#207,.T.);
#3817=EDGE_CURVE('',#4271,#4443,#208,.F.);
#3818=EDGE_CURVE('',#4272,#4442,#209,.F.);
#3819=EDGE_CURVE('',#4273,#4441,#664,.T.);
#3820=EDGE_CURVE('',#4274,#4440,#210,.T.);
#3821=EDGE_CURVE('',#4275,#4439,#211,.F.);
#3822=EDGE_CURVE('',#4276,#4438,#212,.F.);
#3823=EDGE_CURVE('',#4277,#4437,#665,.T.);
#3824=EDGE_CURVE('',#4278,#4436,#213,.T.);
#3825=EDGE_CURVE('',#4279,#4435,#214,.F.);
#3826=EDGE_CURVE('',#4280,#4434,#666,.T.);
#3827=EDGE_CURVE('',#4281,#4433,#667,.T.);
#3828=EDGE_CURVE('',#4282,#4432,#215,.F.);
#3829=EDGE_CURVE('',#4283,#4431,#216,.F.);
#3830=EDGE_CURVE('',#4284,#4430,#217,.T.);
#3831=EDGE_CURVE('',#4285,#4429,#218,.F.);
#3832=EDGE_CURVE('',#4286,#4428,#219,.F.);
#3833=EDGE_CURVE('',#4259,#4427,#220,.F.);
#3834=EDGE_CURVE('',#4452,#4453,#668,.T.);
#3835=EDGE_CURVE('',#4454,#4452,#221,.T.);
#3836=EDGE_CURVE('',#4455,#4454,#4649,.F.);
#3837=EDGE_CURVE('',#4453,#4455,#669,.T.);
#3838=EDGE_CURVE('',#4456,#4457,#670,.F.);
#3839=EDGE_CURVE('',#4458,#4456,#671,.T.);
#3840=EDGE_CURVE('',#4459,#4458,#672,.T.);
#3841=EDGE_CURVE('',#4460,#4459,#673,.T.);
#3842=EDGE_CURVE('',#4461,#4460,#674,.F.);
#3843=EDGE_CURVE('',#4462,#4461,#675,.T.);
#3844=EDGE_CURVE('',#4463,#4462,#676,.F.);
#3845=EDGE_CURVE('',#4457,#4463,#677,.T.);
#3846=EDGE_CURVE('',#4192,#4458,#678,.T.);
#3847=EDGE_CURVE('',#4193,#4456,#679,.T.);
#3848=EDGE_CURVE('',#4026,#4454,#222,.F.);
#3849=EDGE_CURVE('',#4027,#4452,#680,.T.);
#3850=EDGE_CURVE('',#4028,#4453,#681,.T.);
#3851=EDGE_CURVE('',#4025,#4455,#223,.F.);
#3852=EDGE_CURVE('',#4194,#4457,#682,.T.);
#3853=EDGE_CURVE('',#4195,#4463,#683,.T.);
#3854=EDGE_CURVE('',#4196,#4462,#684,.T.);
#3855=EDGE_CURVE('',#4197,#4461,#685,.T.);
#3856=EDGE_CURVE('',#4190,#4460,#686,.T.);
#3857=EDGE_CURVE('',#4191,#4459,#687,.T.);
#3858=EDGE_CURVE('',#4464,#4465,#688,.F.);
#3859=EDGE_CURVE('',#4466,#4464,#689,.T.);
#3860=EDGE_CURVE('',#4467,#4466,#690,.F.);
#3861=EDGE_CURVE('',#4468,#4467,#4650,.F.);
#3862=EDGE_CURVE('',#4469,#4468,#4651,.F.);
#3863=EDGE_CURVE('',#4470,#4469,#691,.T.);
#3864=EDGE_CURVE('',#4471,#4470,#692,.F.);
#3865=EDGE_CURVE('',#4472,#4471,#693,.F.);
#3866=EDGE_CURVE('',#4473,#4472,#694,.T.);
#3867=EDGE_CURVE('',#4474,#4473,#695,.T.);
#3868=EDGE_CURVE('',#4475,#4474,#696,.T.);
#3869=EDGE_CURVE('',#4476,#4475,#697,.T.);
#3870=EDGE_CURVE('',#4477,#4476,#698,.T.);
#3871=EDGE_CURVE('',#4478,#4477,#699,.T.);
#3872=EDGE_CURVE('',#4479,#4478,#700,.F.);
#3873=EDGE_CURVE('',#4480,#4479,#701,.F.);
#3874=EDGE_CURVE('',#4481,#4480,#224,.T.);
#3875=EDGE_CURVE('',#4482,#4481,#702,.F.);
#3876=EDGE_CURVE('',#4465,#4482,#703,.T.);
#3877=EDGE_CURVE('',#4173,#4466,#704,.T.);
#3878=EDGE_CURVE('',#4174,#4464,#705,.T.);
#3879=EDGE_CURVE('',#4175,#4465,#706,.T.);
#3880=EDGE_CURVE('',#4176,#4482,#707,.T.);
#3881=EDGE_CURVE('',#4177,#4481,#708,.T.);
#3882=EDGE_CURVE('',#4178,#4480,#709,.T.);
#3883=EDGE_CURVE('',#4179,#4479,#710,.T.);
#3884=EDGE_CURVE('',#4180,#4478,#711,.T.);
#3885=EDGE_CURVE('',#4181,#4477,#712,.T.);
#3886=EDGE_CURVE('',#4182,#4476,#713,.T.);
#3887=EDGE_CURVE('',#4183,#4475,#714,.T.);
#3888=EDGE_CURVE('',#4184,#4474,#715,.T.);
#3889=EDGE_CURVE('',#4185,#4473,#716,.T.);
#3890=EDGE_CURVE('',#4186,#4472,#717,.T.);
#3891=EDGE_CURVE('',#4187,#4471,#718,.T.);
#3892=EDGE_CURVE('',#4188,#4470,#719,.T.);
#3893=EDGE_CURVE('',#4189,#4469,#225,.F.);
#3894=EDGE_CURVE('',#4171,#4468,#226,.F.);
#3895=EDGE_CURVE('',#4172,#4467,#720,.T.);
#3896=EDGE_CURVE('',#4483,#4484,#721,.T.);
#3897=EDGE_CURVE('',#4485,#4483,#722,.T.);
#3898=EDGE_CURVE('',#4486,#4485,#723,.T.);
#3899=EDGE_CURVE('',#4487,#4486,#724,.T.);
#3900=EDGE_CURVE('',#4488,#4487,#725,.T.);
#3901=EDGE_CURVE('',#4489,#4488,#726,.T.);
#3902=EDGE_CURVE('',#4490,#4489,#727,.T.);
#3903=EDGE_CURVE('',#4491,#4490,#728,.T.);
#3904=EDGE_CURVE('',#4492,#4491,#729,.F.);
#3905=EDGE_CURVE('',#4493,#4492,#730,.T.);
#3906=EDGE_CURVE('',#4494,#4493,#731,.T.);
#3907=EDGE_CURVE('',#4484,#4494,#732,.F.);
#3908=EDGE_CURVE('',#4161,#4485,#733,.T.);
#3909=EDGE_CURVE('',#4162,#4483,#734,.T.);
#3910=EDGE_CURVE('',#4163,#4484,#735,.T.);
#3911=EDGE_CURVE('',#4164,#4494,#736,.T.);
#3912=EDGE_CURVE('',#4165,#4493,#737,.T.);
#3913=EDGE_CURVE('',#4166,#4492,#738,.T.);
#3914=EDGE_CURVE('',#4167,#4491,#739,.T.);
#3915=EDGE_CURVE('',#4168,#4490,#740,.T.);
#3916=EDGE_CURVE('',#4169,#4489,#741,.T.);
#3917=EDGE_CURVE('',#4170,#4488,#742,.T.);
#3918=EDGE_CURVE('',#4159,#4487,#743,.T.);
#3919=EDGE_CURVE('',#4160,#4486,#744,.T.);
#3920=EDGE_CURVE('',#4495,#4495,#4652,.F.);
#3921=EDGE_CURVE('',#4496,#4496,#4653,.T.);
#3922=EDGE_CURVE('',#4497,#4497,#4654,.F.);
#3923=EDGE_CURVE('',#4498,#4498,#4655,.F.);
#3924=EDGE_CURVE('',#4499,#4499,#4656,.F.);
#3925=EDGE_CURVE('',#4500,#4500,#4657,.F.);
#3926=EDGE_CURVE('',#4501,#4501,#4658,.F.);
#3927=EDGE_CURVE('',#4502,#4502,#4659,.F.);
#3928=EDGE_CURVE('',#4503,#4503,#4660,.F.);
#3929=EDGE_CURVE('',#4504,#4504,#4661,.F.);
#3930=EDGE_CURVE('',#4505,#4505,#4662,.T.);
#3931=EDGE_CURVE('',#4506,#4506,#4663,.T.);
#3932=EDGE_CURVE('',#4507,#4507,#4664,.T.);
#3933=EDGE_CURVE('',#4508,#4508,#4665,.T.);
#3934=EDGE_CURVE('',#4509,#4509,#4666,.T.);
#3935=EDGE_CURVE('',#4510,#4510,#4667,.T.);
#3936=EDGE_CURVE('',#4511,#4511,#4668,.T.);
#3937=EDGE_CURVE('',#4512,#4512,#4669,.T.);
#3938=EDGE_CURVE('',#4513,#4513,#4670,.T.);
#3939=EDGE_CURVE('',#4514,#4514,#4671,.T.);
#3940=EDGE_CURVE('',#4515,#4515,#4672,.F.);
#3941=EDGE_CURVE('',#4516,#4516,#4673,.T.);
#3942=EDGE_CURVE('',#4517,#4517,#4674,.T.);
#3943=EDGE_CURVE('',#4518,#4518,#4675,.T.);
#3944=EDGE_CURVE('',#4519,#4519,#4676,.T.);
#3945=EDGE_CURVE('',#4520,#4520,#4677,.T.);
#3946=EDGE_CURVE('',#4521,#4521,#4678,.T.);
#3947=EDGE_CURVE('',#4522,#4522,#4679,.T.);
#3948=EDGE_CURVE('',#4523,#4523,#4680,.T.);
#3949=EDGE_CURVE('',#4524,#4524,#4681,.T.);
#3950=EDGE_CURVE('',#4525,#4525,#4682,.T.);
#3951=EDGE_CURVE('',#4526,#4526,#4683,.T.);
#3952=EDGE_CURVE('',#4527,#4527,#4684,.T.);
#3953=EDGE_CURVE('',#4528,#4528,#4685,.T.);
#3954=EDGE_CURVE('',#4529,#4529,#4686,.T.);
#3955=EDGE_CURVE('',#4530,#4530,#4687,.T.);
#3956=EDGE_CURVE('',#4531,#4531,#4688,.T.);
#3957=EDGE_CURVE('',#4532,#4532,#4689,.F.);
#3958=EDGE_CURVE('',#4533,#4533,#4690,.T.);
#3959=EDGE_CURVE('',#4534,#4534,#4691,.F.);
#3960=EDGE_CURVE('',#4535,#4535,#4692,.T.);
#3961=EDGE_CURVE('',#4536,#4536,#4693,.F.);
#3962=EDGE_CURVE('',#4537,#4537,#4694,.T.);
#3963=EDGE_CURVE('',#4538,#4538,#4695,.F.);
#3964=EDGE_CURVE('',#4539,#4539,#4696,.T.);
#3965=EDGE_CURVE('',#4540,#4540,#4697,.F.);
#3966=EDGE_CURVE('',#4541,#4541,#4698,.T.);
#3967=EDGE_CURVE('',#4542,#4542,#4699,.F.);
#3968=EDGE_CURVE('',#4543,#4543,#4700,.T.);
#3969=EDGE_CURVE('',#4544,#4544,#4701,.F.);
#3970=EDGE_CURVE('',#4545,#4545,#4702,.T.);
#3971=EDGE_CURVE('',#4546,#4546,#4703,.F.);
#3972=EDGE_CURVE('',#4547,#4547,#4704,.T.);
#3973=VERTEX_POINT('',#8048);
#3974=VERTEX_POINT('',#8050);
#3975=VERTEX_POINT('',#8053);
#3976=VERTEX_POINT('',#8056);
#3977=VERTEX_POINT('',#8059);
#3978=VERTEX_POINT('',#8062);
#3979=VERTEX_POINT('',#8065);
#3980=VERTEX_POINT('',#8067);
#3981=VERTEX_POINT('',#8074);
#3982=VERTEX_POINT('',#8075);
#3983=VERTEX_POINT('',#8077);
#3984=VERTEX_POINT('',#8079);
#3985=VERTEX_POINT('',#8083);
#3986=VERTEX_POINT('',#8085);
#3987=VERTEX_POINT('',#8089);
#3988=VERTEX_POINT('',#8091);
#3989=VERTEX_POINT('',#8099);
#3990=VERTEX_POINT('',#8100);
#3991=VERTEX_POINT('',#8102);
#3992=VERTEX_POINT('',#8104);
#3993=VERTEX_POINT('',#8108);
#3994=VERTEX_POINT('',#8110);
#3995=VERTEX_POINT('',#8114);
#3996=VERTEX_POINT('',#8116);
#3997=VERTEX_POINT('',#8120);
#3998=VERTEX_POINT('',#8122);
#3999=VERTEX_POINT('',#8126);
#4000=VERTEX_POINT('',#8128);
#4001=VERTEX_POINT('',#8136);
#4002=VERTEX_POINT('',#8137);
#4003=VERTEX_POINT('',#8139);
#4004=VERTEX_POINT('',#8141);
#4005=VERTEX_POINT('',#8145);
#4006=VERTEX_POINT('',#8147);
#4007=VERTEX_POINT('',#8151);
#4008=VERTEX_POINT('',#8153);
#4009=VERTEX_POINT('',#8157);
#4010=VERTEX_POINT('',#8159);
#4011=VERTEX_POINT('',#8163);
#4012=VERTEX_POINT('',#8165);
#4013=VERTEX_POINT('',#8169);
#4014=VERTEX_POINT('',#8171);
#4015=VERTEX_POINT('',#8175);
#4016=VERTEX_POINT('',#8177);
#4017=VERTEX_POINT('',#8184);
#4018=VERTEX_POINT('',#8185);
#4019=VERTEX_POINT('',#8187);
#4020=VERTEX_POINT('',#8192);
#4021=VERTEX_POINT('',#8196);
#4022=VERTEX_POINT('',#8198);
#4023=VERTEX_POINT('',#8202);
#4024=VERTEX_POINT('',#8204);
#4025=VERTEX_POINT('',#8226);
#4026=VERTEX_POINT('',#8227);
#4027=VERTEX_POINT('',#8231);
#4028=VERTEX_POINT('',#8233);
#4029=VERTEX_POINT('',#8237);
#4030=VERTEX_POINT('',#8238);
#4031=VERTEX_POINT('',#8240);
#4032=VERTEX_POINT('',#8245);
#4033=VERTEX_POINT('',#8249);
#4034=VERTEX_POINT('',#8251);
#4035=VERTEX_POINT('',#8255);
#4036=VERTEX_POINT('',#8257);
#4037=VERTEX_POINT('',#8261);
#4038=VERTEX_POINT('',#8263);
#4039=VERTEX_POINT('',#8267);
#4040=VERTEX_POINT('',#8269);
#4041=VERTEX_POINT('',#8273);
#4042=VERTEX_POINT('',#8275);
#4043=VERTEX_POINT('',#8279);
#4044=VERTEX_POINT('',#8281);
#4045=VERTEX_POINT('',#8285);
#4046=VERTEX_POINT('',#8287);
#4047=VERTEX_POINT('',#8300);
#4048=VERTEX_POINT('',#8302);
#4049=VERTEX_POINT('',#8308);
#4050=VERTEX_POINT('',#8310);
#4051=VERTEX_POINT('',#8314);
#4052=VERTEX_POINT('',#8316);
#4053=VERTEX_POINT('',#8320);
#4054=VERTEX_POINT('',#8322);
#4055=VERTEX_POINT('',#8326);
#4056=VERTEX_POINT('',#8328);
#4057=VERTEX_POINT('',#8336);
#4058=VERTEX_POINT('',#8337);
#4059=VERTEX_POINT('',#8339);
#4060=VERTEX_POINT('',#8341);
#4061=VERTEX_POINT('',#8345);
#4062=VERTEX_POINT('',#8347);
#4063=VERTEX_POINT('',#8351);
#4064=VERTEX_POINT('',#8353);
#4065=VERTEX_POINT('',#8361);
#4066=VERTEX_POINT('',#8362);
#4067=VERTEX_POINT('',#8364);
#4068=VERTEX_POINT('',#8366);
#4069=VERTEX_POINT('',#8370);
#4070=VERTEX_POINT('',#8372);
#4071=VERTEX_POINT('',#8376);
#4072=VERTEX_POINT('',#8378);
#4073=VERTEX_POINT('',#8382);
#4074=VERTEX_POINT('',#8384);
#4075=VERTEX_POINT('',#8388);
#4076=VERTEX_POINT('',#8390);
#4077=VERTEX_POINT('',#8394);
#4078=VERTEX_POINT('',#8396);
#4079=VERTEX_POINT('',#8400);
#4080=VERTEX_POINT('',#8402);
#4081=VERTEX_POINT('',#8406);
#4082=VERTEX_POINT('',#8408);
#4083=VERTEX_POINT('',#8412);
#4084=VERTEX_POINT('',#8414);
#4085=VERTEX_POINT('',#8418);
#4086=VERTEX_POINT('',#8420);
#4087=VERTEX_POINT('',#8424);
#4088=VERTEX_POINT('',#8426);
#4089=VERTEX_POINT('',#8430);
#4090=VERTEX_POINT('',#8432);
#4091=VERTEX_POINT('',#8447);
#4092=VERTEX_POINT('',#8448);
#4093=VERTEX_POINT('',#8452);
#4094=VERTEX_POINT('',#8454);
#4095=VERTEX_POINT('',#8469);
#4096=VERTEX_POINT('',#8471);
#4097=VERTEX_POINT('',#8486);
#4098=VERTEX_POINT('',#8488);
#4099=VERTEX_POINT('',#8503);
#4100=VERTEX_POINT('',#8505);
#4101=VERTEX_POINT('',#8511);
#4102=VERTEX_POINT('',#8513);
#4103=VERTEX_POINT('',#8517);
#4104=VERTEX_POINT('',#8519);
#4105=VERTEX_POINT('',#8523);
#4106=VERTEX_POINT('',#8524);
#4107=VERTEX_POINT('',#8526);
#4108=VERTEX_POINT('',#8528);
#4109=VERTEX_POINT('',#8532);
#4110=VERTEX_POINT('',#8534);
#4111=VERTEX_POINT('',#8547);
#4112=VERTEX_POINT('',#8552);
#4113=VERTEX_POINT('',#8558);
#4114=VERTEX_POINT('',#8563);
#4115=VERTEX_POINT('',#8576);
#4116=VERTEX_POINT('',#8578);
#4117=VERTEX_POINT('',#8593);
#4118=VERTEX_POINT('',#8595);
#4119=VERTEX_POINT('',#8601);
#4120=VERTEX_POINT('',#8603);
#4121=VERTEX_POINT('',#8607);
#4122=VERTEX_POINT('',#8609);
#4123=VERTEX_POINT('',#8613);
#4124=VERTEX_POINT('',#8615);
#4125=VERTEX_POINT('',#8619);
#4126=VERTEX_POINT('',#8621);
#4127=VERTEX_POINT('',#8625);
#4128=VERTEX_POINT('',#8627);
#4129=VERTEX_POINT('',#8646);
#4130=VERTEX_POINT('',#8647);
#4131=VERTEX_POINT('',#8651);
#4132=VERTEX_POINT('',#8653);
#4133=VERTEX_POINT('',#8668);
#4134=VERTEX_POINT('',#8670);
#4135=VERTEX_POINT('',#8685);
#4136=VERTEX_POINT('',#8687);
#4137=VERTEX_POINT('',#8702);
#4138=VERTEX_POINT('',#8704);
#4139=VERTEX_POINT('',#8710);
#4140=VERTEX_POINT('',#8712);
#4141=VERTEX_POINT('',#8716);
#4142=VERTEX_POINT('',#8718);
#4143=VERTEX_POINT('',#8722);
#4144=VERTEX_POINT('',#8724);
#4145=VERTEX_POINT('',#8737);
#4146=VERTEX_POINT('',#8739);
#4147=VERTEX_POINT('',#8754);
#4148=VERTEX_POINT('',#8756);
#4149=VERTEX_POINT('',#8771);
#4150=VERTEX_POINT('',#8776);
#4151=VERTEX_POINT('',#8782);
#4152=VERTEX_POINT('',#8787);
#4153=VERTEX_POINT('',#8800);
#4154=VERTEX_POINT('',#8802);
#4155=VERTEX_POINT('',#8808);
#4156=VERTEX_POINT('',#8810);
#4157=VERTEX_POINT('',#8814);
#4158=VERTEX_POINT('',#8816);
#4159=VERTEX_POINT('',#8824);
#4160=VERTEX_POINT('',#8825);
#4161=VERTEX_POINT('',#8827);
#4162=VERTEX_POINT('',#8829);
#4163=VERTEX_POINT('',#8831);
#4164=VERTEX_POINT('',#8833);
#4165=VERTEX_POINT('',#8835);
#4166=VERTEX_POINT('',#8837);
#4167=VERTEX_POINT('',#8839);
#4168=VERTEX_POINT('',#8841);
#4169=VERTEX_POINT('',#8843);
#4170=VERTEX_POINT('',#8845);
#4171=VERTEX_POINT('',#8848);
#4172=VERTEX_POINT('',#8849);
#4173=VERTEX_POINT('',#8851);
#4174=VERTEX_POINT('',#8853);
#4175=VERTEX_POINT('',#8855);
#4176=VERTEX_POINT('',#8857);
#4177=VERTEX_POINT('',#8859);
#4178=VERTEX_POINT('',#8863);
#4179=VERTEX_POINT('',#8865);
#4180=VERTEX_POINT('',#8867);
#4181=VERTEX_POINT('',#8869);
#4182=VERTEX_POINT('',#8871);
#4183=VERTEX_POINT('',#8873);
#4184=VERTEX_POINT('',#8875);
#4185=VERTEX_POINT('',#8877);
#4186=VERTEX_POINT('',#8879);
#4187=VERTEX_POINT('',#8881);
#4188=VERTEX_POINT('',#8883);
#4189=VERTEX_POINT('',#8885);
#4190=VERTEX_POINT('',#8888);
#4191=VERTEX_POINT('',#8889);
#4192=VERTEX_POINT('',#8891);
#4193=VERTEX_POINT('',#8893);
#4194=VERTEX_POINT('',#8895);
#4195=VERTEX_POINT('',#8897);
#4196=VERTEX_POINT('',#8899);
#4197=VERTEX_POINT('',#8901);
#4198=VERTEX_POINT('',#8906);
#4199=VERTEX_POINT('',#8907);
#4200=VERTEX_POINT('',#8911);
#4201=VERTEX_POINT('',#8915);
#4202=VERTEX_POINT('',#8919);
#4203=VERTEX_POINT('',#8923);
#4204=VERTEX_POINT('',#8927);
#4205=VERTEX_POINT('',#8929);
#4206=VERTEX_POINT('',#8933);
#4207=VERTEX_POINT('',#8935);
#4208=VERTEX_POINT('',#8939);
#4209=VERTEX_POINT('',#8943);
#4210=VERTEX_POINT('',#8945);
#4211=VERTEX_POINT('',#8947);
#4212=VERTEX_POINT('',#8951);
#4213=VERTEX_POINT('',#8955);
#4214=VERTEX_POINT('',#8957);
#4215=VERTEX_POINT('',#8959);
#4216=VERTEX_POINT('',#8963);
#4217=VERTEX_POINT('',#8967);
#4218=VERTEX_POINT('',#8969);
#4219=VERTEX_POINT('',#8971);
#4220=VERTEX_POINT('',#8973);
#4221=VERTEX_POINT('',#8975);
#4222=VERTEX_POINT('',#8977);
#4223=VERTEX_POINT('',#8981);
#4224=VERTEX_POINT('',#8983);
#4225=VERTEX_POINT('',#8985);
#4226=VERTEX_POINT('',#8988);
#4227=VERTEX_POINT('',#8989);
#4228=VERTEX_POINT('',#8991);
#4229=VERTEX_POINT('',#8993);
#4230=VERTEX_POINT('',#8995);
#4231=VERTEX_POINT('',#8997);
#4232=VERTEX_POINT('',#8999);
#4233=VERTEX_POINT('',#9001);
#4234=VERTEX_POINT('',#9004);
#4235=VERTEX_POINT('',#9006);
#4236=VERTEX_POINT('',#9008);
#4237=VERTEX_POINT('',#9010);
#4238=VERTEX_POINT('',#9012);
#4239=VERTEX_POINT('',#9014);
#4240=VERTEX_POINT('',#9016);
#4241=VERTEX_POINT('',#9018);
#4242=VERTEX_POINT('',#9020);
#4243=VERTEX_POINT('',#9021);
#4244=VERTEX_POINT('',#9023);
#4245=VERTEX_POINT('',#9025);
#4246=VERTEX_POINT('',#9027);
#4247=VERTEX_POINT('',#9029);
#4248=VERTEX_POINT('',#9031);
#4249=VERTEX_POINT('',#9033);
#4250=VERTEX_POINT('',#9036);
#4251=VERTEX_POINT('',#9037);
#4252=VERTEX_POINT('',#9039);
#4253=VERTEX_POINT('',#9041);
#4254=VERTEX_POINT('',#9043);
#4255=VERTEX_POINT('',#9045);
#4256=VERTEX_POINT('',#9047);
#4257=VERTEX_POINT('',#9049);
#4258=VERTEX_POINT('',#9051);
#4259=VERTEX_POINT('',#9056);
#4260=VERTEX_POINT('',#9057);
#4261=VERTEX_POINT('',#9061);
#4262=VERTEX_POINT('',#9065);
#4263=VERTEX_POINT('',#9069);
#4264=VERTEX_POINT('',#9073);
#4265=VERTEX_POINT('',#9077);
#4266=VERTEX_POINT('',#9079);
#4267=VERTEX_POINT('',#9081);
#4268=VERTEX_POINT('',#9083);
#4269=VERTEX_POINT('',#9087);
#4270=VERTEX_POINT('',#9091);
#4271=VERTEX_POINT('',#9093);
#4272=VERTEX_POINT('',#9095);
#4273=VERTEX_POINT('',#9099);
#4274=VERTEX_POINT('',#9103);
#4275=VERTEX_POINT('',#9105);
#4276=VERTEX_POINT('',#9107);
#4277=VERTEX_POINT('',#9111);
#4278=VERTEX_POINT('',#9115);
#4279=VERTEX_POINT('',#9117);
#4280=VERTEX_POINT('',#9119);
#4281=VERTEX_POINT('',#9121);
#4282=VERTEX_POINT('',#9123);
#4283=VERTEX_POINT('',#9125);
#4284=VERTEX_POINT('',#9129);
#4285=VERTEX_POINT('',#9131);
#4286=VERTEX_POINT('',#9133);
#4287=VERTEX_POINT('',#9136);
#4288=VERTEX_POINT('',#9137);
#4289=VERTEX_POINT('',#9139);
#4290=VERTEX_POINT('',#9141);
#4291=VERTEX_POINT('',#9144);
#4292=VERTEX_POINT('',#9145);
#4293=VERTEX_POINT('',#9147);
#4294=VERTEX_POINT('',#9149);
#4295=VERTEX_POINT('',#9151);
#4296=VERTEX_POINT('',#9153);
#4297=VERTEX_POINT('',#9155);
#4298=VERTEX_POINT('',#9157);
#4299=VERTEX_POINT('',#9159);
#4300=VERTEX_POINT('',#9161);
#4301=VERTEX_POINT('',#9163);
#4302=VERTEX_POINT('',#9165);
#4303=VERTEX_POINT('',#9168);
#4304=VERTEX_POINT('',#9169);
#4305=VERTEX_POINT('',#9171);
#4306=VERTEX_POINT('',#9173);
#4307=VERTEX_POINT('',#9175);
#4308=VERTEX_POINT('',#9177);
#4309=VERTEX_POINT('',#9179);
#4310=VERTEX_POINT('',#9181);
#4311=VERTEX_POINT('',#9185);
#4312=VERTEX_POINT('',#9187);
#4313=VERTEX_POINT('',#9191);
#4314=VERTEX_POINT('',#9195);
#4315=VERTEX_POINT('',#9199);
#4316=VERTEX_POINT('',#9203);
#4317=VERTEX_POINT('',#9207);
#4318=VERTEX_POINT('',#9211);
#4319=VERTEX_POINT('',#9218);
#4320=VERTEX_POINT('',#9220);
#4321=VERTEX_POINT('',#9224);
#4322=VERTEX_POINT('',#9228);
#4323=VERTEX_POINT('',#9232);
#4324=VERTEX_POINT('',#9236);
#4325=VERTEX_POINT('',#9240);
#4326=VERTEX_POINT('',#9244);
#4327=VERTEX_POINT('',#9248);
#4328=VERTEX_POINT('',#9252);
#4329=VERTEX_POINT('',#9256);
#4330=VERTEX_POINT('',#9260);
#4331=VERTEX_POINT('',#9267);
#4332=VERTEX_POINT('',#9269);
#4333=VERTEX_POINT('',#9273);
#4334=VERTEX_POINT('',#9277);
#4335=VERTEX_POINT('',#9291);
#4336=VERTEX_POINT('',#9296);
#4337=VERTEX_POINT('',#9305);
#4338=VERTEX_POINT('',#9312);
#4339=VERTEX_POINT('',#9319);
#4340=VERTEX_POINT('',#9333);
#4341=VERTEX_POINT('',#9342);
#4342=VERTEX_POINT('',#9346);
#4343=VERTEX_POINT('',#9350);
#4344=VERTEX_POINT('',#9357);
#4345=VERTEX_POINT('',#9364);
#4346=VERTEX_POINT('',#9375);
#4347=VERTEX_POINT('',#9391);
#4348=VERTEX_POINT('',#9400);
#4349=VERTEX_POINT('',#9407);
#4350=VERTEX_POINT('',#9418);
#4351=VERTEX_POINT('',#9434);
#4352=VERTEX_POINT('',#9443);
#4353=VERTEX_POINT('',#9450);
#4354=VERTEX_POINT('',#9461);
#4355=VERTEX_POINT('',#9477);
#4356=VERTEX_POINT('',#9486);
#4357=VERTEX_POINT('',#9497);
#4358=VERTEX_POINT('',#9503);
#4359=VERTEX_POINT('',#9514);
#4360=VERTEX_POINT('',#9527);
#4361=VERTEX_POINT('',#9540);
#4362=VERTEX_POINT('',#9553);
#4363=VERTEX_POINT('',#9571);
#4364=VERTEX_POINT('',#9573);
#4365=VERTEX_POINT('',#9577);
#4366=VERTEX_POINT('',#9581);
#4367=VERTEX_POINT('',#9585);
#4368=VERTEX_POINT('',#9589);
#4369=VERTEX_POINT('',#9593);
#4370=VERTEX_POINT('',#9597);
#4371=VERTEX_POINT('',#9604);
#4372=VERTEX_POINT('',#9605);
#4373=VERTEX_POINT('',#9607);
#4374=VERTEX_POINT('',#9612);
#4375=VERTEX_POINT('',#9616);
#4376=VERTEX_POINT('',#9618);
#4377=VERTEX_POINT('',#9622);
#4378=VERTEX_POINT('',#9624);
#4379=VERTEX_POINT('',#9645);
#4380=VERTEX_POINT('',#9646);
#4381=VERTEX_POINT('',#9650);
#4382=VERTEX_POINT('',#9652);
#4383=VERTEX_POINT('',#9656);
#4384=VERTEX_POINT('',#9658);
#4385=VERTEX_POINT('',#9662);
#4386=VERTEX_POINT('',#9664);
#4387=VERTEX_POINT('',#9668);
#4388=VERTEX_POINT('',#9670);
#4389=VERTEX_POINT('',#9674);
#4390=VERTEX_POINT('',#9676);
#4391=VERTEX_POINT('',#9680);
#4392=VERTEX_POINT('',#9682);
#4393=VERTEX_POINT('',#9686);
#4394=VERTEX_POINT('',#9688);
#4395=VERTEX_POINT('',#9692);
#4396=VERTEX_POINT('',#9694);
#4397=VERTEX_POINT('',#9698);
#4398=VERTEX_POINT('',#9701);
#4399=VERTEX_POINT('',#9703);
#4400=VERTEX_POINT('',#9706);
#4401=VERTEX_POINT('',#9710);
#4402=VERTEX_POINT('',#9713);
#4403=VERTEX_POINT('',#9724);
#4404=VERTEX_POINT('',#9725);
#4405=VERTEX_POINT('',#9729);
#4406=VERTEX_POINT('',#9731);
#4407=VERTEX_POINT('',#9734);
#4408=VERTEX_POINT('',#9735);
#4409=VERTEX_POINT('',#9737);
#4410=VERTEX_POINT('',#9739);
#4411=VERTEX_POINT('',#9741);
#4412=VERTEX_POINT('',#9743);
#4413=VERTEX_POINT('',#9745);
#4414=VERTEX_POINT('',#9747);
#4415=VERTEX_POINT('',#9788);
#4416=VERTEX_POINT('',#9789);
#4417=VERTEX_POINT('',#9791);
#4418=VERTEX_POINT('',#9793);
#4419=VERTEX_POINT('',#9795);
#4420=VERTEX_POINT('',#9797);
#4421=VERTEX_POINT('',#9799);
#4422=VERTEX_POINT('',#9801);
#4423=VERTEX_POINT('',#9803);
#4424=VERTEX_POINT('',#9827);
#4425=VERTEX_POINT('',#9828);
#4426=VERTEX_POINT('',#9832);
#4427=VERTEX_POINT('',#9836);
#4428=VERTEX_POINT('',#9838);
#4429=VERTEX_POINT('',#9840);
#4430=VERTEX_POINT('',#9842);
#4431=VERTEX_POINT('',#9846);
#4432=VERTEX_POINT('',#9848);
#4433=VERTEX_POINT('',#9850);
#4434=VERTEX_POINT('',#9852);
#4435=VERTEX_POINT('',#9854);
#4436=VERTEX_POINT('',#9856);
#4437=VERTEX_POINT('',#9860);
#4438=VERTEX_POINT('',#9864);
#4439=VERTEX_POINT('',#9866);
#4440=VERTEX_POINT('',#9868);
#4441=VERTEX_POINT('',#9872);
#4442=VERTEX_POINT('',#9876);
#4443=VERTEX_POINT('',#9878);
#4444=VERTEX_POINT('',#9880);
#4445=VERTEX_POINT('',#9884);
#4446=VERTEX_POINT('',#9888);
#4447=VERTEX_POINT('',#9890);
#4448=VERTEX_POINT('',#9892);
#4449=VERTEX_POINT('',#9894);
#4450=VERTEX_POINT('',#9898);
#4451=VERTEX_POINT('',#9902);
#4452=VERTEX_POINT('',#10104);
#4453=VERTEX_POINT('',#10105);
#4454=VERTEX_POINT('',#10109);
#4455=VERTEX_POINT('',#10111);
#4456=VERTEX_POINT('',#10114);
#4457=VERTEX_POINT('',#10115);
#4458=VERTEX_POINT('',#10117);
#4459=VERTEX_POINT('',#10119);
#4460=VERTEX_POINT('',#10121);
#4461=VERTEX_POINT('',#10123);
#4462=VERTEX_POINT('',#10125);
#4463=VERTEX_POINT('',#10127);
#4464=VERTEX_POINT('',#10168);
#4465=VERTEX_POINT('',#10169);
#4466=VERTEX_POINT('',#10171);
#4467=VERTEX_POINT('',#10173);
#4468=VERTEX_POINT('',#10175);
#4469=VERTEX_POINT('',#10177);
#4470=VERTEX_POINT('',#10179);
#4471=VERTEX_POINT('',#10181);
#4472=VERTEX_POINT('',#10183);
#4473=VERTEX_POINT('',#10185);
#4474=VERTEX_POINT('',#10187);
#4475=VERTEX_POINT('',#10189);
#4476=VERTEX_POINT('',#10191);
#4477=VERTEX_POINT('',#10193);
#4478=VERTEX_POINT('',#10195);
#4479=VERTEX_POINT('',#10197);
#4480=VERTEX_POINT('',#10199);
#4481=VERTEX_POINT('',#10203);
#4482=VERTEX_POINT('',#10205);
#4483=VERTEX_POINT('',#10260);
#4484=VERTEX_POINT('',#10261);
#4485=VERTEX_POINT('',#10263);
#4486=VERTEX_POINT('',#10265);
#4487=VERTEX_POINT('',#10267);
#4488=VERTEX_POINT('',#10269);
#4489=VERTEX_POINT('',#10271);
#4490=VERTEX_POINT('',#10273);
#4491=VERTEX_POINT('',#10275);
#4492=VERTEX_POINT('',#10277);
#4493=VERTEX_POINT('',#10279);
#4494=VERTEX_POINT('',#10281);
#4495=VERTEX_POINT('',#10313);
#4496=VERTEX_POINT('',#10315);
#4497=VERTEX_POINT('',#10318);
#4498=VERTEX_POINT('',#10320);
#4499=VERTEX_POINT('',#10322);
#4500=VERTEX_POINT('',#10324);
#4501=VERTEX_POINT('',#10326);
#4502=VERTEX_POINT('',#10328);
#4503=VERTEX_POINT('',#10330);
#4504=VERTEX_POINT('',#10332);
#4505=VERTEX_POINT('',#10334);
#4506=VERTEX_POINT('',#10337);
#4507=VERTEX_POINT('',#10339);
#4508=VERTEX_POINT('',#10341);
#4509=VERTEX_POINT('',#10343);
#4510=VERTEX_POINT('',#10345);
#4511=VERTEX_POINT('',#10347);
#4512=VERTEX_POINT('',#10349);
#4513=VERTEX_POINT('',#10351);
#4514=VERTEX_POINT('',#10353);
#4515=VERTEX_POINT('',#10355);
#4516=VERTEX_POINT('',#10360);
#4517=VERTEX_POINT('',#10362);
#4518=VERTEX_POINT('',#10366);
#4519=VERTEX_POINT('',#10368);
#4520=VERTEX_POINT('',#10372);
#4521=VERTEX_POINT('',#10374);
#4522=VERTEX_POINT('',#10378);
#4523=VERTEX_POINT('',#10380);
#4524=VERTEX_POINT('',#10384);
#4525=VERTEX_POINT('',#10386);
#4526=VERTEX_POINT('',#10390);
#4527=VERTEX_POINT('',#10392);
#4528=VERTEX_POINT('',#10396);
#4529=VERTEX_POINT('',#10398);
#4530=VERTEX_POINT('',#10402);
#4531=VERTEX_POINT('',#10404);
#4532=VERTEX_POINT('',#10408);
#4533=VERTEX_POINT('',#10410);
#4534=VERTEX_POINT('',#10414);
#4535=VERTEX_POINT('',#10416);
#4536=VERTEX_POINT('',#10420);
#4537=VERTEX_POINT('',#10422);
#4538=VERTEX_POINT('',#10426);
#4539=VERTEX_POINT('',#10428);
#4540=VERTEX_POINT('',#10432);
#4541=VERTEX_POINT('',#10434);
#4542=VERTEX_POINT('',#10438);
#4543=VERTEX_POINT('',#10440);
#4544=VERTEX_POINT('',#10444);
#4545=VERTEX_POINT('',#10446);
#4546=VERTEX_POINT('',#10450);
#4547=VERTEX_POINT('',#10452);
#4548=CIRCLE('',#6104,0.006);
#4549=CIRCLE('',#6105,0.006);
#4550=CIRCLE('',#6107,0.004);
#4551=CIRCLE('',#6109,0.003);
#4552=CIRCLE('',#6111,0.003);
#4553=CIRCLE('',#6113,0.004);
#4554=CIRCLE('',#6115,0.006);
#4555=CIRCLE('',#6116,0.006);
#4556=CIRCLE('',#6141,0.00355708887150014);
#4557=CIRCLE('',#6142,0.00355708887150014);
#4558=CIRCLE('',#6148,0.0035570888715031);
#4559=CIRCLE('',#6151,0.0216334601357787);
#4560=CIRCLE('',#6152,0.0216334601357787);
#4561=CIRCLE('',#6189,0.000877482499326694);
#4562=CIRCLE('',#6190,0.000877482499326694);
#4563=CIRCLE('',#6204,0.00106839155176091);
#4564=CIRCLE('',#6205,0.00106839155176091);
#4565=CIRCLE('',#6211,0.0759267452098677);
#4566=CIRCLE('',#6212,0.010448618107486);
#4567=CIRCLE('',#6213,0.00169558742075956);
#4568=CIRCLE('',#6214,0.000289990625625662);
#4569=CIRCLE('',#6215,0.000607349150874285);
#4570=CIRCLE('',#6216,0.00102347176748975);
#4571=CIRCLE('',#6217,0.000874166578667237);
#4572=CIRCLE('',#6218,0.00195114371163101);
#4573=CIRCLE('',#6219,0.00336849566996787);
#4574=CIRCLE('',#6220,0.00341452179587643);
#4575=CIRCLE('',#6221,0.00140593483781945);
#4576=CIRCLE('',#6222,0.000304622995725996);
#4577=CIRCLE('',#6223,0.00029996412332483);
#4578=CIRCLE('',#6224,0.000478815901661598);
#4579=CIRCLE('',#6225,0.00345);
#4580=CIRCLE('',#6226,0.0365);
#4581=CIRCLE('',#6227,0.007);
#4582=CIRCLE('',#6228,0.007);
#4583=CIRCLE('',#6229,0.007);
#4584=CIRCLE('',#6230,0.007);
#4585=CIRCLE('',#6231,0.007);
#4586=CIRCLE('',#6232,0.007);
#4587=CIRCLE('',#6233,0.00386305018154209);
#4588=CIRCLE('',#6234,0.00169558742075964);
#4589=CIRCLE('',#6235,0.000289990625625804);
#4590=CIRCLE('',#6236,0.000607349150874317);
#4591=CIRCLE('',#6237,0.00102347176748967);
#4592=CIRCLE('',#6238,0.000874166578667126);
#4593=CIRCLE('',#6239,0.00195114371163088);
#4594=CIRCLE('',#6240,0.00336849566996828);
#4595=CIRCLE('',#6241,0.00341452179589047);
#4596=CIRCLE('',#6242,0.00140593483781886);
#4597=CIRCLE('',#6243,0.000304622995725984);
#4598=CIRCLE('',#6244,0.000299964123324822);
#4599=CIRCLE('',#6245,0.000478815901725219);
#4600=CIRCLE('',#6274,0.000478815901661598);
#4601=CIRCLE('',#6276,0.00029996412332483);
#4602=CIRCLE('',#6278,0.000304622995725996);
#4603=CIRCLE('',#6280,0.00140593483781945);
#4604=CIRCLE('',#6282,0.00341452179587643);
#4605=CIRCLE('',#6285,0.00336849566996787);
#4606=CIRCLE('',#6287,0.00195114371163101);
#4607=CIRCLE('',#6289,0.000874166578667237);
#4608=CIRCLE('',#6291,0.00102347176748975);
#4609=CIRCLE('',#6293,0.000607349150874285);
#4610=CIRCLE('',#6295,0.000289990625625662);
#4611=CIRCLE('',#6297,0.00169558742075956);
#4612=CIRCLE('',#6308,0.00355708887150327);
#4613=CIRCLE('',#6309,0.00355708887150327);
#4614=CIRCLE('',#6315,0.00355708887150226);
#4615=CIRCLE('',#6317,0.0375);
#4616=CIRCLE('',#6318,0.0375);
#4617=CIRCLE('',#6321,0.006);
#4618=CIRCLE('',#6322,0.006);
#4619=CIRCLE('',#6325,0.006);
#4620=CIRCLE('',#6326,0.006);
#4621=CIRCLE('',#6329,0.006);
#4622=CIRCLE('',#6330,0.006);
#4623=CIRCLE('',#6333,0.006);
#4624=CIRCLE('',#6334,0.006);
#4625=CIRCLE('',#6337,0.006);
#4626=CIRCLE('',#6338,0.006);
#4627=CIRCLE('',#6341,0.006);
#4628=CIRCLE('',#6342,0.006);
#4629=CIRCLE('',#6345,0.00345);
#4630=CIRCLE('',#6347,0.005);
#4631=CIRCLE('',#6348,0.005);
#4632=CIRCLE('',#6350,0.00345);
#4633=CIRCLE('',#6353,0.00345);
#4634=CIRCLE('',#6355,0.00245);
#4635=CIRCLE('',#6365,0.00355708887150226);
#4636=CIRCLE('',#6388,0.000478815901725219);
#4637=CIRCLE('',#6389,0.000299964123324822);
#4638=CIRCLE('',#6390,0.000304622995725984);
#4639=CIRCLE('',#6391,0.00140593483781886);
#4640=CIRCLE('',#6392,0.00341452179589047);
#4641=CIRCLE('',#6393,0.00336849566996828);
#4642=CIRCLE('',#6394,0.00195114371163088);
#4643=CIRCLE('',#6395,0.000874166578667126);
#4644=CIRCLE('',#6396,0.00102347176748967);
#4645=CIRCLE('',#6397,0.000607349150874317);
#4646=CIRCLE('',#6398,0.000289990625625804);
#4647=CIRCLE('',#6399,0.00169558742075964);
#4648=CIRCLE('',#6400,0.00386305018154209);
#4649=CIRCLE('',#6418,0.0035570888715031);
#4650=CIRCLE('',#6431,0.0759267452098677);
#4651=CIRCLE('',#6432,0.010448618107486);
#4652=CIRCLE('',#6469,0.0085);
#4653=CIRCLE('',#6470,0.0085);
#4654=CIRCLE('',#6472,0.00855);
#4655=CIRCLE('',#6473,0.00855);
#4656=CIRCLE('',#6474,0.00855);
#4657=CIRCLE('',#6475,0.00855);
#4658=CIRCLE('',#6476,0.00855);
#4659=CIRCLE('',#6477,0.00855);
#4660=CIRCLE('',#6478,0.00855);
#4661=CIRCLE('',#6479,0.00855);
#4662=CIRCLE('',#6480,0.0345);
#4663=CIRCLE('',#6482,0.00505);
#4664=CIRCLE('',#6483,0.00505);
#4665=CIRCLE('',#6484,0.00505);
#4666=CIRCLE('',#6485,0.00505);
#4667=CIRCLE('',#6486,0.00505);
#4668=CIRCLE('',#6487,0.00505);
#4669=CIRCLE('',#6488,0.00505);
#4670=CIRCLE('',#6489,0.00505);
#4671=CIRCLE('',#6490,0.0095);
#4672=CIRCLE('',#6491,0.0345);
#4673=CIRCLE('',#6495,0.00755);
#4674=CIRCLE('',#6496,0.00755);
#4675=CIRCLE('',#6499,0.00755);
#4676=CIRCLE('',#6500,0.00755);
#4677=CIRCLE('',#6503,0.00755);
#4678=CIRCLE('',#6504,0.00755);
#4679=CIRCLE('',#6507,0.00755);
#4680=CIRCLE('',#6508,0.00755);
#4681=CIRCLE('',#6511,0.00755);
#4682=CIRCLE('',#6512,0.00755);
#4683=CIRCLE('',#6515,0.00755);
#4684=CIRCLE('',#6516,0.00755);
#4685=CIRCLE('',#6519,0.00755);
#4686=CIRCLE('',#6520,0.00755);
#4687=CIRCLE('',#6523,0.00755);
#4688=CIRCLE('',#6524,0.00755);
#4689=CIRCLE('',#6527,0.00405);
#4690=CIRCLE('',#6528,0.00405);
#4691=CIRCLE('',#6531,0.00405);
#4692=CIRCLE('',#6532,0.00405);
#4693=CIRCLE('',#6535,0.00405);
#4694=CIRCLE('',#6536,0.00405);
#4695=CIRCLE('',#6539,0.00405);
#4696=CIRCLE('',#6540,0.00405);
#4697=CIRCLE('',#6543,0.00405);
#4698=CIRCLE('',#6544,0.00405);
#4699=CIRCLE('',#6547,0.00405);
#4700=CIRCLE('',#6548,0.00405);
#4701=CIRCLE('',#6551,0.00405);
#4702=CIRCLE('',#6552,0.00405);
#4703=CIRCLE('',#6555,0.00405);
#4704=CIRCLE('',#6556,0.00405);
#4705=EDGE_LOOP('',(#1519));
#4706=EDGE_LOOP('',(#1520));
#4707=EDGE_LOOP('',(#1521));
#4708=EDGE_LOOP('',(#1522));
#4709=EDGE_LOOP('',(#1523));
#4710=EDGE_LOOP('',(#1524));
#4711=EDGE_LOOP('',(#1525));
#4712=EDGE_LOOP('',(#1526));
#4713=EDGE_LOOP('',(#1527));
#4714=EDGE_LOOP('',(#1528));
#4715=EDGE_LOOP('',(#1529));
#4716=EDGE_LOOP('',(#1530));
#4717=EDGE_LOOP('',(#1531));
#4718=EDGE_LOOP('',(#1532));
#4719=EDGE_LOOP('',(#1533));
#4720=EDGE_LOOP('',(#1534));
#4721=EDGE_LOOP('',(#1535,#1536,#1537,#1538));
#4722=EDGE_LOOP('',(#1539,#1540,#1541,#1542));
#4723=EDGE_LOOP('',(#1543,#1544,#1545,#1546));
#4724=EDGE_LOOP('',(#1547,#1548,#1549,#1550));
#4725=EDGE_LOOP('',(#1551,#1552,#1553,#1554));
#4726=EDGE_LOOP('',(#1555,#1556,#1557,#1558));
#4727=EDGE_LOOP('',(#1559,#1560,#1561,#1562));
#4728=EDGE_LOOP('',(#1563,#1564,#1565,#1566));
#4729=EDGE_LOOP('',(#1567,#1568,#1569,#1570));
#4730=EDGE_LOOP('',(#1571,#1572,#1573,#1574));
#4731=EDGE_LOOP('',(#1575,#1576,#1577,#1578));
#4732=EDGE_LOOP('',(#1579,#1580,#1581,#1582,#1583,#1584));
#4733=EDGE_LOOP('',(#1585,#1586,#1587,#1588));
#4734=EDGE_LOOP('',(#1589,#1590,#1591,#1592));
#4735=EDGE_LOOP('',(#1593,#1594,#1595,#1596));
#4736=EDGE_LOOP('',(#1597,#1598,#1599,#1600));
#4737=EDGE_LOOP('',(#1601,#1602,#1603,#1604));
#4738=EDGE_LOOP('',(#1605,#1606,#1607,#1608));
#4739=EDGE_LOOP('',(#1609,#1610,#1611,#1612));
#4740=EDGE_LOOP('',(#1613,#1614,#1615,#1616));
#4741=EDGE_LOOP('',(#1617,#1618,#1619,#1620));
#4742=EDGE_LOOP('',(#1621,#1622,#1623,#1624));
#4743=EDGE_LOOP('',(#1625,#1626,#1627,#1628));
#4744=EDGE_LOOP('',(#1629,#1630,#1631,#1632));
#4745=EDGE_LOOP('',(#1633,#1634,#1635,#1636));
#4746=EDGE_LOOP('',(#1637,#1638,#1639,#1640,#1641,#1642,#1643,#1644));
#4747=EDGE_LOOP('',(#1645,#1646,#1647,#1648));
#4748=EDGE_LOOP('',(#1649,#1650,#1651,#1652));
#4749=EDGE_LOOP('',(#1653,#1654,#1655,#1656));
#4750=EDGE_LOOP('',(#1657,#1658,#1659,#1660));
#4751=EDGE_LOOP('',(#1661,#1662,#1663,#1664));
#4752=EDGE_LOOP('',(#1665,#1666,#1667,#1668));
#4753=EDGE_LOOP('',(#1669,#1670,#1671,#1672));
#4754=EDGE_LOOP('',(#1673,#1674,#1675,#1676));
#4755=EDGE_LOOP('',(#1677,#1678,#1679,#1680));
#4756=EDGE_LOOP('',(#1681,#1682,#1683,#1684));
#4757=EDGE_LOOP('',(#1685,#1686,#1687,#1688));
#4758=EDGE_LOOP('',(#1689,#1690,#1691,#1692));
#4759=EDGE_LOOP('',(#1693,#1694,#1695,#1696));
#4760=EDGE_LOOP('',(#1697,#1698,#1699,#1700));
#4761=EDGE_LOOP('',(#1701,#1702,#1703,#1704));
#4762=EDGE_LOOP('',(#1705,#1706,#1707,#1708,#1709,#1710,#1711,#1712,#1713,
#1714,#1715,#1716,#1717,#1718));
#4763=EDGE_LOOP('',(#1719,#1720,#1721,#1722));
#4764=EDGE_LOOP('',(#1723,#1724,#1725,#1726));
#4765=EDGE_LOOP('',(#1727,#1728,#1729,#1730));
#4766=EDGE_LOOP('',(#1731,#1732,#1733,#1734));
#4767=EDGE_LOOP('',(#1735,#1736,#1737,#1738));
#4768=EDGE_LOOP('',(#1739,#1740,#1741,#1742));
#4769=EDGE_LOOP('',(#1743,#1744,#1745,#1746));
#4770=EDGE_LOOP('',(#1747,#1748,#1749,#1750));
#4771=EDGE_LOOP('',(#1751,#1752,#1753,#1754));
#4772=EDGE_LOOP('',(#1755,#1756,#1757,#1758));
#4773=EDGE_LOOP('',(#1759,#1760,#1761,#1762));
#4774=EDGE_LOOP('',(#1763,#1764,#1765,#1766));
#4775=EDGE_LOOP('',(#1767,#1768,#1769,#1770));
#4776=EDGE_LOOP('',(#1771,#1772,#1773,#1774));
#4777=EDGE_LOOP('',(#1775,#1776,#1777,#1778));
#4778=EDGE_LOOP('',(#1779,#1780,#1781,#1782));
#4779=EDGE_LOOP('',(#1783,#1784,#1785,#1786));
#4780=EDGE_LOOP('',(#1787,#1788,#1789,#1790));
#4781=EDGE_LOOP('',(#1791,#1792,#1793,#1794,#1795,#1796,#1797,#1798,#1799,
#1800,#1801,#1802,#1803));
#4782=EDGE_LOOP('',(#1804,#1805,#1806,#1807));
#4783=EDGE_LOOP('',(#1808,#1809,#1810,#1811));
#4784=EDGE_LOOP('',(#1812,#1813,#1814,#1815));
#4785=EDGE_LOOP('',(#1816,#1817,#1818,#1819));
#4786=EDGE_LOOP('',(#1820,#1821,#1822,#1823));
#4787=EDGE_LOOP('',(#1824,#1825,#1826,#1827));
#4788=EDGE_LOOP('',(#1828,#1829,#1830,#1831));
#4789=EDGE_LOOP('',(#1832,#1833,#1834,#1835));
#4790=EDGE_LOOP('',(#1836,#1837,#1838,#1839));
#4791=EDGE_LOOP('',(#1840,#1841,#1842,#1843));
#4792=EDGE_LOOP('',(#1844,#1845,#1846,#1847));
#4793=EDGE_LOOP('',(#1848,#1849,#1850,#1851));
#4794=EDGE_LOOP('',(#1852,#1853,#1854,#1855));
#4795=EDGE_LOOP('',(#1856,#1857,#1858,#1859));
#4796=EDGE_LOOP('',(#1860,#1861,#1862,#1863));
#4797=EDGE_LOOP('',(#1864,#1865,#1866,#1867));
#4798=EDGE_LOOP('',(#1868,#1869,#1870,#1871));
#4799=EDGE_LOOP('',(#1872,#1873,#1874,#1875));
#4800=EDGE_LOOP('',(#1876,#1877,#1878,#1879));
#4801=EDGE_LOOP('',(#1880,#1881,#1882,#1883,#1884,#1885,#1886,#1887,#1888,
#1889,#1890,#1891));
#4802=EDGE_LOOP('',(#1892,#1893,#1894,#1895,#1896,#1897,#1898));
#4803=EDGE_LOOP('',(#1899,#1900,#1901,#1902,#1903,#1904,#1905));
#4804=EDGE_LOOP('',(#1906,#1907,#1908,#1909));
#4805=EDGE_LOOP('',(#1910,#1911,#1912,#1913));
#4806=EDGE_LOOP('',(#1914,#1915,#1916,#1917));
#4807=EDGE_LOOP('',(#1918,#1919,#1920,#1921));
#4808=EDGE_LOOP('',(#1922,#1923,#1924,#1925));
#4809=EDGE_LOOP('',(#1926,#1927,#1928,#1929));
#4810=EDGE_LOOP('',(#1930,#1931,#1932,#1933));
#4811=EDGE_LOOP('',(#1934,#1935,#1936,#1937));
#4812=EDGE_LOOP('',(#1938,#1939,#1940,#1941));
#4813=EDGE_LOOP('',(#1942,#1943,#1944,#1945));
#4814=EDGE_LOOP('',(#1946,#1947,#1948,#1949));
#4815=EDGE_LOOP('',(#1950,#1951,#1952,#1953));
#4816=EDGE_LOOP('',(#1954,#1955,#1956,#1957));
#4817=EDGE_LOOP('',(#1958,#1959,#1960,#1961));
#4818=EDGE_LOOP('',(#1962,#1963,#1964,#1965));
#4819=EDGE_LOOP('',(#1966,#1967,#1968,#1969,#1970,#1971,#1972,#1973,#1974,
#1975,#1976,#1977,#1978,#1979,#1980));
#4820=EDGE_LOOP('',(#1981,#1982,#1983,#1984));
#4821=EDGE_LOOP('',(#1985,#1986,#1987,#1988,#1989,#1990));
#4822=EDGE_LOOP('',(#1991,#1992,#1993,#1994,#1995,#1996,#1997,#1998));
#4823=EDGE_LOOP('',(#1999,#2000,#2001,#2002,#2003,#2004,#2005,#2006,#2007,
#2008,#2009,#2010));
#4824=EDGE_LOOP('',(#2011,#2012,#2013,#2014,#2015,#2016,#2017,#2018,#2019,
#2020,#2021,#2022,#2023,#2024,#2025,#2026,#2027,#2028,#2029));
#4825=EDGE_LOOP('',(#2030,#2031,#2032,#2033,#2034,#2035,#2036,#2037));
#4826=EDGE_LOOP('',(#2038,#2039,#2040,#2041,#2042,#2043,#2044,#2045,#2046,
#2047,#2048,#2049,#2050,#2051));
#4827=EDGE_LOOP('',(#2052,#2053,#2054,#2055));
#4828=EDGE_LOOP('',(#2056,#2057,#2058,#2059,#2060,#2061,#2062,#2063,#2064,
#2065,#2066,#2067,#2068));
#4829=EDGE_LOOP('',(#2069,#2070,#2071,#2072,#2073,#2074,#2075,#2076,#2077,
#2078,#2079,#2080));
#4830=EDGE_LOOP('',(#2081,#2082,#2083,#2084,#2085,#2086,#2087,#2088,#2089,
#2090,#2091,#2092,#2093,#2094,#2095,#2096,#2097,#2098,#2099,#2100,#2101,
#2102,#2103,#2104,#2105,#2106,#2107,#2108));
#4831=EDGE_LOOP('',(#2109,#2110,#2111,#2112,#2113,#2114,#2115,#2116));
#4832=EDGE_LOOP('',(#2117));
#4833=EDGE_LOOP('',(#2118));
#4834=EDGE_LOOP('',(#2119));
#4835=EDGE_LOOP('',(#2120));
#4836=EDGE_LOOP('',(#2121));
#4837=EDGE_LOOP('',(#2122));
#4838=EDGE_LOOP('',(#2123));
#4839=EDGE_LOOP('',(#2124));
#4840=EDGE_LOOP('',(#2125,#2126,#2127,#2128,#2129,#2130,#2131,#2132));
#4841=EDGE_LOOP('',(#2133,#2134,#2135,#2136,#2137,#2138,#2139,#2140,#2141));
#4842=EDGE_LOOP('',(#2142,#2143,#2144,#2145,#2146,#2147,#2148,#2149,#2150,
#2151,#2152,#2153,#2154,#2155,#2156,#2157,#2158,#2159,#2160,#2161,#2162,
#2163,#2164,#2165,#2166,#2167,#2168,#2169));
#4843=EDGE_LOOP('',(#2170,#2171,#2172,#2173));
#4844=EDGE_LOOP('',(#2174,#2175,#2176,#2177,#2178,#2179,#2180,#2181,#2182,
#2183,#2184,#2185));
#4845=EDGE_LOOP('',(#2186,#2187,#2188,#2189,#2190,#2191,#2192,#2193));
#4846=EDGE_LOOP('',(#2194,#2195,#2196,#2197,#2198,#2199,#2200,#2201,#2202,
#2203,#2204,#2205,#2206,#2207,#2208));
#4847=EDGE_LOOP('',(#2209,#2210,#2211,#2212));
#4848=EDGE_LOOP('',(#2213,#2214,#2215,#2216));
#4849=EDGE_LOOP('',(#2217,#2218,#2219,#2220));
#4850=EDGE_LOOP('',(#2221,#2222,#2223,#2224));
#4851=EDGE_LOOP('',(#2225,#2226,#2227,#2228));
#4852=EDGE_LOOP('',(#2229,#2230,#2231,#2232));
#4853=EDGE_LOOP('',(#2233,#2234,#2235,#2236));
#4854=EDGE_LOOP('',(#2237,#2238,#2239,#2240));
#4855=EDGE_LOOP('',(#2241,#2242,#2243,#2244,#2245,#2246,#2247,#2248));
#4856=EDGE_LOOP('',(#2249,#2250,#2251,#2252));
#4857=EDGE_LOOP('',(#2253,#2254,#2255,#2256));
#4858=EDGE_LOOP('',(#2257,#2258,#2259,#2260));
#4859=EDGE_LOOP('',(#2261,#2262,#2263,#2264));
#4860=EDGE_LOOP('',(#2265,#2266,#2267,#2268));
#4861=EDGE_LOOP('',(#2269,#2270,#2271,#2272));
#4862=EDGE_LOOP('',(#2273,#2274,#2275,#2276));
#4863=EDGE_LOOP('',(#2277,#2278,#2279,#2280));
#4864=EDGE_LOOP('',(#2281,#2282,#2283,#2284));
#4865=EDGE_LOOP('',(#2285,#2286,#2287,#2288));
#4866=EDGE_LOOP('',(#2289,#2290,#2291,#2292));
#4867=EDGE_LOOP('',(#2293,#2294,#2295,#2296));
#4868=EDGE_LOOP('',(#2297,#2298,#2299,#2300,#2301,#2302,#2303,#2304,#2305,
#2306,#2307,#2308));
#4869=EDGE_LOOP('',(#2309,#2310,#2311,#2312));
#4870=EDGE_LOOP('',(#2313,#2314,#2315,#2316));
#4871=EDGE_LOOP('',(#2317,#2318,#2319,#2320));
#4872=EDGE_LOOP('',(#2321,#2322,#2323,#2324));
#4873=EDGE_LOOP('',(#2325,#2326,#2327,#2328));
#4874=EDGE_LOOP('',(#2329,#2330,#2331,#2332));
#4875=EDGE_LOOP('',(#2333,#2334,#2335,#2336));
#4876=EDGE_LOOP('',(#2337,#2338,#2339,#2340));
#4877=EDGE_LOOP('',(#2341,#2342,#2343,#2344));
#4878=EDGE_LOOP('',(#2345,#2346,#2347,#2348));
#4879=EDGE_LOOP('',(#2349,#2350,#2351,#2352));
#4880=EDGE_LOOP('',(#2353,#2354,#2355,#2356));
#4881=EDGE_LOOP('',(#2357,#2358,#2359,#2360));
#4882=EDGE_LOOP('',(#2361,#2362,#2363,#2364));
#4883=EDGE_LOOP('',(#2365,#2366,#2367,#2368));
#4884=EDGE_LOOP('',(#2369,#2370,#2371,#2372));
#4885=EDGE_LOOP('',(#2373,#2374,#2375,#2376));
#4886=EDGE_LOOP('',(#2377,#2378,#2379,#2380));
#4887=EDGE_LOOP('',(#2381,#2382,#2383,#2384));
#4888=EDGE_LOOP('',(#2385,#2386,#2387,#2388));
#4889=EDGE_LOOP('',(#2389,#2390,#2391,#2392));
#4890=EDGE_LOOP('',(#2393,#2394,#2395,#2396));
#4891=EDGE_LOOP('',(#2397,#2398,#2399,#2400));
#4892=EDGE_LOOP('',(#2401,#2402,#2403,#2404));
#4893=EDGE_LOOP('',(#2405,#2406,#2407,#2408));
#4894=EDGE_LOOP('',(#2409,#2410,#2411,#2412));
#4895=EDGE_LOOP('',(#2413,#2414,#2415,#2416));
#4896=EDGE_LOOP('',(#2417,#2418,#2419,#2420));
#4897=EDGE_LOOP('',(#2421,#2422,#2423,#2424));
#4898=EDGE_LOOP('',(#2425,#2426,#2427,#2428));
#4899=EDGE_LOOP('',(#2429,#2430,#2431,#2432));
#4900=EDGE_LOOP('',(#2433,#2434,#2435,#2436));
#4901=EDGE_LOOP('',(#2437,#2438,#2439,#2440));
#4902=EDGE_LOOP('',(#2441,#2442,#2443,#2444,#2445,#2446,#2447,#2448,#2449,
#2450,#2451,#2452,#2453,#2454,#2455,#2456,#2457,#2458,#2459,#2460,#2461,
#2462,#2463,#2464,#2465,#2466,#2467,#2468));
#4903=EDGE_LOOP('',(#2469,#2470,#2471,#2472));
#4904=EDGE_LOOP('',(#2473,#2474,#2475,#2476));
#4905=EDGE_LOOP('',(#2477,#2478,#2479,#2480));
#4906=EDGE_LOOP('',(#2481,#2482,#2483,#2484));
#4907=EDGE_LOOP('',(#2485,#2486,#2487,#2488));
#4908=EDGE_LOOP('',(#2489,#2490,#2491,#2492));
#4909=EDGE_LOOP('',(#2493,#2494,#2495,#2496));
#4910=EDGE_LOOP('',(#2497,#2498,#2499,#2500));
#4911=EDGE_LOOP('',(#2501,#2502,#2503,#2504));
#4912=EDGE_LOOP('',(#2505,#2506,#2507,#2508));
#4913=EDGE_LOOP('',(#2509,#2510,#2511,#2512));
#4914=EDGE_LOOP('',(#2513,#2514,#2515,#2516));
#4915=EDGE_LOOP('',(#2517,#2518,#2519,#2520));
#4916=EDGE_LOOP('',(#2521,#2522,#2523,#2524,#2525,#2526,#2527,#2528));
#4917=EDGE_LOOP('',(#2529,#2530,#2531,#2532));
#4918=EDGE_LOOP('',(#2533));
#4919=EDGE_LOOP('',(#2534));
#4920=EDGE_LOOP('',(#2535));
#4921=EDGE_LOOP('',(#2536));
#4922=EDGE_LOOP('',(#2537));
#4923=EDGE_LOOP('',(#2538));
#4924=EDGE_LOOP('',(#2539));
#4925=EDGE_LOOP('',(#2540));
#4926=EDGE_LOOP('',(#2541));
#4927=EDGE_LOOP('',(#2542));
#4928=EDGE_LOOP('',(#2543));
#4929=EDGE_LOOP('',(#2544));
#4930=EDGE_LOOP('',(#2545));
#4931=EDGE_LOOP('',(#2546));
#4932=EDGE_LOOP('',(#2547));
#4933=EDGE_LOOP('',(#2548));
#4934=EDGE_LOOP('',(#2549));
#4935=EDGE_LOOP('',(#2550));
#4936=EDGE_LOOP('',(#2551));
#4937=EDGE_LOOP('',(#2552));
#4938=EDGE_LOOP('',(#2553));
#4939=EDGE_LOOP('',(#2554));
#4940=EDGE_LOOP('',(#2555));
#4941=EDGE_LOOP('',(#2556));
#4942=EDGE_LOOP('',(#2557));
#4943=EDGE_LOOP('',(#2558));
#4944=EDGE_LOOP('',(#2559));
#4945=EDGE_LOOP('',(#2560));
#4946=EDGE_LOOP('',(#2561));
#4947=EDGE_LOOP('',(#2562));
#4948=EDGE_LOOP('',(#2563));
#4949=EDGE_LOOP('',(#2564));
#4950=EDGE_LOOP('',(#2565));
#4951=EDGE_LOOP('',(#2566));
#4952=EDGE_LOOP('',(#2567));
#4953=EDGE_LOOP('',(#2568));
#4954=EDGE_LOOP('',(#2569));
#4955=EDGE_LOOP('',(#2570));
#4956=EDGE_LOOP('',(#2571));
#4957=EDGE_LOOP('',(#2572));
#4958=EDGE_LOOP('',(#2573));
#4959=EDGE_LOOP('',(#2574));
#4960=EDGE_LOOP('',(#2575));
#4961=EDGE_LOOP('',(#2576));
#4962=EDGE_LOOP('',(#2577));
#4963=EDGE_LOOP('',(#2578));
#4964=EDGE_LOOP('',(#2579));
#4965=EDGE_LOOP('',(#2580));
#4966=EDGE_LOOP('',(#2581,#2582,#2583,#2584));
#4967=EDGE_LOOP('',(#2585,#2586,#2587,#2588,#2589,#2590,#2591,#2592));
#4968=EDGE_LOOP('',(#2593,#2594,#2595,#2596));
#4969=EDGE_LOOP('',(#2597,#2598,#2599,#2600));
#4970=EDGE_LOOP('',(#2601,#2602,#2603,#2604));
#4971=EDGE_LOOP('',(#2605,#2606,#2607,#2608));
#4972=EDGE_LOOP('',(#2609,#2610,#2611,#2612));
#4973=EDGE_LOOP('',(#2613,#2614,#2615,#2616));
#4974=EDGE_LOOP('',(#2617,#2618,#2619,#2620));
#4975=EDGE_LOOP('',(#2621,#2622,#2623,#2624));
#4976=EDGE_LOOP('',(#2625,#2626,#2627,#2628));
#4977=EDGE_LOOP('',(#2629,#2630,#2631,#2632));
#4978=EDGE_LOOP('',(#2633,#2634,#2635,#2636));
#4979=EDGE_LOOP('',(#2637,#2638,#2639,#2640));
#4980=EDGE_LOOP('',(#2641,#2642,#2643,#2644,#2645,#2646,#2647,#2648,#2649));
#4981=EDGE_LOOP('',(#2650,#2651,#2652,#2653));
#4982=EDGE_LOOP('',(#2654,#2655,#2656,#2657));
#4983=EDGE_LOOP('',(#2658,#2659,#2660,#2661));
#4984=EDGE_LOOP('',(#2662,#2663,#2664,#2665));
#4985=EDGE_LOOP('',(#2666,#2667,#2668,#2669));
#4986=EDGE_LOOP('',(#2670,#2671,#2672,#2673));
#4987=EDGE_LOOP('',(#2674,#2675,#2676,#2677));
#4988=EDGE_LOOP('',(#2678,#2679,#2680,#2681));
#4989=EDGE_LOOP('',(#2682,#2683,#2684,#2685));
#4990=EDGE_LOOP('',(#2686,#2687,#2688,#2689,#2690,#2691,#2692,#2693,#2694,
#2695,#2696,#2697,#2698,#2699,#2700,#2701,#2702,#2703,#2704,#2705,#2706,
#2707,#2708,#2709,#2710,#2711,#2712,#2713));
#4991=EDGE_LOOP('',(#2714,#2715,#2716,#2717));
#4992=EDGE_LOOP('',(#2718,#2719,#2720,#2721));
#4993=EDGE_LOOP('',(#2722,#2723,#2724,#2725));
#4994=EDGE_LOOP('',(#2726,#2727,#2728,#2729));
#4995=EDGE_LOOP('',(#2730,#2731,#2732,#2733));
#4996=EDGE_LOOP('',(#2734,#2735,#2736,#2737));
#4997=EDGE_LOOP('',(#2738,#2739,#2740,#2741));
#4998=EDGE_LOOP('',(#2742,#2743,#2744,#2745));
#4999=EDGE_LOOP('',(#2746,#2747,#2748,#2749));
#5000=EDGE_LOOP('',(#2750,#2751,#2752,#2753));
#5001=EDGE_LOOP('',(#2754,#2755,#2756,#2757));
#5002=EDGE_LOOP('',(#2758,#2759,#2760,#2761));
#5003=EDGE_LOOP('',(#2762,#2763,#2764,#2765));
#5004=EDGE_LOOP('',(#2766,#2767,#2768,#2769));
#5005=EDGE_LOOP('',(#2770,#2771,#2772,#2773));
#5006=EDGE_LOOP('',(#2774,#2775,#2776,#2777));
#5007=EDGE_LOOP('',(#2778,#2779,#2780,#2781));
#5008=EDGE_LOOP('',(#2782,#2783,#2784,#2785));
#5009=EDGE_LOOP('',(#2786,#2787,#2788,#2789));
#5010=EDGE_LOOP('',(#2790,#2791,#2792,#2793));
#5011=EDGE_LOOP('',(#2794,#2795,#2796,#2797));
#5012=EDGE_LOOP('',(#2798,#2799,#2800,#2801));
#5013=EDGE_LOOP('',(#2802,#2803,#2804,#2805));
#5014=EDGE_LOOP('',(#2806,#2807,#2808,#2809));
#5015=EDGE_LOOP('',(#2810,#2811,#2812,#2813));
#5016=EDGE_LOOP('',(#2814,#2815,#2816,#2817));
#5017=EDGE_LOOP('',(#2818,#2819,#2820,#2821));
#5018=EDGE_LOOP('',(#2822,#2823,#2824,#2825));
#5019=EDGE_LOOP('',(#2826,#2827,#2828,#2829));
#5020=EDGE_LOOP('',(#2830,#2831,#2832,#2833));
#5021=EDGE_LOOP('',(#2834,#2835,#2836,#2837,#2838,#2839,#2840,#2841));
#5022=EDGE_LOOP('',(#2842,#2843,#2844,#2845));
#5023=EDGE_LOOP('',(#2846,#2847,#2848,#2849));
#5024=EDGE_LOOP('',(#2850,#2851,#2852,#2853));
#5025=EDGE_LOOP('',(#2854,#2855,#2856,#2857));
#5026=EDGE_LOOP('',(#2858,#2859,#2860,#2861));
#5027=EDGE_LOOP('',(#2862,#2863,#2864,#2865));
#5028=EDGE_LOOP('',(#2866,#2867,#2868,#2869));
#5029=EDGE_LOOP('',(#2870,#2871,#2872,#2873));
#5030=EDGE_LOOP('',(#2874,#2875,#2876,#2877));
#5031=EDGE_LOOP('',(#2878,#2879,#2880,#2881));
#5032=EDGE_LOOP('',(#2882,#2883,#2884,#2885));
#5033=EDGE_LOOP('',(#2886,#2887,#2888,#2889));
#5034=EDGE_LOOP('',(#2890,#2891,#2892,#2893,#2894,#2895,#2896,#2897,#2898,
#2899,#2900,#2901,#2902,#2903,#2904,#2905,#2906,#2907,#2908));
#5035=EDGE_LOOP('',(#2909,#2910,#2911,#2912));
#5036=EDGE_LOOP('',(#2913,#2914,#2915,#2916));
#5037=EDGE_LOOP('',(#2917,#2918,#2919,#2920));
#5038=EDGE_LOOP('',(#2921,#2922,#2923,#2924));
#5039=EDGE_LOOP('',(#2925,#2926,#2927,#2928));
#5040=EDGE_LOOP('',(#2929,#2930,#2931,#2932));
#5041=EDGE_LOOP('',(#2933,#2934,#2935,#2936));
#5042=EDGE_LOOP('',(#2937,#2938,#2939,#2940));
#5043=EDGE_LOOP('',(#2941,#2942,#2943,#2944));
#5044=EDGE_LOOP('',(#2945,#2946,#2947,#2948));
#5045=EDGE_LOOP('',(#2949,#2950,#2951,#2952));
#5046=EDGE_LOOP('',(#2953,#2954,#2955,#2956));
#5047=EDGE_LOOP('',(#2957,#2958,#2959,#2960));
#5048=EDGE_LOOP('',(#2961,#2962,#2963,#2964));
#5049=EDGE_LOOP('',(#2965,#2966,#2967,#2968));
#5050=EDGE_LOOP('',(#2969,#2970,#2971,#2972));
#5051=EDGE_LOOP('',(#2973,#2974,#2975,#2976));
#5052=EDGE_LOOP('',(#2977,#2978,#2979,#2980));
#5053=EDGE_LOOP('',(#2981,#2982,#2983,#2984));
#5054=EDGE_LOOP('',(#2985,#2986,#2987,#2988,#2989,#2990,#2991,#2992,#2993,
#2994,#2995,#2996));
#5055=EDGE_LOOP('',(#2997,#2998,#2999,#3000));
#5056=EDGE_LOOP('',(#3001,#3002,#3003,#3004));
#5057=EDGE_LOOP('',(#3005,#3006,#3007,#3008));
#5058=EDGE_LOOP('',(#3009,#3010,#3011,#3012));
#5059=EDGE_LOOP('',(#3013,#3014,#3015,#3016));
#5060=EDGE_LOOP('',(#3017,#3018,#3019,#3020));
#5061=EDGE_LOOP('',(#3021,#3022,#3023,#3024));
#5062=EDGE_LOOP('',(#3025,#3026,#3027,#3028));
#5063=EDGE_LOOP('',(#3029,#3030,#3031,#3032));
#5064=EDGE_LOOP('',(#3033,#3034,#3035,#3036));
#5065=EDGE_LOOP('',(#3037,#3038,#3039,#3040));
#5066=EDGE_LOOP('',(#3041,#3042,#3043,#3044));
#5067=EDGE_LOOP('',(#3045,#3046,#3047,#3048));
#5068=EDGE_LOOP('',(#3049));
#5069=EDGE_LOOP('',(#3050));
#5070=EDGE_LOOP('',(#3051));
#5071=EDGE_LOOP('',(#3052));
#5072=EDGE_LOOP('',(#3053));
#5073=EDGE_LOOP('',(#3054));
#5074=EDGE_LOOP('',(#3055));
#5075=EDGE_LOOP('',(#3056));
#5076=EDGE_LOOP('',(#3057));
#5077=EDGE_LOOP('',(#3058));
#5078=EDGE_LOOP('',(#3059));
#5079=EDGE_LOOP('',(#3060));
#5080=EDGE_LOOP('',(#3061));
#5081=EDGE_LOOP('',(#3062));
#5082=EDGE_LOOP('',(#3063));
#5083=EDGE_LOOP('',(#3064));
#5084=EDGE_LOOP('',(#3065));
#5085=EDGE_LOOP('',(#3066));
#5086=EDGE_LOOP('',(#3067));
#5087=EDGE_LOOP('',(#3068));
#5088=EDGE_LOOP('',(#3069));
#5089=EDGE_LOOP('',(#3070));
#5090=EDGE_LOOP('',(#3071));
#5091=EDGE_LOOP('',(#3072));
#5092=EDGE_LOOP('',(#3073));
#5093=EDGE_LOOP('',(#3074));
#5094=EDGE_LOOP('',(#3075));
#5095=EDGE_LOOP('',(#3076));
#5096=EDGE_LOOP('',(#3077));
#5097=EDGE_LOOP('',(#3078));
#5098=EDGE_LOOP('',(#3079));
#5099=EDGE_LOOP('',(#3080));
#5100=EDGE_LOOP('',(#3081));
#5101=EDGE_LOOP('',(#3082));
#5102=EDGE_LOOP('',(#3083));
#5103=EDGE_LOOP('',(#3084));
#5104=EDGE_LOOP('',(#3085));
#5105=EDGE_LOOP('',(#3086));
#5106=EDGE_LOOP('',(#3087));
#5107=EDGE_LOOP('',(#3088));
#5108=EDGE_LOOP('',(#3089));
#5109=EDGE_LOOP('',(#3090));
#5110=EDGE_LOOP('',(#3091));
#5111=EDGE_LOOP('',(#3092));
#5112=EDGE_LOOP('',(#3093));
#5113=EDGE_LOOP('',(#3094));
#5114=EDGE_LOOP('',(#3095));
#5115=EDGE_LOOP('',(#3096));
#5116=EDGE_LOOP('',(#3097));
#5117=EDGE_LOOP('',(#3098));
#5118=EDGE_LOOP('',(#3099));
#5119=EDGE_LOOP('',(#3100));
#5120=EDGE_LOOP('',(#3101));
#5121=EDGE_LOOP('',(#3102));
#5122=EDGE_LOOP('',(#3103));
#5123=EDGE_LOOP('',(#3104));
#5124=EDGE_LOOP('',(#3105));
#5125=EDGE_LOOP('',(#3106));
#5126=EDGE_LOOP('',(#3107));
#5127=EDGE_LOOP('',(#3108));
#5128=EDGE_LOOP('',(#3109));
#5129=EDGE_LOOP('',(#3110));
#5130=EDGE_LOOP('',(#3111));
#5131=EDGE_LOOP('',(#3112));
#5132=EDGE_LOOP('',(#3113));
#5133=EDGE_LOOP('',(#3114));
#5134=EDGE_LOOP('',(#3115));
#5135=EDGE_LOOP('',(#3116));
#5136=EDGE_LOOP('',(#3117));
#5137=EDGE_LOOP('',(#3118));
#5138=EDGE_LOOP('',(#3119));
#5139=EDGE_LOOP('',(#3120));
#5140=EDGE_LOOP('',(#3121));
#5141=EDGE_LOOP('',(#3122));
#5142=EDGE_LOOP('',(#3123));
#5143=EDGE_LOOP('',(#3124));
#5144=EDGE_LOOP('',(#3125));
#5145=EDGE_LOOP('',(#3126));
#5146=EDGE_LOOP('',(#3127));
#5147=EDGE_LOOP('',(#3128));
#5148=EDGE_LOOP('',(#3129));
#5149=EDGE_LOOP('',(#3130));
#5150=EDGE_LOOP('',(#3131));
#5151=EDGE_LOOP('',(#3132));
#5152=EDGE_LOOP('',(#3133));
#5153=EDGE_LOOP('',(#3134));
#5154=EDGE_LOOP('',(#3135));
#5155=EDGE_LOOP('',(#3136));
#5156=EDGE_LOOP('',(#3137));
#5157=EDGE_LOOP('',(#3138));
#5158=EDGE_LOOP('',(#3139));
#5159=EDGE_LOOP('',(#3140));
#5160=EDGE_LOOP('',(#3141));
#5161=EDGE_LOOP('',(#3142));
#5162=EDGE_LOOP('',(#3143));
#5163=EDGE_LOOP('',(#3144));
#5164=EDGE_LOOP('',(#3145));
#5165=EDGE_LOOP('',(#3146));
#5166=EDGE_LOOP('',(#3147));
#5167=EDGE_LOOP('',(#3148));
#5168=EDGE_LOOP('',(#3149));
#5169=EDGE_LOOP('',(#3150));
#5170=EDGE_LOOP('',(#3151));
#5171=EDGE_LOOP('',(#3152));
#5172=EDGE_LOOP('',(#3153));
#5173=EDGE_LOOP('',(#3154));
#5174=FACE_BOUND('',#4705,.T.);
#5175=FACE_BOUND('',#4706,.T.);
#5176=FACE_BOUND('',#4707,.T.);
#5177=FACE_BOUND('',#4708,.T.);
#5178=FACE_BOUND('',#4709,.T.);
#5179=FACE_BOUND('',#4710,.T.);
#5180=FACE_BOUND('',#4711,.T.);
#5181=FACE_BOUND('',#4712,.T.);
#5182=FACE_BOUND('',#4713,.T.);
#5183=FACE_BOUND('',#4714,.T.);
#5184=FACE_BOUND('',#4715,.T.);
#5185=FACE_BOUND('',#4716,.T.);
#5186=FACE_BOUND('',#4717,.T.);
#5187=FACE_BOUND('',#4718,.T.);
#5188=FACE_BOUND('',#4719,.T.);
#5189=FACE_BOUND('',#4720,.T.);
#5190=FACE_BOUND('',#4721,.T.);
#5191=FACE_BOUND('',#4722,.T.);
#5192=FACE_BOUND('',#4723,.T.);
#5193=FACE_BOUND('',#4724,.T.);
#5194=FACE_BOUND('',#4725,.T.);
#5195=FACE_BOUND('',#4726,.T.);
#5196=FACE_BOUND('',#4727,.T.);
#5197=FACE_BOUND('',#4728,.T.);
#5198=FACE_BOUND('',#4729,.T.);
#5199=FACE_BOUND('',#4730,.T.);
#5200=FACE_BOUND('',#4731,.T.);
#5201=FACE_BOUND('',#4732,.T.);
#5202=FACE_BOUND('',#4733,.T.);
#5203=FACE_BOUND('',#4734,.T.);
#5204=FACE_BOUND('',#4735,.T.);
#5205=FACE_BOUND('',#4736,.T.);
#5206=FACE_BOUND('',#4737,.T.);
#5207=FACE_BOUND('',#4738,.T.);
#5208=FACE_BOUND('',#4739,.T.);
#5209=FACE_BOUND('',#4740,.T.);
#5210=FACE_BOUND('',#4741,.T.);
#5211=FACE_BOUND('',#4742,.T.);
#5212=FACE_BOUND('',#4743,.T.);
#5213=FACE_BOUND('',#4744,.T.);
#5214=FACE_BOUND('',#4745,.T.);
#5215=FACE_BOUND('',#4746,.T.);
#5216=FACE_BOUND('',#4747,.T.);
#5217=FACE_BOUND('',#4748,.T.);
#5218=FACE_BOUND('',#4749,.T.);
#5219=FACE_BOUND('',#4750,.T.);
#5220=FACE_BOUND('',#4751,.T.);
#5221=FACE_BOUND('',#4752,.T.);
#5222=FACE_BOUND('',#4753,.T.);
#5223=FACE_BOUND('',#4754,.T.);
#5224=FACE_BOUND('',#4755,.T.);
#5225=FACE_BOUND('',#4756,.T.);
#5226=FACE_BOUND('',#4757,.T.);
#5227=FACE_BOUND('',#4758,.T.);
#5228=FACE_BOUND('',#4759,.T.);
#5229=FACE_BOUND('',#4760,.T.);
#5230=FACE_BOUND('',#4761,.T.);
#5231=FACE_BOUND('',#4762,.T.);
#5232=FACE_BOUND('',#4763,.T.);
#5233=FACE_BOUND('',#4764,.T.);
#5234=FACE_BOUND('',#4765,.T.);
#5235=FACE_BOUND('',#4766,.T.);
#5236=FACE_BOUND('',#4767,.T.);
#5237=FACE_BOUND('',#4768,.T.);
#5238=FACE_BOUND('',#4769,.T.);
#5239=FACE_BOUND('',#4770,.T.);
#5240=FACE_BOUND('',#4771,.T.);
#5241=FACE_BOUND('',#4772,.T.);
#5242=FACE_BOUND('',#4773,.T.);
#5243=FACE_BOUND('',#4774,.T.);
#5244=FACE_BOUND('',#4775,.T.);
#5245=FACE_BOUND('',#4776,.T.);
#5246=FACE_BOUND('',#4777,.T.);
#5247=FACE_BOUND('',#4778,.T.);
#5248=FACE_BOUND('',#4779,.T.);
#5249=FACE_BOUND('',#4780,.T.);
#5250=FACE_BOUND('',#4781,.T.);
#5251=FACE_BOUND('',#4782,.T.);
#5252=FACE_BOUND('',#4783,.T.);
#5253=FACE_BOUND('',#4784,.T.);
#5254=FACE_BOUND('',#4785,.T.);
#5255=FACE_BOUND('',#4786,.T.);
#5256=FACE_BOUND('',#4787,.T.);
#5257=FACE_BOUND('',#4788,.T.);
#5258=FACE_BOUND('',#4789,.T.);
#5259=FACE_BOUND('',#4790,.T.);
#5260=FACE_BOUND('',#4791,.T.);
#5261=FACE_BOUND('',#4792,.T.);
#5262=FACE_BOUND('',#4793,.T.);
#5263=FACE_BOUND('',#4794,.T.);
#5264=FACE_BOUND('',#4795,.T.);
#5265=FACE_BOUND('',#4796,.T.);
#5266=FACE_BOUND('',#4797,.T.);
#5267=FACE_BOUND('',#4798,.T.);
#5268=FACE_BOUND('',#4799,.T.);
#5269=FACE_BOUND('',#4800,.T.);
#5270=FACE_BOUND('',#4801,.T.);
#5271=FACE_BOUND('',#4802,.T.);
#5272=FACE_BOUND('',#4803,.T.);
#5273=FACE_BOUND('',#4804,.T.);
#5274=FACE_BOUND('',#4805,.T.);
#5275=FACE_BOUND('',#4806,.T.);
#5276=FACE_BOUND('',#4807,.T.);
#5277=FACE_BOUND('',#4808,.T.);
#5278=FACE_BOUND('',#4809,.T.);
#5279=FACE_BOUND('',#4810,.T.);
#5280=FACE_BOUND('',#4811,.T.);
#5281=FACE_BOUND('',#4812,.T.);
#5282=FACE_BOUND('',#4813,.T.);
#5283=FACE_BOUND('',#4814,.T.);
#5284=FACE_BOUND('',#4815,.T.);
#5285=FACE_BOUND('',#4816,.T.);
#5286=FACE_BOUND('',#4817,.T.);
#5287=FACE_BOUND('',#4818,.T.);
#5288=FACE_BOUND('',#4819,.T.);
#5289=FACE_BOUND('',#4820,.T.);
#5290=FACE_BOUND('',#4821,.T.);
#5291=FACE_BOUND('',#4822,.T.);
#5292=FACE_BOUND('',#4823,.T.);
#5293=FACE_BOUND('',#4824,.T.);
#5294=FACE_BOUND('',#4825,.T.);
#5295=FACE_BOUND('',#4826,.T.);
#5296=FACE_BOUND('',#4827,.T.);
#5297=FACE_BOUND('',#4828,.T.);
#5298=FACE_BOUND('',#4829,.T.);
#5299=FACE_BOUND('',#4830,.T.);
#5300=FACE_BOUND('',#4831,.T.);
#5301=FACE_BOUND('',#4832,.T.);
#5302=FACE_BOUND('',#4833,.T.);
#5303=FACE_BOUND('',#4834,.T.);
#5304=FACE_BOUND('',#4835,.T.);
#5305=FACE_BOUND('',#4836,.T.);
#5306=FACE_BOUND('',#4837,.T.);
#5307=FACE_BOUND('',#4838,.T.);
#5308=FACE_BOUND('',#4839,.T.);
#5309=FACE_BOUND('',#4840,.T.);
#5310=FACE_BOUND('',#4841,.T.);
#5311=FACE_BOUND('',#4842,.T.);
#5312=FACE_BOUND('',#4843,.T.);
#5313=FACE_BOUND('',#4844,.T.);
#5314=FACE_BOUND('',#4845,.T.);
#5315=FACE_BOUND('',#4846,.T.);
#5316=FACE_BOUND('',#4847,.T.);
#5317=FACE_BOUND('',#4848,.T.);
#5318=FACE_BOUND('',#4849,.T.);
#5319=FACE_BOUND('',#4850,.T.);
#5320=FACE_BOUND('',#4851,.T.);
#5321=FACE_BOUND('',#4852,.T.);
#5322=FACE_BOUND('',#4853,.T.);
#5323=FACE_BOUND('',#4854,.T.);
#5324=FACE_BOUND('',#4855,.T.);
#5325=FACE_BOUND('',#4856,.T.);
#5326=FACE_BOUND('',#4857,.T.);
#5327=FACE_BOUND('',#4858,.T.);
#5328=FACE_BOUND('',#4859,.T.);
#5329=FACE_BOUND('',#4860,.T.);
#5330=FACE_BOUND('',#4861,.T.);
#5331=FACE_BOUND('',#4862,.T.);
#5332=FACE_BOUND('',#4863,.T.);
#5333=FACE_BOUND('',#4864,.T.);
#5334=FACE_BOUND('',#4865,.T.);
#5335=FACE_BOUND('',#4866,.T.);
#5336=FACE_BOUND('',#4867,.T.);
#5337=FACE_BOUND('',#4868,.T.);
#5338=FACE_BOUND('',#4869,.T.);
#5339=FACE_BOUND('',#4870,.T.);
#5340=FACE_BOUND('',#4871,.T.);
#5341=FACE_BOUND('',#4872,.T.);
#5342=FACE_BOUND('',#4873,.T.);
#5343=FACE_BOUND('',#4874,.T.);
#5344=FACE_BOUND('',#4875,.T.);
#5345=FACE_BOUND('',#4876,.T.);
#5346=FACE_BOUND('',#4877,.T.);
#5347=FACE_BOUND('',#4878,.T.);
#5348=FACE_BOUND('',#4879,.T.);
#5349=FACE_BOUND('',#4880,.T.);
#5350=FACE_BOUND('',#4881,.T.);
#5351=FACE_BOUND('',#4882,.T.);
#5352=FACE_BOUND('',#4883,.T.);
#5353=FACE_BOUND('',#4884,.T.);
#5354=FACE_BOUND('',#4885,.T.);
#5355=FACE_BOUND('',#4886,.T.);
#5356=FACE_BOUND('',#4887,.T.);
#5357=FACE_BOUND('',#4888,.T.);
#5358=FACE_BOUND('',#4889,.T.);
#5359=FACE_BOUND('',#4890,.T.);
#5360=FACE_BOUND('',#4891,.T.);
#5361=FACE_BOUND('',#4892,.T.);
#5362=FACE_BOUND('',#4893,.T.);
#5363=FACE_BOUND('',#4894,.T.);
#5364=FACE_BOUND('',#4895,.T.);
#5365=FACE_BOUND('',#4896,.T.);
#5366=FACE_BOUND('',#4897,.T.);
#5367=FACE_BOUND('',#4898,.T.);
#5368=FACE_BOUND('',#4899,.T.);
#5369=FACE_BOUND('',#4900,.T.);
#5370=FACE_BOUND('',#4901,.T.);
#5371=FACE_BOUND('',#4902,.T.);
#5372=FACE_BOUND('',#4903,.T.);
#5373=FACE_BOUND('',#4904,.T.);
#5374=FACE_BOUND('',#4905,.T.);
#5375=FACE_BOUND('',#4906,.T.);
#5376=FACE_BOUND('',#4907,.T.);
#5377=FACE_BOUND('',#4908,.T.);
#5378=FACE_BOUND('',#4909,.T.);
#5379=FACE_BOUND('',#4910,.T.);
#5380=FACE_BOUND('',#4911,.T.);
#5381=FACE_BOUND('',#4912,.T.);
#5382=FACE_BOUND('',#4913,.T.);
#5383=FACE_BOUND('',#4914,.T.);
#5384=FACE_BOUND('',#4915,.T.);
#5385=FACE_BOUND('',#4916,.T.);
#5386=FACE_BOUND('',#4917,.T.);
#5387=FACE_BOUND('',#4918,.T.);
#5388=FACE_BOUND('',#4919,.T.);
#5389=FACE_BOUND('',#4920,.T.);
#5390=FACE_BOUND('',#4921,.T.);
#5391=FACE_BOUND('',#4922,.T.);
#5392=FACE_BOUND('',#4923,.T.);
#5393=FACE_BOUND('',#4924,.T.);
#5394=FACE_BOUND('',#4925,.T.);
#5395=FACE_BOUND('',#4926,.T.);
#5396=FACE_BOUND('',#4927,.T.);
#5397=FACE_BOUND('',#4928,.T.);
#5398=FACE_BOUND('',#4929,.T.);
#5399=FACE_BOUND('',#4930,.T.);
#5400=FACE_BOUND('',#4931,.T.);
#5401=FACE_BOUND('',#4932,.T.);
#5402=FACE_BOUND('',#4933,.T.);
#5403=FACE_BOUND('',#4934,.T.);
#5404=FACE_BOUND('',#4935,.T.);
#5405=FACE_BOUND('',#4936,.T.);
#5406=FACE_BOUND('',#4937,.T.);
#5407=FACE_BOUND('',#4938,.T.);
#5408=FACE_BOUND('',#4939,.T.);
#5409=FACE_BOUND('',#4940,.T.);
#5410=FACE_BOUND('',#4941,.T.);
#5411=FACE_BOUND('',#4942,.T.);
#5412=FACE_BOUND('',#4943,.T.);
#5413=FACE_BOUND('',#4944,.T.);
#5414=FACE_BOUND('',#4945,.T.);
#5415=FACE_BOUND('',#4946,.T.);
#5416=FACE_BOUND('',#4947,.T.);
#5417=FACE_BOUND('',#4948,.T.);
#5418=FACE_BOUND('',#4949,.T.);
#5419=FACE_BOUND('',#4950,.T.);
#5420=FACE_BOUND('',#4951,.T.);
#5421=FACE_BOUND('',#4952,.T.);
#5422=FACE_BOUND('',#4953,.T.);
#5423=FACE_BOUND('',#4954,.T.);
#5424=FACE_BOUND('',#4955,.T.);
#5425=FACE_BOUND('',#4956,.T.);
#5426=FACE_BOUND('',#4957,.T.);
#5427=FACE_BOUND('',#4958,.T.);
#5428=FACE_BOUND('',#4959,.T.);
#5429=FACE_BOUND('',#4960,.T.);
#5430=FACE_BOUND('',#4961,.T.);
#5431=FACE_BOUND('',#4962,.T.);
#5432=FACE_BOUND('',#4963,.T.);
#5433=FACE_BOUND('',#4964,.T.);
#5434=FACE_BOUND('',#4965,.T.);
#5435=FACE_BOUND('',#4966,.T.);
#5436=FACE_BOUND('',#4967,.T.);
#5437=FACE_BOUND('',#4968,.T.);
#5438=FACE_BOUND('',#4969,.T.);
#5439=FACE_BOUND('',#4970,.T.);
#5440=FACE_BOUND('',#4971,.T.);
#5441=FACE_BOUND('',#4972,.T.);
#5442=FACE_BOUND('',#4973,.T.);
#5443=FACE_BOUND('',#4974,.T.);
#5444=FACE_BOUND('',#4975,.T.);
#5445=FACE_BOUND('',#4976,.T.);
#5446=FACE_BOUND('',#4977,.T.);
#5447=FACE_BOUND('',#4978,.T.);
#5448=FACE_BOUND('',#4979,.T.);
#5449=FACE_BOUND('',#4980,.T.);
#5450=FACE_BOUND('',#4981,.T.);
#5451=FACE_BOUND('',#4982,.T.);
#5452=FACE_BOUND('',#4983,.T.);
#5453=FACE_BOUND('',#4984,.T.);
#5454=FACE_BOUND('',#4985,.T.);
#5455=FACE_BOUND('',#4986,.T.);
#5456=FACE_BOUND('',#4987,.T.);
#5457=FACE_BOUND('',#4988,.T.);
#5458=FACE_BOUND('',#4989,.T.);
#5459=FACE_BOUND('',#4990,.T.);
#5460=FACE_BOUND('',#4991,.T.);
#5461=FACE_BOUND('',#4992,.T.);
#5462=FACE_BOUND('',#4993,.T.);
#5463=FACE_BOUND('',#4994,.T.);
#5464=FACE_BOUND('',#4995,.T.);
#5465=FACE_BOUND('',#4996,.T.);
#5466=FACE_BOUND('',#4997,.T.);
#5467=FACE_BOUND('',#4998,.T.);
#5468=FACE_BOUND('',#4999,.T.);
#5469=FACE_BOUND('',#5000,.T.);
#5470=FACE_BOUND('',#5001,.T.);
#5471=FACE_BOUND('',#5002,.T.);
#5472=FACE_BOUND('',#5003,.T.);
#5473=FACE_BOUND('',#5004,.T.);
#5474=FACE_BOUND('',#5005,.T.);
#5475=FACE_BOUND('',#5006,.T.);
#5476=FACE_BOUND('',#5007,.T.);
#5477=FACE_BOUND('',#5008,.T.);
#5478=FACE_BOUND('',#5009,.T.);
#5479=FACE_BOUND('',#5010,.T.);
#5480=FACE_BOUND('',#5011,.T.);
#5481=FACE_BOUND('',#5012,.T.);
#5482=FACE_BOUND('',#5013,.T.);
#5483=FACE_BOUND('',#5014,.T.);
#5484=FACE_BOUND('',#5015,.T.);
#5485=FACE_BOUND('',#5016,.T.);
#5486=FACE_BOUND('',#5017,.T.);
#5487=FACE_BOUND('',#5018,.T.);
#5488=FACE_BOUND('',#5019,.T.);
#5489=FACE_BOUND('',#5020,.T.);
#5490=FACE_BOUND('',#5021,.T.);
#5491=FACE_BOUND('',#5022,.T.);
#5492=FACE_BOUND('',#5023,.T.);
#5493=FACE_BOUND('',#5024,.T.);
#5494=FACE_BOUND('',#5025,.T.);
#5495=FACE_BOUND('',#5026,.T.);
#5496=FACE_BOUND('',#5027,.T.);
#5497=FACE_BOUND('',#5028,.T.);
#5498=FACE_BOUND('',#5029,.T.);
#5499=FACE_BOUND('',#5030,.T.);
#5500=FACE_BOUND('',#5031,.T.);
#5501=FACE_BOUND('',#5032,.T.);
#5502=FACE_BOUND('',#5033,.T.);
#5503=FACE_BOUND('',#5034,.T.);
#5504=FACE_BOUND('',#5035,.T.);
#5505=FACE_BOUND('',#5036,.T.);
#5506=FACE_BOUND('',#5037,.T.);
#5507=FACE_BOUND('',#5038,.T.);
#5508=FACE_BOUND('',#5039,.T.);
#5509=FACE_BOUND('',#5040,.T.);
#5510=FACE_BOUND('',#5041,.T.);
#5511=FACE_BOUND('',#5042,.T.);
#5512=FACE_BOUND('',#5043,.T.);
#5513=FACE_BOUND('',#5044,.T.);
#5514=FACE_BOUND('',#5045,.T.);
#5515=FACE_BOUND('',#5046,.T.);
#5516=FACE_BOUND('',#5047,.T.);
#5517=FACE_BOUND('',#5048,.T.);
#5518=FACE_BOUND('',#5049,.T.);
#5519=FACE_BOUND('',#5050,.T.);
#5520=FACE_BOUND('',#5051,.T.);
#5521=FACE_BOUND('',#5052,.T.);
#5522=FACE_BOUND('',#5053,.T.);
#5523=FACE_BOUND('',#5054,.T.);
#5524=FACE_BOUND('',#5055,.T.);
#5525=FACE_BOUND('',#5056,.T.);
#5526=FACE_BOUND('',#5057,.T.);
#5527=FACE_BOUND('',#5058,.T.);
#5528=FACE_BOUND('',#5059,.T.);
#5529=FACE_BOUND('',#5060,.T.);
#5530=FACE_BOUND('',#5061,.T.);
#5531=FACE_BOUND('',#5062,.T.);
#5532=FACE_BOUND('',#5063,.T.);
#5533=FACE_BOUND('',#5064,.T.);
#5534=FACE_BOUND('',#5065,.T.);
#5535=FACE_BOUND('',#5066,.T.);
#5536=FACE_BOUND('',#5067,.T.);
#5537=FACE_BOUND('',#5068,.T.);
#5538=FACE_BOUND('',#5069,.T.);
#5539=FACE_BOUND('',#5070,.T.);
#5540=FACE_BOUND('',#5071,.T.);
#5541=FACE_BOUND('',#5072,.T.);
#5542=FACE_BOUND('',#5073,.T.);
#5543=FACE_BOUND('',#5074,.T.);
#5544=FACE_BOUND('',#5075,.T.);
#5545=FACE_BOUND('',#5076,.T.);
#5546=FACE_BOUND('',#5077,.T.);
#5547=FACE_BOUND('',#5078,.T.);
#5548=FACE_BOUND('',#5079,.T.);
#5549=FACE_BOUND('',#5080,.T.);
#5550=FACE_BOUND('',#5081,.T.);
#5551=FACE_BOUND('',#5082,.T.);
#5552=FACE_BOUND('',#5083,.T.);
#5553=FACE_BOUND('',#5084,.T.);
#5554=FACE_BOUND('',#5085,.T.);
#5555=FACE_BOUND('',#5086,.T.);
#5556=FACE_BOUND('',#5087,.T.);
#5557=FACE_BOUND('',#5088,.T.);
#5558=FACE_BOUND('',#5089,.T.);
#5559=FACE_BOUND('',#5090,.T.);
#5560=FACE_BOUND('',#5091,.T.);
#5561=FACE_BOUND('',#5092,.T.);
#5562=FACE_BOUND('',#5093,.T.);
#5563=FACE_BOUND('',#5094,.T.);
#5564=FACE_BOUND('',#5095,.T.);
#5565=FACE_BOUND('',#5096,.T.);
#5566=FACE_BOUND('',#5097,.T.);
#5567=FACE_BOUND('',#5098,.T.);
#5568=FACE_BOUND('',#5099,.T.);
#5569=FACE_BOUND('',#5100,.T.);
#5570=FACE_BOUND('',#5101,.T.);
#5571=FACE_BOUND('',#5102,.T.);
#5572=FACE_BOUND('',#5103,.T.);
#5573=FACE_BOUND('',#5104,.T.);
#5574=FACE_BOUND('',#5105,.T.);
#5575=FACE_BOUND('',#5106,.T.);
#5576=FACE_BOUND('',#5107,.T.);
#5577=FACE_BOUND('',#5108,.T.);
#5578=FACE_BOUND('',#5109,.T.);
#5579=FACE_BOUND('',#5110,.T.);
#5580=FACE_BOUND('',#5111,.T.);
#5581=FACE_BOUND('',#5112,.T.);
#5582=FACE_BOUND('',#5113,.T.);
#5583=FACE_BOUND('',#5114,.T.);
#5584=FACE_BOUND('',#5115,.T.);
#5585=FACE_BOUND('',#5116,.T.);
#5586=FACE_BOUND('',#5117,.T.);
#5587=FACE_BOUND('',#5118,.T.);
#5588=FACE_BOUND('',#5119,.T.);
#5589=FACE_BOUND('',#5120,.T.);
#5590=FACE_BOUND('',#5121,.T.);
#5591=FACE_BOUND('',#5122,.T.);
#5592=FACE_BOUND('',#5123,.T.);
#5593=FACE_BOUND('',#5124,.T.);
#5594=FACE_BOUND('',#5125,.T.);
#5595=FACE_BOUND('',#5126,.T.);
#5596=FACE_BOUND('',#5127,.T.);
#5597=FACE_BOUND('',#5128,.T.);
#5598=FACE_BOUND('',#5129,.T.);
#5599=FACE_BOUND('',#5130,.T.);
#5600=FACE_BOUND('',#5131,.T.);
#5601=FACE_BOUND('',#5132,.T.);
#5602=FACE_BOUND('',#5133,.T.);
#5603=FACE_BOUND('',#5134,.T.);
#5604=FACE_BOUND('',#5135,.T.);
#5605=FACE_BOUND('',#5136,.T.);
#5606=FACE_BOUND('',#5137,.T.);
#5607=FACE_BOUND('',#5138,.T.);
#5608=FACE_BOUND('',#5139,.T.);
#5609=FACE_BOUND('',#5140,.T.);
#5610=FACE_BOUND('',#5141,.T.);
#5611=FACE_BOUND('',#5142,.T.);
#5612=FACE_BOUND('',#5143,.T.);
#5613=FACE_BOUND('',#5144,.T.);
#5614=FACE_BOUND('',#5145,.T.);
#5615=FACE_BOUND('',#5146,.T.);
#5616=FACE_BOUND('',#5147,.T.);
#5617=FACE_BOUND('',#5148,.T.);
#5618=FACE_BOUND('',#5149,.T.);
#5619=FACE_BOUND('',#5150,.T.);
#5620=FACE_BOUND('',#5151,.T.);
#5621=FACE_BOUND('',#5152,.T.);
#5622=FACE_BOUND('',#5153,.T.);
#5623=FACE_BOUND('',#5154,.T.);
#5624=FACE_BOUND('',#5155,.T.);
#5625=FACE_BOUND('',#5156,.T.);
#5626=FACE_BOUND('',#5157,.T.);
#5627=FACE_BOUND('',#5158,.T.);
#5628=FACE_BOUND('',#5159,.T.);
#5629=FACE_BOUND('',#5160,.T.);
#5630=FACE_BOUND('',#5161,.T.);
#5631=FACE_BOUND('',#5162,.T.);
#5632=FACE_BOUND('',#5163,.T.);
#5633=FACE_BOUND('',#5164,.T.);
#5634=FACE_BOUND('',#5165,.T.);
#5635=FACE_BOUND('',#5166,.T.);
#5636=FACE_BOUND('',#5167,.T.);
#5637=FACE_BOUND('',#5168,.T.);
#5638=FACE_BOUND('',#5169,.T.);
#5639=FACE_BOUND('',#5170,.T.);
#5640=FACE_BOUND('',#5171,.T.);
#5641=FACE_BOUND('',#5172,.T.);
#5642=FACE_BOUND('',#5173,.T.);
#5643=CYLINDRICAL_SURFACE('',#6103,0.006);
#5644=CYLINDRICAL_SURFACE('',#6110,0.003);
#5645=CYLINDRICAL_SURFACE('',#6112,0.004);
#5646=CYLINDRICAL_SURFACE('',#6114,0.006);
#5647=CYLINDRICAL_SURFACE('',#6140,0.00355708887150014);
#5648=CYLINDRICAL_SURFACE('',#6150,0.0216334601357787);
#5649=CYLINDRICAL_SURFACE('',#6188,0.000877482499326694);
#5650=CYLINDRICAL_SURFACE('',#6203,0.00106839155176091);
#5651=CYLINDRICAL_SURFACE('',#6273,0.000478815901661598);
#5652=CYLINDRICAL_SURFACE('',#6275,0.00029996412332483);
#5653=CYLINDRICAL_SURFACE('',#6277,0.000304622995725996);
#5654=CYLINDRICAL_SURFACE('',#6279,0.00140593483781945);
#5655=CYLINDRICAL_SURFACE('',#6281,0.00341452179587643);
#5656=CYLINDRICAL_SURFACE('',#6284,0.00336849566996787);
#5657=CYLINDRICAL_SURFACE('',#6286,0.00195114371163101);
#5658=CYLINDRICAL_SURFACE('',#6288,0.000874166578667237);
#5659=CYLINDRICAL_SURFACE('',#6290,0.00102347176748975);
#5660=CYLINDRICAL_SURFACE('',#6292,0.000607349150874285);
#5661=CYLINDRICAL_SURFACE('',#6294,0.000289990625625662);
#5662=CYLINDRICAL_SURFACE('',#6296,0.00169558742075956);
#5663=CYLINDRICAL_SURFACE('',#6307,0.00355708887150327);
#5664=CYLINDRICAL_SURFACE('',#6316,0.0375);
#5665=CYLINDRICAL_SURFACE('',#6320,0.006);
#5666=CYLINDRICAL_SURFACE('',#6324,0.006);
#5667=CYLINDRICAL_SURFACE('',#6328,0.006);
#5668=CYLINDRICAL_SURFACE('',#6332,0.006);
#5669=CYLINDRICAL_SURFACE('',#6336,0.006);
#5670=CYLINDRICAL_SURFACE('',#6340,0.006);
#5671=CYLINDRICAL_SURFACE('',#6344,0.00345);
#5672=CYLINDRICAL_SURFACE('',#6346,0.005);
#5673=CYLINDRICAL_SURFACE('',#6352,0.00345);
#5674=CYLINDRICAL_SURFACE('',#6369,0.00355708887150226);
#5675=CYLINDRICAL_SURFACE('',#6402,0.00386305018154209);
#5676=CYLINDRICAL_SURFACE('',#6403,0.00169558742075964);
#5677=CYLINDRICAL_SURFACE('',#6404,0.000289990625625804);
#5678=CYLINDRICAL_SURFACE('',#6405,0.000607349150874317);
#5679=CYLINDRICAL_SURFACE('',#6406,0.00102347176748967);
#5680=CYLINDRICAL_SURFACE('',#6407,0.000874166578667126);
#5681=CYLINDRICAL_SURFACE('',#6408,0.00195114371163088);
#5682=CYLINDRICAL_SURFACE('',#6409,0.00336849566996828);
#5683=CYLINDRICAL_SURFACE('',#6411,0.00341452179589047);
#5684=CYLINDRICAL_SURFACE('',#6412,0.00140593483781886);
#5685=CYLINDRICAL_SURFACE('',#6413,0.000304622995725984);
#5686=CYLINDRICAL_SURFACE('',#6414,0.000299964123324822);
#5687=CYLINDRICAL_SURFACE('',#6415,0.000478815901725219);
#5688=CYLINDRICAL_SURFACE('',#6422,0.0035570888715031);
#5689=CYLINDRICAL_SURFACE('',#6448,0.010448618107486);
#5690=CYLINDRICAL_SURFACE('',#6449,0.0759267452098677);
#5691=CYLINDRICAL_SURFACE('',#6468,0.0085);
#5692=CYLINDRICAL_SURFACE('',#6494,0.00755);
#5693=CYLINDRICAL_SURFACE('',#6498,0.00755);
#5694=CYLINDRICAL_SURFACE('',#6502,0.00755);
#5695=CYLINDRICAL_SURFACE('',#6506,0.00755);
#5696=CYLINDRICAL_SURFACE('',#6510,0.00755);
#5697=CYLINDRICAL_SURFACE('',#6514,0.00755);
#5698=CYLINDRICAL_SURFACE('',#6518,0.00755);
#5699=CYLINDRICAL_SURFACE('',#6522,0.00755);
#5700=CYLINDRICAL_SURFACE('',#6526,0.00405);
#5701=CYLINDRICAL_SURFACE('',#6530,0.00405);
#5702=CYLINDRICAL_SURFACE('',#6534,0.00405);
#5703=CYLINDRICAL_SURFACE('',#6538,0.00405);
#5704=CYLINDRICAL_SURFACE('',#6542,0.00405);
#5705=CYLINDRICAL_SURFACE('',#6546,0.00405);
#5706=CYLINDRICAL_SURFACE('',#6550,0.00405);
#5707=CYLINDRICAL_SURFACE('',#6554,0.00405);
#5708=ADVANCED_FACE('',(#5174,#5175),#5643,.T.);
#5709=ADVANCED_FACE('',(#5176,#5177),#1301,.T.);
#5710=ADVANCED_FACE('',(#5178,#5179),#1302,.F.);
#5711=ADVANCED_FACE('',(#5180,#5181),#5644,.F.);
#5712=ADVANCED_FACE('',(#5182,#5183),#5645,.T.);
#5713=ADVANCED_FACE('',(#5184,#5185),#5646,.T.);
#5714=ADVANCED_FACE('',(#5186,#5187),#1303,.T.);
#5715=ADVANCED_FACE('',(#5188,#5189),#1304,.F.);
#5716=ADVANCED_FACE('',(#5190),#1305,.F.);
#5717=ADVANCED_FACE('',(#5191),#1306,.F.);
#5718=ADVANCED_FACE('',(#5192),#1307,.F.);
#5719=ADVANCED_FACE('',(#5193),#1308,.F.);
#5720=ADVANCED_FACE('',(#5194),#1309,.T.);
#5721=ADVANCED_FACE('',(#5195),#1310,.F.);
#5722=ADVANCED_FACE('',(#5196),#1311,.F.);
#5723=ADVANCED_FACE('',(#5197),#1312,.F.);
#5724=ADVANCED_FACE('',(#5198),#1313,.F.);
#5725=ADVANCED_FACE('',(#5199),#1314,.F.);
#5726=ADVANCED_FACE('',(#5200),#1315,.F.);
#5727=ADVANCED_FACE('',(#5201),#1316,.T.);
#5728=ADVANCED_FACE('',(#5202),#1317,.F.);
#5729=ADVANCED_FACE('',(#5203),#1318,.F.);
#5730=ADVANCED_FACE('',(#5204),#1319,.F.);
#5731=ADVANCED_FACE('',(#5205),#1320,.F.);
#5732=ADVANCED_FACE('',(#5206),#1321,.F.);
#5733=ADVANCED_FACE('',(#5207),#1322,.F.);
#5734=ADVANCED_FACE('',(#5208),#1323,.F.);
#5735=ADVANCED_FACE('',(#5209),#5647,.T.);
#5736=ADVANCED_FACE('',(#5210),#1324,.F.);
#5737=ADVANCED_FACE('',(#5211),#1325,.F.);
#5738=ADVANCED_FACE('',(#5212),#36,.F.);
#5739=ADVANCED_FACE('',(#5213),#1326,.F.);
#5740=ADVANCED_FACE('',(#5214,#5215),#1327,.T.);
#5741=ADVANCED_FACE('',(#5216),#1328,.T.);
#5742=ADVANCED_FACE('',(#5217),#1329,.F.);
#5743=ADVANCED_FACE('',(#5218),#5648,.T.);
#5744=ADVANCED_FACE('',(#5219),#1330,.F.);
#5745=ADVANCED_FACE('',(#5220),#1331,.F.);
#5746=ADVANCED_FACE('',(#5221),#1332,.F.);
#5747=ADVANCED_FACE('',(#5222),#1333,.F.);
#5748=ADVANCED_FACE('',(#5223),#1334,.F.);
#5749=ADVANCED_FACE('',(#5224),#1335,.F.);
#5750=ADVANCED_FACE('',(#5225),#37,.F.);
#5751=ADVANCED_FACE('',(#5226),#1336,.F.);
#5752=ADVANCED_FACE('',(#5227),#1337,.F.);
#5753=ADVANCED_FACE('',(#5228),#1338,.F.);
#5754=ADVANCED_FACE('',(#5229),#1339,.F.);
#5755=ADVANCED_FACE('',(#5230),#1340,.F.);
#5756=ADVANCED_FACE('',(#5231),#1341,.T.);
#5757=ADVANCED_FACE('',(#5232),#1342,.F.);
#5758=ADVANCED_FACE('',(#5233),#1343,.F.);
#5759=ADVANCED_FACE('',(#5234),#1344,.F.);
#5760=ADVANCED_FACE('',(#5235),#1345,.F.);
#5761=ADVANCED_FACE('',(#5236),#1346,.T.);
#5762=ADVANCED_FACE('',(#5237),#1347,.F.);
#5763=ADVANCED_FACE('',(#5238),#1348,.F.);
#5764=ADVANCED_FACE('',(#5239),#1349,.F.);
#5765=ADVANCED_FACE('',(#5240),#1350,.F.);
#5766=ADVANCED_FACE('',(#5241),#1351,.F.);
#5767=ADVANCED_FACE('',(#5242),#1352,.F.);
#5768=ADVANCED_FACE('',(#5243),#1353,.F.);
#5769=ADVANCED_FACE('',(#5244),#1354,.F.);
#5770=ADVANCED_FACE('',(#5245),#1355,.F.);
#5771=ADVANCED_FACE('',(#5246),#1356,.F.);
#5772=ADVANCED_FACE('',(#5247),#1357,.F.);
#5773=ADVANCED_FACE('',(#5248),#1358,.F.);
#5774=ADVANCED_FACE('',(#5249),#1359,.F.);
#5775=ADVANCED_FACE('',(#5250),#1360,.T.);
#5776=ADVANCED_FACE('',(#5251),#38,.F.);
#5777=ADVANCED_FACE('',(#5252),#39,.F.);
#5778=ADVANCED_FACE('',(#5253),#40,.F.);
#5779=ADVANCED_FACE('',(#5254),#41,.F.);
#5780=ADVANCED_FACE('',(#5255),#1361,.F.);
#5781=ADVANCED_FACE('',(#5256),#1362,.F.);
#5782=ADVANCED_FACE('',(#5257),#1363,.F.);
#5783=ADVANCED_FACE('',(#5258),#1364,.F.);
#5784=ADVANCED_FACE('',(#5259),#42,.F.);
#5785=ADVANCED_FACE('',(#5260),#5649,.T.);
#5786=ADVANCED_FACE('',(#5261),#43,.F.);
#5787=ADVANCED_FACE('',(#5262),#44,.F.);
#5788=ADVANCED_FACE('',(#5263),#1365,.F.);
#5789=ADVANCED_FACE('',(#5264),#1366,.F.);
#5790=ADVANCED_FACE('',(#5265),#1367,.F.);
#5791=ADVANCED_FACE('',(#5266),#1368,.F.);
#5792=ADVANCED_FACE('',(#5267),#1369,.F.);
#5793=ADVANCED_FACE('',(#5268),#1370,.F.);
#5794=ADVANCED_FACE('',(#5269),#1371,.F.);
#5795=ADVANCED_FACE('',(#5270,#5271),#1372,.T.);
#5796=ADVANCED_FACE('',(#5272),#1373,.T.);
#5797=ADVANCED_FACE('',(#5273),#45,.F.);
#5798=ADVANCED_FACE('',(#5274),#46,.F.);
#5799=ADVANCED_FACE('',(#5275),#47,.F.);
#5800=ADVANCED_FACE('',(#5276),#48,.F.);
#5801=ADVANCED_FACE('',(#5277),#1374,.F.);
#5802=ADVANCED_FACE('',(#5278),#1375,.F.);
#5803=ADVANCED_FACE('',(#5279),#1376,.F.);
#5804=ADVANCED_FACE('',(#5280),#49,.F.);
#5805=ADVANCED_FACE('',(#5281),#50,.F.);
#5806=ADVANCED_FACE('',(#5282),#51,.F.);
#5807=ADVANCED_FACE('',(#5283),#5650,.T.);
#5808=ADVANCED_FACE('',(#5284),#52,.F.);
#5809=ADVANCED_FACE('',(#5285),#1377,.F.);
#5810=ADVANCED_FACE('',(#5286),#1378,.F.);
#5811=ADVANCED_FACE('',(#5287),#1379,.F.);
#5812=ADVANCED_FACE('',(#5288),#1380,.T.);
#5813=ADVANCED_FACE('',(#5289,#5290,#5291,#5292,#5293,#5294,#5295,#5296,
#5297,#5298,#5299,#5300,#5301,#5302,#5303,#5304,#5305,#5306,#5307,#5308,
#5309,#5310,#5311,#5312,#5313,#5314,#5315),#1381,.T.);
#5814=ADVANCED_FACE('',(#5316),#1382,.F.);
#5815=ADVANCED_FACE('',(#5317),#1383,.F.);
#5816=ADVANCED_FACE('',(#5318),#1384,.F.);
#5817=ADVANCED_FACE('',(#5319),#1385,.F.);
#5818=ADVANCED_FACE('',(#5320),#1386,.F.);
#5819=ADVANCED_FACE('',(#5321),#1387,.F.);
#5820=ADVANCED_FACE('',(#5322),#1388,.F.);
#5821=ADVANCED_FACE('',(#5323),#1389,.F.);
#5822=ADVANCED_FACE('',(#5324),#1390,.T.);
#5823=ADVANCED_FACE('',(#5325),#1391,.F.);
#5824=ADVANCED_FACE('',(#5326),#1392,.F.);
#5825=ADVANCED_FACE('',(#5327),#1393,.F.);
#5826=ADVANCED_FACE('',(#5328),#1394,.F.);
#5827=ADVANCED_FACE('',(#5329),#1395,.F.);
#5828=ADVANCED_FACE('',(#5330),#1396,.F.);
#5829=ADVANCED_FACE('',(#5331),#1397,.F.);
#5830=ADVANCED_FACE('',(#5332),#1398,.F.);
#5831=ADVANCED_FACE('',(#5333),#1399,.F.);
#5832=ADVANCED_FACE('',(#5334),#1400,.F.);
#5833=ADVANCED_FACE('',(#5335),#1401,.F.);
#5834=ADVANCED_FACE('',(#5336),#1402,.F.);
#5835=ADVANCED_FACE('',(#5337),#1403,.T.);
#5836=ADVANCED_FACE('',(#5338),#1404,.F.);
#5837=ADVANCED_FACE('',(#5339),#1405,.F.);
#5838=ADVANCED_FACE('',(#5340),#1406,.F.);
#5839=ADVANCED_FACE('',(#5341),#1407,.F.);
#5840=ADVANCED_FACE('',(#5342),#1408,.T.);
#5841=ADVANCED_FACE('',(#5343),#53,.F.);
#5842=ADVANCED_FACE('',(#5344),#5651,.F.);
#5843=ADVANCED_FACE('',(#5345),#5652,.F.);
#5844=ADVANCED_FACE('',(#5346),#5653,.F.);
#5845=ADVANCED_FACE('',(#5347),#54,.F.);
#5846=ADVANCED_FACE('',(#5348),#5654,.F.);
#5847=ADVANCED_FACE('',(#5349),#5655,.F.);
#5848=ADVANCED_FACE('',(#5350),#1409,.F.);
#5849=ADVANCED_FACE('',(#5351),#5656,.T.);
#5850=ADVANCED_FACE('',(#5352),#5657,.T.);
#5851=ADVANCED_FACE('',(#5353),#55,.F.);
#5852=ADVANCED_FACE('',(#5354),#56,.F.);
#5853=ADVANCED_FACE('',(#5355),#5658,.T.);
#5854=ADVANCED_FACE('',(#5356),#5659,.T.);
#5855=ADVANCED_FACE('',(#5357),#57,.F.);
#5856=ADVANCED_FACE('',(#5358),#58,.F.);
#5857=ADVANCED_FACE('',(#5359),#5660,.F.);
#5858=ADVANCED_FACE('',(#5360),#5661,.F.);
#5859=ADVANCED_FACE('',(#5361),#59,.F.);
#5860=ADVANCED_FACE('',(#5362),#60,.F.);
#5861=ADVANCED_FACE('',(#5363),#5662,.F.);
#5862=ADVANCED_FACE('',(#5364),#61,.F.);
#5863=ADVANCED_FACE('',(#5365),#1410,.F.);
#5864=ADVANCED_FACE('',(#5366),#62,.F.);
#5865=ADVANCED_FACE('',(#5367),#63,.F.);
#5866=ADVANCED_FACE('',(#5368),#64,.F.);
#5867=ADVANCED_FACE('',(#5369),#65,.F.);
#5868=ADVANCED_FACE('',(#5370),#66,.F.);
#5869=ADVANCED_FACE('',(#5371),#1411,.T.);
#5870=ADVANCED_FACE('',(#5372),#1412,.F.);
#5871=ADVANCED_FACE('',(#5373),#1413,.F.);
#5872=ADVANCED_FACE('',(#5374),#1414,.F.);
#5873=ADVANCED_FACE('',(#5375),#1415,.F.);
#5874=ADVANCED_FACE('',(#5376),#1416,.F.);
#5875=ADVANCED_FACE('',(#5377),#1417,.F.);
#5876=ADVANCED_FACE('',(#5378),#1418,.F.);
#5877=ADVANCED_FACE('',(#5379),#5663,.T.);
#5878=ADVANCED_FACE('',(#5380),#1419,.F.);
#5879=ADVANCED_FACE('',(#5381),#1420,.F.);
#5880=ADVANCED_FACE('',(#5382),#67,.F.);
#5881=ADVANCED_FACE('',(#5383),#1421,.F.);
#5882=ADVANCED_FACE('',(#5384,#5385),#1422,.T.);
#5883=ADVANCED_FACE('',(#5386),#1423,.T.);
#5884=ADVANCED_FACE('',(#5387,#5388),#5664,.T.);
#5885=ADVANCED_FACE('',(#5389),#1424,.F.);
#5886=ADVANCED_FACE('',(#5390,#5391),#5665,.F.);
#5887=ADVANCED_FACE('',(#5392),#1425,.T.);
#5888=ADVANCED_FACE('',(#5393,#5394),#5666,.F.);
#5889=ADVANCED_FACE('',(#5395),#1426,.T.);
#5890=ADVANCED_FACE('',(#5396,#5397),#5667,.F.);
#5891=ADVANCED_FACE('',(#5398),#1427,.T.);
#5892=ADVANCED_FACE('',(#5399,#5400),#5668,.F.);
#5893=ADVANCED_FACE('',(#5401),#1428,.T.);
#5894=ADVANCED_FACE('',(#5402,#5403),#5669,.F.);
#5895=ADVANCED_FACE('',(#5404),#1429,.T.);
#5896=ADVANCED_FACE('',(#5405,#5406),#5670,.F.);
#5897=ADVANCED_FACE('',(#5407),#1430,.T.);
#5898=ADVANCED_FACE('',(#5408,#5409),#5671,.T.);
#5899=ADVANCED_FACE('',(#5410,#5411),#5672,.T.);
#5900=ADVANCED_FACE('',(#5412,#5413),#1431,.T.);
#5901=ADVANCED_FACE('',(#5414,#5415),#1432,.F.);
#5902=ADVANCED_FACE('',(#5416,#5417),#5673,.T.);
#5903=ADVANCED_FACE('',(#5418),#1433,.T.);
#5904=ADVANCED_FACE('',(#5419,#5420),#10,.T.);
#5905=ADVANCED_FACE('',(#5421,#5422),#11,.T.);
#5906=ADVANCED_FACE('',(#5423,#5424),#12,.T.);
#5907=ADVANCED_FACE('',(#5425,#5426),#13,.T.);
#5908=ADVANCED_FACE('',(#5427,#5428),#14,.T.);
#5909=ADVANCED_FACE('',(#5429,#5430),#15,.T.);
#5910=ADVANCED_FACE('',(#5431,#5432),#16,.T.);
#5911=ADVANCED_FACE('',(#5433,#5434),#17,.T.);
#5912=ADVANCED_FACE('',(#5435,#5436),#1434,.T.);
#5913=ADVANCED_FACE('',(#5437),#1435,.F.);
#5914=ADVANCED_FACE('',(#5438),#68,.F.);
#5915=ADVANCED_FACE('',(#5439),#1436,.F.);
#5916=ADVANCED_FACE('',(#5440),#1437,.F.);
#5917=ADVANCED_FACE('',(#5441),#5674,.T.);
#5918=ADVANCED_FACE('',(#5442),#1438,.F.);
#5919=ADVANCED_FACE('',(#5443),#1439,.F.);
#5920=ADVANCED_FACE('',(#5444),#1440,.F.);
#5921=ADVANCED_FACE('',(#5445),#1441,.F.);
#5922=ADVANCED_FACE('',(#5446),#1442,.F.);
#5923=ADVANCED_FACE('',(#5447),#1443,.F.);
#5924=ADVANCED_FACE('',(#5448),#1444,.F.);
#5925=ADVANCED_FACE('',(#5449),#1445,.T.);
#5926=ADVANCED_FACE('',(#5450),#1446,.F.);
#5927=ADVANCED_FACE('',(#5451),#1447,.F.);
#5928=ADVANCED_FACE('',(#5452),#1448,.F.);
#5929=ADVANCED_FACE('',(#5453),#1449,.F.);
#5930=ADVANCED_FACE('',(#5454),#1450,.F.);
#5931=ADVANCED_FACE('',(#5455),#1451,.F.);
#5932=ADVANCED_FACE('',(#5456),#1452,.F.);
#5933=ADVANCED_FACE('',(#5457),#1453,.F.);
#5934=ADVANCED_FACE('',(#5458),#1454,.F.);
#5935=ADVANCED_FACE('',(#5459),#1455,.T.);
#5936=ADVANCED_FACE('',(#5460),#69,.F.);
#5937=ADVANCED_FACE('',(#5461),#70,.F.);
#5938=ADVANCED_FACE('',(#5462),#71,.F.);
#5939=ADVANCED_FACE('',(#5463),#72,.F.);
#5940=ADVANCED_FACE('',(#5464),#73,.F.);
#5941=ADVANCED_FACE('',(#5465),#1456,.F.);
#5942=ADVANCED_FACE('',(#5466),#5675,.F.);
#5943=ADVANCED_FACE('',(#5467),#5676,.F.);
#5944=ADVANCED_FACE('',(#5468),#74,.F.);
#5945=ADVANCED_FACE('',(#5469),#75,.F.);
#5946=ADVANCED_FACE('',(#5470),#5677,.F.);
#5947=ADVANCED_FACE('',(#5471),#5678,.F.);
#5948=ADVANCED_FACE('',(#5472),#76,.F.);
#5949=ADVANCED_FACE('',(#5473),#77,.F.);
#5950=ADVANCED_FACE('',(#5474),#5679,.T.);
#5951=ADVANCED_FACE('',(#5475),#5680,.T.);
#5952=ADVANCED_FACE('',(#5476),#78,.F.);
#5953=ADVANCED_FACE('',(#5477),#79,.F.);
#5954=ADVANCED_FACE('',(#5478),#5681,.T.);
#5955=ADVANCED_FACE('',(#5479),#5682,.T.);
#5956=ADVANCED_FACE('',(#5480),#1457,.F.);
#5957=ADVANCED_FACE('',(#5481),#5683,.F.);
#5958=ADVANCED_FACE('',(#5482),#5684,.F.);
#5959=ADVANCED_FACE('',(#5483),#80,.F.);
#5960=ADVANCED_FACE('',(#5484),#5685,.F.);
#5961=ADVANCED_FACE('',(#5485),#5686,.F.);
#5962=ADVANCED_FACE('',(#5486),#5687,.F.);
#5963=ADVANCED_FACE('',(#5487),#81,.F.);
#5964=ADVANCED_FACE('',(#5488),#1458,.T.);
#5965=ADVANCED_FACE('',(#5489,#5490),#1459,.T.);
#5966=ADVANCED_FACE('',(#5491),#1460,.F.);
#5967=ADVANCED_FACE('',(#5492),#82,.F.);
#5968=ADVANCED_FACE('',(#5493),#1461,.F.);
#5969=ADVANCED_FACE('',(#5494),#1462,.F.);
#5970=ADVANCED_FACE('',(#5495),#5688,.T.);
#5971=ADVANCED_FACE('',(#5496),#1463,.F.);
#5972=ADVANCED_FACE('',(#5497),#1464,.F.);
#5973=ADVANCED_FACE('',(#5498),#1465,.F.);
#5974=ADVANCED_FACE('',(#5499),#1466,.F.);
#5975=ADVANCED_FACE('',(#5500),#1467,.F.);
#5976=ADVANCED_FACE('',(#5501),#1468,.F.);
#5977=ADVANCED_FACE('',(#5502),#1469,.F.);
#5978=ADVANCED_FACE('',(#5503),#1470,.T.);
#5979=ADVANCED_FACE('',(#5504),#1471,.F.);
#5980=ADVANCED_FACE('',(#5505),#1472,.F.);
#5981=ADVANCED_FACE('',(#5506),#1473,.F.);
#5982=ADVANCED_FACE('',(#5507),#1474,.F.);
#5983=ADVANCED_FACE('',(#5508),#83,.F.);
#5984=ADVANCED_FACE('',(#5509),#1475,.F.);
#5985=ADVANCED_FACE('',(#5510),#1476,.F.);
#5986=ADVANCED_FACE('',(#5511),#1477,.F.);
#5987=ADVANCED_FACE('',(#5512),#1478,.F.);
#5988=ADVANCED_FACE('',(#5513),#1479,.F.);
#5989=ADVANCED_FACE('',(#5514),#1480,.F.);
#5990=ADVANCED_FACE('',(#5515),#1481,.F.);
#5991=ADVANCED_FACE('',(#5516),#1482,.F.);
#5992=ADVANCED_FACE('',(#5517),#1483,.F.);
#5993=ADVANCED_FACE('',(#5518),#1484,.F.);
#5994=ADVANCED_FACE('',(#5519),#1485,.F.);
#5995=ADVANCED_FACE('',(#5520),#5689,.T.);
#5996=ADVANCED_FACE('',(#5521),#5690,.T.);
#5997=ADVANCED_FACE('',(#5522),#1486,.F.);
#5998=ADVANCED_FACE('',(#5523),#1487,.T.);
#5999=ADVANCED_FACE('',(#5524),#1488,.F.);
#6000=ADVANCED_FACE('',(#5525),#1489,.F.);
#6001=ADVANCED_FACE('',(#5526),#1490,.F.);
#6002=ADVANCED_FACE('',(#5527),#1491,.F.);
#6003=ADVANCED_FACE('',(#5528),#1492,.F.);
#6004=ADVANCED_FACE('',(#5529),#1493,.F.);
#6005=ADVANCED_FACE('',(#5530),#1494,.F.);
#6006=ADVANCED_FACE('',(#5531),#1495,.F.);
#6007=ADVANCED_FACE('',(#5532),#1496,.F.);
#6008=ADVANCED_FACE('',(#5533),#1497,.F.);
#6009=ADVANCED_FACE('',(#5534),#1498,.F.);
#6010=ADVANCED_FACE('',(#5535),#1499,.F.);
#6011=ADVANCED_FACE('',(#5536),#1500,.T.);
#6012=ADVANCED_FACE('',(#5537,#5538),#5691,.F.);
#6013=ADVANCED_FACE('',(#5539,#5540,#5541,#5542,#5543,#5544,#5545,#5546,
#5547,#5548),#1501,.T.);
#6014=ADVANCED_FACE('',(#5549,#5550,#5551,#5552,#5553,#5554,#5555,#5556,
#5557,#5558),#1502,.F.);
#6015=ADVANCED_FACE('',(#5559,#5560),#18,.T.);
#6016=ADVANCED_FACE('',(#5561,#5562),#19,.T.);
#6017=ADVANCED_FACE('',(#5563,#5564),#5692,.F.);
#6018=ADVANCED_FACE('',(#5565),#1503,.T.);
#6019=ADVANCED_FACE('',(#5566,#5567),#5693,.F.);
#6020=ADVANCED_FACE('',(#5568),#1504,.T.);
#6021=ADVANCED_FACE('',(#5569,#5570),#5694,.F.);
#6022=ADVANCED_FACE('',(#5571),#1505,.T.);
#6023=ADVANCED_FACE('',(#5572,#5573),#5695,.F.);
#6024=ADVANCED_FACE('',(#5574),#1506,.T.);
#6025=ADVANCED_FACE('',(#5575,#5576),#5696,.F.);
#6026=ADVANCED_FACE('',(#5577),#1507,.T.);
#6027=ADVANCED_FACE('',(#5578,#5579),#5697,.F.);
#6028=ADVANCED_FACE('',(#5580),#1508,.T.);
#6029=ADVANCED_FACE('',(#5581,#5582),#5698,.F.);
#6030=ADVANCED_FACE('',(#5583),#1509,.T.);
#6031=ADVANCED_FACE('',(#5584,#5585),#5699,.F.);
#6032=ADVANCED_FACE('',(#5586),#1510,.T.);
#6033=ADVANCED_FACE('',(#5587,#5588),#5700,.F.);
#6034=ADVANCED_FACE('',(#5589),#1511,.F.);
#6035=ADVANCED_FACE('',(#5590,#5591),#5701,.F.);
#6036=ADVANCED_FACE('',(#5592),#1512,.F.);
#6037=ADVANCED_FACE('',(#5593,#5594),#5702,.F.);
#6038=ADVANCED_FACE('',(#5595),#1513,.F.);
#6039=ADVANCED_FACE('',(#5596,#5597),#5703,.F.);
#6040=ADVANCED_FACE('',(#5598),#1514,.F.);
#6041=ADVANCED_FACE('',(#5599,#5600),#5704,.F.);
#6042=ADVANCED_FACE('',(#5601),#1515,.F.);
#6043=ADVANCED_FACE('',(#5602,#5603),#5705,.F.);
#6044=ADVANCED_FACE('',(#5604),#1516,.F.);
#6045=ADVANCED_FACE('',(#5605,#5606),#5706,.F.);
#6046=ADVANCED_FACE('',(#5607),#1517,.F.);
#6047=ADVANCED_FACE('',(#5608,#5609),#5707,.F.);
#6048=ADVANCED_FACE('',(#5610),#1518,.F.);
#6049=ADVANCED_FACE('',(#5611,#5612),#20,.T.);
#6050=ADVANCED_FACE('',(#5613,#5614),#21,.T.);
#6051=ADVANCED_FACE('',(#5615,#5616),#22,.T.);
#6052=ADVANCED_FACE('',(#5617,#5618),#23,.T.);
#6053=ADVANCED_FACE('',(#5619,#5620),#24,.T.);
#6054=ADVANCED_FACE('',(#5621,#5622),#25,.T.);
#6055=ADVANCED_FACE('',(#5623,#5624),#26,.T.);
#6056=ADVANCED_FACE('',(#5625,#5626),#27,.T.);
#6057=ADVANCED_FACE('',(#5627,#5628),#28,.T.);
#6058=ADVANCED_FACE('',(#5629,#5630),#29,.T.);
#6059=ADVANCED_FACE('',(#5631,#5632),#30,.T.);
#6060=ADVANCED_FACE('',(#5633,#5634),#31,.T.);
#6061=ADVANCED_FACE('',(#5635,#5636),#32,.T.);
#6062=ADVANCED_FACE('',(#5637,#5638),#33,.T.);
#6063=ADVANCED_FACE('',(#5639,#5640),#34,.T.);
#6064=ADVANCED_FACE('',(#5641,#5642),#35,.T.);
#6065=CLOSED_SHELL('',(#5708,#5709,#5710,#5711,#5712,#5713,#5714,#5715));
#6066=CLOSED_SHELL('',(#5716,#5717,#5718,#5719,#5720,#5721,#5722,#5723,
#5724,#5725,#5726,#5727,#5728,#5729,#5730,#5731,#5732,#5733,#5734,#5735,
#5736,#5737,#5738,#5739,#5740,#5741,#5742,#5743,#5744,#5745,#5746,#5747,
#5748,#5749,#5750,#5751,#5752,#5753,#5754,#5755,#5756,#5757,#5758,#5759,
#5760,#5761,#5762,#5763,#5764,#5765,#5766,#5767,#5768,#5769,#5770,#5771,
#5772,#5773,#5774,#5775,#5776,#5777,#5778,#5779,#5780,#5781,#5782,#5783,
#5784,#5785,#5786,#5787,#5788,#5789,#5790,#5791,#5792,#5793,#5794,#5795,
#5796,#5797,#5798,#5799,#5800,#5801,#5802,#5803,#5804,#5805,#5806,#5807,
#5808,#5809,#5810,#5811,#5812,#5813,#5814,#5815,#5816,#5817,#5818,#5819,
#5820,#5821,#5822,#5823,#5824,#5825,#5826,#5827,#5828,#5829,#5830,#5831,
#5832,#5833,#5834,#5835,#5836,#5837,#5838,#5839,#5840,#5841,#5842,#5843,
#5844,#5845,#5846,#5847,#5848,#5849,#5850,#5851,#5852,#5853,#5854,#5855,
#5856,#5857,#5858,#5859,#5860,#5861,#5862,#5863,#5864,#5865,#5866,#5867,
#5868,#5869,#5870,#5871,#5872,#5873,#5874,#5875,#5876,#5877,#5878,#5879,
#5880,#5881,#5882,#5883,#5884,#5885,#5886,#5887,#5888,#5889,#5890,#5891,
#5892,#5893,#5894,#5895,#5896,#5897,#5898,#5899,#5900,#5901,#5902,#5903,
#5904,#5905,#5906,#5907,#5908,#5909,#5910,#5911,#5912,#5913,#5914,#5915,
#5916,#5917,#5918,#5919,#5920,#5921,#5922,#5923,#5924,#5925,#5926,#5927,
#5928,#5929,#5930,#5931,#5932,#5933,#5934,#5935,#5936,#5937,#5938,#5939,
#5940,#5941,#5942,#5943,#5944,#5945,#5946,#5947,#5948,#5949,#5950,#5951,
#5952,#5953,#5954,#5955,#5956,#5957,#5958,#5959,#5960,#5961,#5962,#5963,
#5964,#5965,#5966,#5967,#5968,#5969,#5970,#5971,#5972,#5973,#5974,#5975,
#5976,#5977,#5978,#5979,#5980,#5981,#5982,#5983,#5984,#5985,#5986,#5987,
#5988,#5989,#5990,#5991,#5992,#5993,#5994,#5995,#5996,#5997,#5998,#5999,
#6000,#6001,#6002,#6003,#6004,#6005,#6006,#6007,#6008,#6009,#6010,#6011));
#6067=CLOSED_SHELL('',(#6012,#6013,#6014,#6015,#6016,#6017,#6018,#6019,
#6020,#6021,#6022,#6023,#6024,#6025,#6026,#6027,#6028,#6029,#6030,#6031,
#6032,#6033,#6034,#6035,#6036,#6037,#6038,#6039,#6040,#6041,#6042,#6043,
#6044,#6045,#6046,#6047,#6048,#6049,#6050,#6051,#6052,#6053,#6054,#6055,
#6056,#6057,#6058,#6059,#6060,#6061,#6062,#6063,#6064));
#6068=STYLED_ITEM('',(#6071),#6091);
#6069=STYLED_ITEM('',(#6072),#6092);
#6070=STYLED_ITEM('',(#6073),#6093);
#6071=PRESENTATION_STYLE_ASSIGNMENT((#6074));
#6072=PRESENTATION_STYLE_ASSIGNMENT((#6075));
#6073=PRESENTATION_STYLE_ASSIGNMENT((#6076));
#6074=SURFACE_STYLE_USAGE(.BOTH.,#6077);
#6075=SURFACE_STYLE_USAGE(.BOTH.,#6078);
#6076=SURFACE_STYLE_USAGE(.BOTH.,#6079);
#6077=SURFACE_SIDE_STYLE('',(#6080));
#6078=SURFACE_SIDE_STYLE('',(#6081));
#6079=SURFACE_SIDE_STYLE('',(#6082));
#6080=SURFACE_STYLE_FILL_AREA(#6083);
#6081=SURFACE_STYLE_FILL_AREA(#6084);
#6082=SURFACE_STYLE_FILL_AREA(#6085);
#6083=FILL_AREA_STYLE('',(#6086));
#6084=FILL_AREA_STYLE('',(#6087));
#6085=FILL_AREA_STYLE('',(#6088));
#6086=FILL_AREA_STYLE_COLOUR('',#6089);
#6087=FILL_AREA_STYLE_COLOUR('',#6090);
#6088=FILL_AREA_STYLE_COLOUR('',#6089);
#6089=COLOUR_RGB('',0.615686274509804,0.811764705882353,0.929411764705882);
#6090=COLOUR_RGB('',0.647058823529412,0.647058823529412,0.647058823529412);
#6091=MANIFOLD_SOLID_BREP('Part 1',#6065);
#6092=MANIFOLD_SOLID_BREP('Part 1',#6066);
#6093=MANIFOLD_SOLID_BREP('Part 1',#6067);
#6094=SHAPE_DEFINITION_REPRESENTATION(#10485,#6098);
#6095=SHAPE_DEFINITION_REPRESENTATION(#10486,#6099);
#6096=SHAPE_DEFINITION_REPRESENTATION(#10489,#6100);
#6097=SHAPE_DEFINITION_REPRESENTATION(#10493,#6101);
#6098=SHAPE_REPRESENTATION('Assembly 1',(#6102,#6119,#6120,#6465,#6466,
#6467,#6574,#6575,#6576),#10474);
#6099=SHAPE_REPRESENTATION('Part 1',(#6102),#10475);
#6100=SHAPE_REPRESENTATION('Part 1',(#6102),#10476);
#6101=SHAPE_REPRESENTATION('Part 1',(#6102),#10477);
#6102=AXIS2_PLACEMENT_3D('',#8045,#6577,#6578);
#6103=AXIS2_PLACEMENT_3D('',#8046,#6579,#6580);
#6104=AXIS2_PLACEMENT_3D('',#8047,#6581,#6582);
#6105=AXIS2_PLACEMENT_3D('',#8049,#6583,#6584);
#6106=AXIS2_PLACEMENT_3D('',#8051,#6585,#6586);
#6107=AXIS2_PLACEMENT_3D('',#8052,#6587,#6588);
#6108=AXIS2_PLACEMENT_3D('',#8054,#6589,#6590);
#6109=AXIS2_PLACEMENT_3D('',#8055,#6591,#6592);
#6110=AXIS2_PLACEMENT_3D('',#8057,#6593,#6594);
#6111=AXIS2_PLACEMENT_3D('',#8058,#6595,#6596);
#6112=AXIS2_PLACEMENT_3D('',#8060,#6597,#6598);
#6113=AXIS2_PLACEMENT_3D('',#8061,#6599,#6600);
#6114=AXIS2_PLACEMENT_3D('',#8063,#6601,#6602);
#6115=AXIS2_PLACEMENT_3D('',#8064,#6603,#6604);
#6116=AXIS2_PLACEMENT_3D('',#8066,#6605,#6606);
#6117=AXIS2_PLACEMENT_3D('',#8068,#6607,#6608);
#6118=AXIS2_PLACEMENT_3D('',#8069,#6609,#6610);
#6119=AXIS2_PLACEMENT_3D('',#8070,#6611,#6612);
#6120=AXIS2_PLACEMENT_3D('',#8071,#6613,#6614);
#6121=AXIS2_PLACEMENT_3D('',#8072,#6615,#6616);
#6122=AXIS2_PLACEMENT_3D('',#8081,#6621,#6622);
#6123=AXIS2_PLACEMENT_3D('',#8087,#6626,#6627);
#6124=AXIS2_PLACEMENT_3D('',#8093,#6631,#6632);
#6125=AXIS2_PLACEMENT_3D('',#8096,#6635,#6636);
#6126=AXIS2_PLACEMENT_3D('',#8097,#6637,#6638);
#6127=AXIS2_PLACEMENT_3D('',#8106,#6643,#6644);
#6128=AXIS2_PLACEMENT_3D('',#8112,#6648,#6649);
#6129=AXIS2_PLACEMENT_3D('',#8118,#6653,#6654);
#6130=AXIS2_PLACEMENT_3D('',#8124,#6658,#6659);
#6131=AXIS2_PLACEMENT_3D('',#8130,#6663,#6664);
#6132=AXIS2_PLACEMENT_3D('',#8133,#6667,#6668);
#6133=AXIS2_PLACEMENT_3D('',#8134,#6669,#6670);
#6134=AXIS2_PLACEMENT_3D('',#8143,#6675,#6676);
#6135=AXIS2_PLACEMENT_3D('',#8149,#6680,#6681);
#6136=AXIS2_PLACEMENT_3D('',#8155,#6685,#6686);
#6137=AXIS2_PLACEMENT_3D('',#8161,#6690,#6691);
#6138=AXIS2_PLACEMENT_3D('',#8167,#6695,#6696);
#6139=AXIS2_PLACEMENT_3D('',#8173,#6700,#6701);
#6140=AXIS2_PLACEMENT_3D('',#8179,#6705,#6706);
#6141=AXIS2_PLACEMENT_3D('',#8186,#6707,#6708);
#6142=AXIS2_PLACEMENT_3D('',#8193,#6709,#6710);
#6143=AXIS2_PLACEMENT_3D('',#8194,#6711,#6712);
#6144=AXIS2_PLACEMENT_3D('',#8200,#6716,#6717);
#6145=AXIS2_PLACEMENT_3D('',#8220,#6721,#6722);
#6146=AXIS2_PLACEMENT_3D('',#8223,#6725,#6726);
#6147=AXIS2_PLACEMENT_3D('',#8224,#6727,#6728);
#6148=AXIS2_PLACEMENT_3D('',#8225,#6729,#6730);
#6149=AXIS2_PLACEMENT_3D('',#8235,#6733,#6734);
#6150=AXIS2_PLACEMENT_3D('',#8247,#6738,#6739);
#6151=AXIS2_PLACEMENT_3D('',#8248,#6740,#6741);
#6152=AXIS2_PLACEMENT_3D('',#8252,#6743,#6744);
#6153=AXIS2_PLACEMENT_3D('',#8253,#6745,#6746);
#6154=AXIS2_PLACEMENT_3D('',#8259,#6750,#6751);
#6155=AXIS2_PLACEMENT_3D('',#8265,#6755,#6756);
#6156=AXIS2_PLACEMENT_3D('',#8271,#6760,#6761);
#6157=AXIS2_PLACEMENT_3D('',#8277,#6765,#6766);
#6158=AXIS2_PLACEMENT_3D('',#8283,#6770,#6771);
#6159=AXIS2_PLACEMENT_3D('',#8306,#6776,#6777);
#6160=AXIS2_PLACEMENT_3D('',#8312,#6781,#6782);
#6161=AXIS2_PLACEMENT_3D('',#8318,#6786,#6787);
#6162=AXIS2_PLACEMENT_3D('',#8324,#6791,#6792);
#6163=AXIS2_PLACEMENT_3D('',#8330,#6796,#6797);
#6164=AXIS2_PLACEMENT_3D('',#8333,#6800,#6801);
#6165=AXIS2_PLACEMENT_3D('',#8334,#6802,#6803);
#6166=AXIS2_PLACEMENT_3D('',#8343,#6808,#6809);
#6167=AXIS2_PLACEMENT_3D('',#8349,#6813,#6814);
#6168=AXIS2_PLACEMENT_3D('',#8355,#6818,#6819);
#6169=AXIS2_PLACEMENT_3D('',#8358,#6822,#6823);
#6170=AXIS2_PLACEMENT_3D('',#8359,#6824,#6825);
#6171=AXIS2_PLACEMENT_3D('',#8368,#6830,#6831);
#6172=AXIS2_PLACEMENT_3D('',#8374,#6835,#6836);
#6173=AXIS2_PLACEMENT_3D('',#8380,#6840,#6841);
#6174=AXIS2_PLACEMENT_3D('',#8386,#6845,#6846);
#6175=AXIS2_PLACEMENT_3D('',#8392,#6850,#6851);
#6176=AXIS2_PLACEMENT_3D('',#8398,#6855,#6856);
#6177=AXIS2_PLACEMENT_3D('',#8404,#6860,#6861);
#6178=AXIS2_PLACEMENT_3D('',#8410,#6865,#6866);
#6179=AXIS2_PLACEMENT_3D('',#8416,#6870,#6871);
#6180=AXIS2_PLACEMENT_3D('',#8422,#6875,#6876);
#6181=AXIS2_PLACEMENT_3D('',#8428,#6880,#6881);
#6182=AXIS2_PLACEMENT_3D('',#8434,#6885,#6886);
#6183=AXIS2_PLACEMENT_3D('',#8437,#6889,#6890);
#6184=AXIS2_PLACEMENT_3D('',#8509,#6896,#6897);
#6185=AXIS2_PLACEMENT_3D('',#8515,#6901,#6902);
#6186=AXIS2_PLACEMENT_3D('',#8521,#6906,#6907);
#6187=AXIS2_PLACEMENT_3D('',#8530,#6912,#6913);
#6188=AXIS2_PLACEMENT_3D('',#8556,#6917,#6918);
#6189=AXIS2_PLACEMENT_3D('',#8557,#6919,#6920);
#6190=AXIS2_PLACEMENT_3D('',#8564,#6921,#6922);
#6191=AXIS2_PLACEMENT_3D('',#8599,#6925,#6926);
#6192=AXIS2_PLACEMENT_3D('',#8605,#6930,#6931);
#6193=AXIS2_PLACEMENT_3D('',#8611,#6935,#6936);
#6194=AXIS2_PLACEMENT_3D('',#8617,#6940,#6941);
#6195=AXIS2_PLACEMENT_3D('',#8623,#6945,#6946);
#6196=AXIS2_PLACEMENT_3D('',#8629,#6950,#6951);
#6197=AXIS2_PLACEMENT_3D('',#8632,#6954,#6955);
#6198=AXIS2_PLACEMENT_3D('',#8635,#6958,#6959);
#6199=AXIS2_PLACEMENT_3D('',#8636,#6960,#6961);
#6200=AXIS2_PLACEMENT_3D('',#8708,#6967,#6968);
#6201=AXIS2_PLACEMENT_3D('',#8714,#6972,#6973);
#6202=AXIS2_PLACEMENT_3D('',#8720,#6977,#6978);
#6203=AXIS2_PLACEMENT_3D('',#8780,#6984,#6985);
#6204=AXIS2_PLACEMENT_3D('',#8781,#6986,#6987);
#6205=AXIS2_PLACEMENT_3D('',#8788,#6988,#6989);
#6206=AXIS2_PLACEMENT_3D('',#8806,#6991,#6992);
#6207=AXIS2_PLACEMENT_3D('',#8812,#6996,#6997);
#6208=AXIS2_PLACEMENT_3D('',#8818,#7001,#7002);
#6209=AXIS2_PLACEMENT_3D('',#8821,#7005,#7006);
#6210=AXIS2_PLACEMENT_3D('',#8822,#7007,#7008);
#6211=AXIS2_PLACEMENT_3D('',#8847,#7021,#7022);
#6212=AXIS2_PLACEMENT_3D('',#8886,#7039,#7040);
#6213=AXIS2_PLACEMENT_3D('',#8934,#7050,#7051);
#6214=AXIS2_PLACEMENT_3D('',#8944,#7052,#7053);
#6215=AXIS2_PLACEMENT_3D('',#8946,#7054,#7055);
#6216=AXIS2_PLACEMENT_3D('',#8956,#7056,#7057);
#6217=AXIS2_PLACEMENT_3D('',#8958,#7058,#7059);
#6218=AXIS2_PLACEMENT_3D('',#8968,#7060,#7061);
#6219=AXIS2_PLACEMENT_3D('',#8970,#7062,#7063);
#6220=AXIS2_PLACEMENT_3D('',#8974,#7065,#7066);
#6221=AXIS2_PLACEMENT_3D('',#8976,#7067,#7068);
#6222=AXIS2_PLACEMENT_3D('',#8982,#7069,#7070);
#6223=AXIS2_PLACEMENT_3D('',#8984,#7071,#7072);
#6224=AXIS2_PLACEMENT_3D('',#8986,#7073,#7074);
#6225=AXIS2_PLACEMENT_3D('',#9003,#7083,#7084);
#6226=AXIS2_PLACEMENT_3D('',#9005,#7085,#7086);
#6227=AXIS2_PLACEMENT_3D('',#9007,#7087,#7088);
#6228=AXIS2_PLACEMENT_3D('',#9009,#7089,#7090);
#6229=AXIS2_PLACEMENT_3D('',#9011,#7091,#7092);
#6230=AXIS2_PLACEMENT_3D('',#9013,#7093,#7094);
#6231=AXIS2_PLACEMENT_3D('',#9015,#7095,#7096);
#6232=AXIS2_PLACEMENT_3D('',#9017,#7097,#7098);
#6233=AXIS2_PLACEMENT_3D('',#9080,#7117,#7118);
#6234=AXIS2_PLACEMENT_3D('',#9082,#7119,#7120);
#6235=AXIS2_PLACEMENT_3D('',#9092,#7121,#7122);
#6236=AXIS2_PLACEMENT_3D('',#9094,#7123,#7124);
#6237=AXIS2_PLACEMENT_3D('',#9104,#7125,#7126);
#6238=AXIS2_PLACEMENT_3D('',#9106,#7127,#7128);
#6239=AXIS2_PLACEMENT_3D('',#9116,#7129,#7130);
#6240=AXIS2_PLACEMENT_3D('',#9118,#7131,#7132);
#6241=AXIS2_PLACEMENT_3D('',#9122,#7134,#7135);
#6242=AXIS2_PLACEMENT_3D('',#9124,#7136,#7137);
#6243=AXIS2_PLACEMENT_3D('',#9130,#7138,#7139);
#6244=AXIS2_PLACEMENT_3D('',#9132,#7140,#7141);
#6245=AXIS2_PLACEMENT_3D('',#9134,#7142,#7143);
#6246=AXIS2_PLACEMENT_3D('',#9183,#7168,#7169);
#6247=AXIS2_PLACEMENT_3D('',#9189,#7173,#7174);
#6248=AXIS2_PLACEMENT_3D('',#9193,#7177,#7178);
#6249=AXIS2_PLACEMENT_3D('',#9197,#7181,#7182);
#6250=AXIS2_PLACEMENT_3D('',#9201,#7185,#7186);
#6251=AXIS2_PLACEMENT_3D('',#9205,#7189,#7190);
#6252=AXIS2_PLACEMENT_3D('',#9209,#7193,#7194);
#6253=AXIS2_PLACEMENT_3D('',#9213,#7197,#7198);
#6254=AXIS2_PLACEMENT_3D('',#9215,#7200,#7201);
#6255=AXIS2_PLACEMENT_3D('',#9216,#7202,#7203);
#6256=AXIS2_PLACEMENT_3D('',#9222,#7207,#7208);
#6257=AXIS2_PLACEMENT_3D('',#9226,#7211,#7212);
#6258=AXIS2_PLACEMENT_3D('',#9230,#7215,#7216);
#6259=AXIS2_PLACEMENT_3D('',#9234,#7219,#7220);
#6260=AXIS2_PLACEMENT_3D('',#9238,#7223,#7224);
#6261=AXIS2_PLACEMENT_3D('',#9242,#7227,#7228);
#6262=AXIS2_PLACEMENT_3D('',#9246,#7231,#7232);
#6263=AXIS2_PLACEMENT_3D('',#9250,#7235,#7236);
#6264=AXIS2_PLACEMENT_3D('',#9254,#7239,#7240);
#6265=AXIS2_PLACEMENT_3D('',#9258,#7243,#7244);
#6266=AXIS2_PLACEMENT_3D('',#9262,#7247,#7248);
#6267=AXIS2_PLACEMENT_3D('',#9264,#7250,#7251);
#6268=AXIS2_PLACEMENT_3D('',#9265,#7252,#7253);
#6269=AXIS2_PLACEMENT_3D('',#9271,#7257,#7258);
#6270=AXIS2_PLACEMENT_3D('',#9275,#7261,#7262);
#6271=AXIS2_PLACEMENT_3D('',#9279,#7265,#7266);
#6272=AXIS2_PLACEMENT_3D('',#9281,#7268,#7269);
#6273=AXIS2_PLACEMENT_3D('',#9300,#7271,#7272);
#6274=AXIS2_PLACEMENT_3D('',#9306,#7273,#7274);
#6275=AXIS2_PLACEMENT_3D('',#9307,#7275,#7276);
#6276=AXIS2_PLACEMENT_3D('',#9313,#7277,#7278);
#6277=AXIS2_PLACEMENT_3D('',#9314,#7279,#7280);
#6278=AXIS2_PLACEMENT_3D('',#9320,#7281,#7282);
#6279=AXIS2_PLACEMENT_3D('',#9337,#7283,#7284);
#6280=AXIS2_PLACEMENT_3D('',#9343,#7285,#7286);
#6281=AXIS2_PLACEMENT_3D('',#9344,#7287,#7288);
#6282=AXIS2_PLACEMENT_3D('',#9347,#7290,#7291);
#6283=AXIS2_PLACEMENT_3D('',#9348,#7292,#7293);
#6284=AXIS2_PLACEMENT_3D('',#9352,#7296,#7297);
#6285=AXIS2_PLACEMENT_3D('',#9358,#7298,#7299);
#6286=AXIS2_PLACEMENT_3D('',#9359,#7300,#7301);
#6287=AXIS2_PLACEMENT_3D('',#9365,#7302,#7303);
#6288=AXIS2_PLACEMENT_3D('',#9395,#7305,#7306);
#6289=AXIS2_PLACEMENT_3D('',#9401,#7307,#7308);
#6290=AXIS2_PLACEMENT_3D('',#9402,#7309,#7310);
#6291=AXIS2_PLACEMENT_3D('',#9408,#7311,#7312);
#6292=AXIS2_PLACEMENT_3D('',#9438,#7314,#7315);
#6293=AXIS2_PLACEMENT_3D('',#9444,#7316,#7317);
#6294=AXIS2_PLACEMENT_3D('',#9445,#7318,#7319);
#6295=AXIS2_PLACEMENT_3D('',#9451,#7320,#7321);
#6296=AXIS2_PLACEMENT_3D('',#9481,#7323,#7324);
#6297=AXIS2_PLACEMENT_3D('',#9487,#7325,#7326);
#6298=AXIS2_PLACEMENT_3D('',#9501,#7328,#7329);
#6299=AXIS2_PLACEMENT_3D('',#9568,#7336,#7337);
#6300=AXIS2_PLACEMENT_3D('',#9569,#7338,#7339);
#6301=AXIS2_PLACEMENT_3D('',#9575,#7343,#7344);
#6302=AXIS2_PLACEMENT_3D('',#9579,#7347,#7348);
#6303=AXIS2_PLACEMENT_3D('',#9583,#7351,#7352);
#6304=AXIS2_PLACEMENT_3D('',#9587,#7355,#7356);
#6305=AXIS2_PLACEMENT_3D('',#9591,#7359,#7360);
#6306=AXIS2_PLACEMENT_3D('',#9595,#7363,#7364);
#6307=AXIS2_PLACEMENT_3D('',#9599,#7367,#7368);
#6308=AXIS2_PLACEMENT_3D('',#9606,#7369,#7370);
#6309=AXIS2_PLACEMENT_3D('',#9613,#7371,#7372);
#6310=AXIS2_PLACEMENT_3D('',#9614,#7373,#7374);
#6311=AXIS2_PLACEMENT_3D('',#9620,#7378,#7379);
#6312=AXIS2_PLACEMENT_3D('',#9640,#7383,#7384);
#6313=AXIS2_PLACEMENT_3D('',#9642,#7386,#7387);
#6314=AXIS2_PLACEMENT_3D('',#9643,#7388,#7389);
#6315=AXIS2_PLACEMENT_3D('',#9644,#7390,#7391);
#6316=AXIS2_PLACEMENT_3D('',#9654,#7394,#7395);
#6317=AXIS2_PLACEMENT_3D('',#9655,#7396,#7397);
#6318=AXIS2_PLACEMENT_3D('',#9657,#7398,#7399);
#6319=AXIS2_PLACEMENT_3D('',#9659,#7400,#7401);
#6320=AXIS2_PLACEMENT_3D('',#9660,#7402,#7403);
#6321=AXIS2_PLACEMENT_3D('',#9661,#7404,#7405);
#6322=AXIS2_PLACEMENT_3D('',#9663,#7406,#7407);
#6323=AXIS2_PLACEMENT_3D('',#9665,#7408,#7409);
#6324=AXIS2_PLACEMENT_3D('',#9666,#7410,#7411);
#6325=AXIS2_PLACEMENT_3D('',#9667,#7412,#7413);
#6326=AXIS2_PLACEMENT_3D('',#9669,#7414,#7415);
#6327=AXIS2_PLACEMENT_3D('',#9671,#7416,#7417);
#6328=AXIS2_PLACEMENT_3D('',#9672,#7418,#7419);
#6329=AXIS2_PLACEMENT_3D('',#9673,#7420,#7421);
#6330=AXIS2_PLACEMENT_3D('',#9675,#7422,#7423);
#6331=AXIS2_PLACEMENT_3D('',#9677,#7424,#7425);
#6332=AXIS2_PLACEMENT_3D('',#9678,#7426,#7427);
#6333=AXIS2_PLACEMENT_3D('',#9679,#7428,#7429);
#6334=AXIS2_PLACEMENT_3D('',#9681,#7430,#7431);
#6335=AXIS2_PLACEMENT_3D('',#9683,#7432,#7433);
#6336=AXIS2_PLACEMENT_3D('',#9684,#7434,#7435);
#6337=AXIS2_PLACEMENT_3D('',#9685,#7436,#7437);
#6338=AXIS2_PLACEMENT_3D('',#9687,#7438,#7439);
#6339=AXIS2_PLACEMENT_3D('',#9689,#7440,#7441);
#6340=AXIS2_PLACEMENT_3D('',#9690,#7442,#7443);
#6341=AXIS2_PLACEMENT_3D('',#9691,#7444,#7445);
#6342=AXIS2_PLACEMENT_3D('',#9693,#7446,#7447);
#6343=AXIS2_PLACEMENT_3D('',#9695,#7448,#7449);
#6344=AXIS2_PLACEMENT_3D('',#9696,#7450,#7451);
#6345=AXIS2_PLACEMENT_3D('',#9697,#7452,#7453);
#6346=AXIS2_PLACEMENT_3D('',#9699,#7454,#7455);
#6347=AXIS2_PLACEMENT_3D('',#9700,#7456,#7457);
#6348=AXIS2_PLACEMENT_3D('',#9702,#7458,#7459);
#6349=AXIS2_PLACEMENT_3D('',#9704,#7460,#7461);
#6350=AXIS2_PLACEMENT_3D('',#9705,#7462,#7463);
#6351=AXIS2_PLACEMENT_3D('',#9707,#7464,#7465);
#6352=AXIS2_PLACEMENT_3D('',#9708,#7466,#7467);
#6353=AXIS2_PLACEMENT_3D('',#9709,#7468,#7469);
#6354=AXIS2_PLACEMENT_3D('',#9711,#7470,#7471);
#6355=AXIS2_PLACEMENT_3D('',#9712,#7472,#7473);
#6356=AXIS2_PLACEMENT_3D('',#9714,#7474,#7475);
#6357=AXIS2_PLACEMENT_3D('',#9715,#7476,#7477);
#6358=AXIS2_PLACEMENT_3D('',#9716,#7478,#7479);
#6359=AXIS2_PLACEMENT_3D('',#9717,#7480,#7481);
#6360=AXIS2_PLACEMENT_3D('',#9718,#7482,#7483);
#6361=AXIS2_PLACEMENT_3D('',#9719,#7484,#7485);
#6362=AXIS2_PLACEMENT_3D('',#9720,#7486,#7487);
#6363=AXIS2_PLACEMENT_3D('',#9721,#7488,#7489);
#6364=AXIS2_PLACEMENT_3D('',#9722,#7490,#7491);
#6365=AXIS2_PLACEMENT_3D('',#9730,#7493,#7494);
#6366=AXIS2_PLACEMENT_3D('',#9749,#7504,#7505);
#6367=AXIS2_PLACEMENT_3D('',#9765,#7509,#7510);
#6368=AXIS2_PLACEMENT_3D('',#9767,#7512,#7513);
#6369=AXIS2_PLACEMENT_3D('',#9772,#7514,#7515);
#6370=AXIS2_PLACEMENT_3D('',#9773,#7516,#7517);
#6371=AXIS2_PLACEMENT_3D('',#9775,#7519,#7520);
#6372=AXIS2_PLACEMENT_3D('',#9777,#7522,#7523);
#6373=AXIS2_PLACEMENT_3D('',#9779,#7525,#7526);
#6374=AXIS2_PLACEMENT_3D('',#9781,#7528,#7529);
#6375=AXIS2_PLACEMENT_3D('',#9783,#7531,#7532);
#6376=AXIS2_PLACEMENT_3D('',#9785,#7534,#7535);
#6377=AXIS2_PLACEMENT_3D('',#9786,#7536,#7537);
#6378=AXIS2_PLACEMENT_3D('',#9805,#7547,#7548);
#6379=AXIS2_PLACEMENT_3D('',#9808,#7551,#7552);
#6380=AXIS2_PLACEMENT_3D('',#9810,#7554,#7555);
#6381=AXIS2_PLACEMENT_3D('',#9812,#7557,#7558);
#6382=AXIS2_PLACEMENT_3D('',#9814,#7560,#7561);
#6383=AXIS2_PLACEMENT_3D('',#9816,#7563,#7564);
#6384=AXIS2_PLACEMENT_3D('',#9818,#7566,#7567);
#6385=AXIS2_PLACEMENT_3D('',#9820,#7569,#7570);
#6386=AXIS2_PLACEMENT_3D('',#9822,#7572,#7573);
#6387=AXIS2_PLACEMENT_3D('',#9823,#7574,#7575);
#6388=AXIS2_PLACEMENT_3D('',#9837,#7576,#7577);
#6389=AXIS2_PLACEMENT_3D('',#9839,#7578,#7579);
#6390=AXIS2_PLACEMENT_3D('',#9841,#7580,#7581);
#6391=AXIS2_PLACEMENT_3D('',#9847,#7582,#7583);
#6392=AXIS2_PLACEMENT_3D('',#9849,#7584,#7585);
#6393=AXIS2_PLACEMENT_3D('',#9853,#7587,#7588);
#6394=AXIS2_PLACEMENT_3D('',#9855,#7589,#7590);
#6395=AXIS2_PLACEMENT_3D('',#9865,#7591,#7592);
#6396=AXIS2_PLACEMENT_3D('',#9867,#7593,#7594);
#6397=AXIS2_PLACEMENT_3D('',#9877,#7595,#7596);
#6398=AXIS2_PLACEMENT_3D('',#9879,#7597,#7598);
#6399=AXIS2_PLACEMENT_3D('',#9889,#7599,#7600);
#6400=AXIS2_PLACEMENT_3D('',#9891,#7601,#7602);
#6401=AXIS2_PLACEMENT_3D('',#9952,#7610,#7611);
#6402=AXIS2_PLACEMENT_3D('',#9954,#7613,#7614);
#6403=AXIS2_PLACEMENT_3D('',#9959,#7615,#7616);
#6404=AXIS2_PLACEMENT_3D('',#9985,#7618,#7619);
#6405=AXIS2_PLACEMENT_3D('',#9990,#7620,#7621);
#6406=AXIS2_PLACEMENT_3D('',#10016,#7623,#7624);
#6407=AXIS2_PLACEMENT_3D('',#10021,#7625,#7626);
#6408=AXIS2_PLACEMENT_3D('',#10047,#7628,#7629);
#6409=AXIS2_PLACEMENT_3D('',#10052,#7630,#7631);
#6410=AXIS2_PLACEMENT_3D('',#10054,#7633,#7634);
#6411=AXIS2_PLACEMENT_3D('',#10056,#7636,#7637);
#6412=AXIS2_PLACEMENT_3D('',#10061,#7638,#7639);
#6413=AXIS2_PLACEMENT_3D('',#10078,#7640,#7641);
#6414=AXIS2_PLACEMENT_3D('',#10083,#7642,#7643);
#6415=AXIS2_PLACEMENT_3D('',#10088,#7644,#7645);
#6416=AXIS2_PLACEMENT_3D('',#10101,#7646,#7647);
#6417=AXIS2_PLACEMENT_3D('',#10102,#7648,#7649);
#6418=AXIS2_PLACEMENT_3D('',#10110,#7651,#7652);
#6419=AXIS2_PLACEMENT_3D('',#10129,#7662,#7663);
#6420=AXIS2_PLACEMENT_3D('',#10145,#7667,#7668);
#6421=AXIS2_PLACEMENT_3D('',#10147,#7670,#7671);
#6422=AXIS2_PLACEMENT_3D('',#10152,#7672,#7673);
#6423=AXIS2_PLACEMENT_3D('',#10153,#7674,#7675);
#6424=AXIS2_PLACEMENT_3D('',#10155,#7677,#7678);
#6425=AXIS2_PLACEMENT_3D('',#10157,#7680,#7681);
#6426=AXIS2_PLACEMENT_3D('',#10159,#7683,#7684);
#6427=AXIS2_PLACEMENT_3D('',#10161,#7686,#7687);
#6428=AXIS2_PLACEMENT_3D('',#10163,#7689,#7690);
#6429=AXIS2_PLACEMENT_3D('',#10165,#7692,#7693);
#6430=AXIS2_PLACEMENT_3D('',#10166,#7694,#7695);
#6431=AXIS2_PLACEMENT_3D('',#10174,#7699,#7700);
#6432=AXIS2_PLACEMENT_3D('',#10176,#7701,#7702);
#6433=AXIS2_PLACEMENT_3D('',#10207,#7716,#7717);
#6434=AXIS2_PLACEMENT_3D('',#10210,#7720,#7721);
#6435=AXIS2_PLACEMENT_3D('',#10212,#7723,#7724);
#6436=AXIS2_PLACEMENT_3D('',#10214,#7726,#7727);
#6437=AXIS2_PLACEMENT_3D('',#10225,#7730,#7731);
#6438=AXIS2_PLACEMENT_3D('',#10227,#7733,#7734);
#6439=AXIS2_PLACEMENT_3D('',#10229,#7736,#7737);
#6440=AXIS2_PLACEMENT_3D('',#10231,#7739,#7740);
#6441=AXIS2_PLACEMENT_3D('',#10233,#7742,#7743);
#6442=AXIS2_PLACEMENT_3D('',#10235,#7745,#7746);
#6443=AXIS2_PLACEMENT_3D('',#10237,#7748,#7749);
#6444=AXIS2_PLACEMENT_3D('',#10239,#7751,#7752);
#6445=AXIS2_PLACEMENT_3D('',#10241,#7754,#7755);
#6446=AXIS2_PLACEMENT_3D('',#10243,#7757,#7758);
#6447=AXIS2_PLACEMENT_3D('',#10245,#7760,#7761);
#6448=AXIS2_PLACEMENT_3D('',#10250,#7762,#7763);
#6449=AXIS2_PLACEMENT_3D('',#10255,#7764,#7765);
#6450=AXIS2_PLACEMENT_3D('',#10257,#7767,#7768);
#6451=AXIS2_PLACEMENT_3D('',#10258,#7769,#7770);
#6452=AXIS2_PLACEMENT_3D('',#10283,#7783,#7784);
#6453=AXIS2_PLACEMENT_3D('',#10286,#7787,#7788);
#6454=AXIS2_PLACEMENT_3D('',#10288,#7790,#7791);
#6455=AXIS2_PLACEMENT_3D('',#10290,#7793,#7794);
#6456=AXIS2_PLACEMENT_3D('',#10292,#7796,#7797);
#6457=AXIS2_PLACEMENT_3D('',#10294,#7799,#7800);
#6458=AXIS2_PLACEMENT_3D('',#10296,#7802,#7803);
#6459=AXIS2_PLACEMENT_3D('',#10298,#7805,#7806);
#6460=AXIS2_PLACEMENT_3D('',#10300,#7808,#7809);
#6461=AXIS2_PLACEMENT_3D('',#10302,#7811,#7812);
#6462=AXIS2_PLACEMENT_3D('',#10304,#7814,#7815);
#6463=AXIS2_PLACEMENT_3D('',#10306,#7817,#7818);
#6464=AXIS2_PLACEMENT_3D('',#10307,#7819,#7820);
#6465=AXIS2_PLACEMENT_3D('',#10308,#7821,#7822);
#6466=AXIS2_PLACEMENT_3D('',#10309,#7823,#7824);
#6467=AXIS2_PLACEMENT_3D('',#10310,#7825,#7826);
#6468=AXIS2_PLACEMENT_3D('',#10311,#7827,#7828);
#6469=AXIS2_PLACEMENT_3D('',#10312,#7829,#7830);
#6470=AXIS2_PLACEMENT_3D('',#10314,#7831,#7832);
#6471=AXIS2_PLACEMENT_3D('',#10316,#7833,#7834);
#6472=AXIS2_PLACEMENT_3D('',#10317,#7835,#7836);
#6473=AXIS2_PLACEMENT_3D('',#10319,#7837,#7838);
#6474=AXIS2_PLACEMENT_3D('',#10321,#7839,#7840);
#6475=AXIS2_PLACEMENT_3D('',#10323,#7841,#7842);
#6476=AXIS2_PLACEMENT_3D('',#10325,#7843,#7844);
#6477=AXIS2_PLACEMENT_3D('',#10327,#7845,#7846);
#6478=AXIS2_PLACEMENT_3D('',#10329,#7847,#7848);
#6479=AXIS2_PLACEMENT_3D('',#10331,#7849,#7850);
#6480=AXIS2_PLACEMENT_3D('',#10333,#7851,#7852);
#6481=AXIS2_PLACEMENT_3D('',#10335,#7853,#7854);
#6482=AXIS2_PLACEMENT_3D('',#10336,#7855,#7856);
#6483=AXIS2_PLACEMENT_3D('',#10338,#7857,#7858);
#6484=AXIS2_PLACEMENT_3D('',#10340,#7859,#7860);
#6485=AXIS2_PLACEMENT_3D('',#10342,#7861,#7862);
#6486=AXIS2_PLACEMENT_3D('',#10344,#7863,#7864);
#6487=AXIS2_PLACEMENT_3D('',#10346,#7865,#7866);
#6488=AXIS2_PLACEMENT_3D('',#10348,#7867,#7868);
#6489=AXIS2_PLACEMENT_3D('',#10350,#7869,#7870);
#6490=AXIS2_PLACEMENT_3D('',#10352,#7871,#7872);
#6491=AXIS2_PLACEMENT_3D('',#10354,#7873,#7874);
#6492=AXIS2_PLACEMENT_3D('',#10356,#7875,#7876);
#6493=AXIS2_PLACEMENT_3D('',#10357,#7877,#7878);
#6494=AXIS2_PLACEMENT_3D('',#10358,#7879,#7880);
#6495=AXIS2_PLACEMENT_3D('',#10359,#7881,#7882);
#6496=AXIS2_PLACEMENT_3D('',#10361,#7883,#7884);
#6497=AXIS2_PLACEMENT_3D('',#10363,#7885,#7886);
#6498=AXIS2_PLACEMENT_3D('',#10364,#7887,#7888);
#6499=AXIS2_PLACEMENT_3D('',#10365,#7889,#7890);
#6500=AXIS2_PLACEMENT_3D('',#10367,#7891,#7892);
#6501=AXIS2_PLACEMENT_3D('',#10369,#7893,#7894);
#6502=AXIS2_PLACEMENT_3D('',#10370,#7895,#7896);
#6503=AXIS2_PLACEMENT_3D('',#10371,#7897,#7898);
#6504=AXIS2_PLACEMENT_3D('',#10373,#7899,#7900);
#6505=AXIS2_PLACEMENT_3D('',#10375,#7901,#7902);
#6506=AXIS2_PLACEMENT_3D('',#10376,#7903,#7904);
#6507=AXIS2_PLACEMENT_3D('',#10377,#7905,#7906);
#6508=AXIS2_PLACEMENT_3D('',#10379,#7907,#7908);
#6509=AXIS2_PLACEMENT_3D('',#10381,#7909,#7910);
#6510=AXIS2_PLACEMENT_3D('',#10382,#7911,#7912);
#6511=AXIS2_PLACEMENT_3D('',#10383,#7913,#7914);
#6512=AXIS2_PLACEMENT_3D('',#10385,#7915,#7916);
#6513=AXIS2_PLACEMENT_3D('',#10387,#7917,#7918);
#6514=AXIS2_PLACEMENT_3D('',#10388,#7919,#7920);
#6515=AXIS2_PLACEMENT_3D('',#10389,#7921,#7922);
#6516=AXIS2_PLACEMENT_3D('',#10391,#7923,#7924);
#6517=AXIS2_PLACEMENT_3D('',#10393,#7925,#7926);
#6518=AXIS2_PLACEMENT_3D('',#10394,#7927,#7928);
#6519=AXIS2_PLACEMENT_3D('',#10395,#7929,#7930);
#6520=AXIS2_PLACEMENT_3D('',#10397,#7931,#7932);
#6521=AXIS2_PLACEMENT_3D('',#10399,#7933,#7934);
#6522=AXIS2_PLACEMENT_3D('',#10400,#7935,#7936);
#6523=AXIS2_PLACEMENT_3D('',#10401,#7937,#7938);
#6524=AXIS2_PLACEMENT_3D('',#10403,#7939,#7940);
#6525=AXIS2_PLACEMENT_3D('',#10405,#7941,#7942);
#6526=AXIS2_PLACEMENT_3D('',#10406,#7943,#7944);
#6527=AXIS2_PLACEMENT_3D('',#10407,#7945,#7946);
#6528=AXIS2_PLACEMENT_3D('',#10409,#7947,#7948);
#6529=AXIS2_PLACEMENT_3D('',#10411,#7949,#7950);
#6530=AXIS2_PLACEMENT_3D('',#10412,#7951,#7952);
#6531=AXIS2_PLACEMENT_3D('',#10413,#7953,#7954);
#6532=AXIS2_PLACEMENT_3D('',#10415,#7955,#7956);
#6533=AXIS2_PLACEMENT_3D('',#10417,#7957,#7958);
#6534=AXIS2_PLACEMENT_3D('',#10418,#7959,#7960);
#6535=AXIS2_PLACEMENT_3D('',#10419,#7961,#7962);
#6536=AXIS2_PLACEMENT_3D('',#10421,#7963,#7964);
#6537=AXIS2_PLACEMENT_3D('',#10423,#7965,#7966);
#6538=AXIS2_PLACEMENT_3D('',#10424,#7967,#7968);
#6539=AXIS2_PLACEMENT_3D('',#10425,#7969,#7970);
#6540=AXIS2_PLACEMENT_3D('',#10427,#7971,#7972);
#6541=AXIS2_PLACEMENT_3D('',#10429,#7973,#7974);
#6542=AXIS2_PLACEMENT_3D('',#10430,#7975,#7976);
#6543=AXIS2_PLACEMENT_3D('',#10431,#7977,#7978);
#6544=AXIS2_PLACEMENT_3D('',#10433,#7979,#7980);
#6545=AXIS2_PLACEMENT_3D('',#10435,#7981,#7982);
#6546=AXIS2_PLACEMENT_3D('',#10436,#7983,#7984);
#6547=AXIS2_PLACEMENT_3D('',#10437,#7985,#7986);
#6548=AXIS2_PLACEMENT_3D('',#10439,#7987,#7988);
#6549=AXIS2_PLACEMENT_3D('',#10441,#7989,#7990);
#6550=AXIS2_PLACEMENT_3D('',#10442,#7991,#7992);
#6551=AXIS2_PLACEMENT_3D('',#10443,#7993,#7994);
#6552=AXIS2_PLACEMENT_3D('',#10445,#7995,#7996);
#6553=AXIS2_PLACEMENT_3D('',#10447,#7997,#7998);
#6554=AXIS2_PLACEMENT_3D('',#10448,#7999,#8000);
#6555=AXIS2_PLACEMENT_3D('',#10449,#8001,#8002);
#6556=AXIS2_PLACEMENT_3D('',#10451,#8003,#8004);
#6557=AXIS2_PLACEMENT_3D('',#10453,#8005,#8006);
#6558=AXIS2_PLACEMENT_3D('',#10454,#8007,#8008);
#6559=AXIS2_PLACEMENT_3D('',#10455,#8009,#8010);
#6560=AXIS2_PLACEMENT_3D('',#10456,#8011,#8012);
#6561=AXIS2_PLACEMENT_3D('',#10457,#8013,#8014);
#6562=AXIS2_PLACEMENT_3D('',#10458,#8015,#8016);
#6563=AXIS2_PLACEMENT_3D('',#10459,#8017,#8018);
#6564=AXIS2_PLACEMENT_3D('',#10460,#8019,#8020);
#6565=AXIS2_PLACEMENT_3D('',#10461,#8021,#8022);
#6566=AXIS2_PLACEMENT_3D('',#10462,#8023,#8024);
#6567=AXIS2_PLACEMENT_3D('',#10463,#8025,#8026);
#6568=AXIS2_PLACEMENT_3D('',#10464,#8027,#8028);
#6569=AXIS2_PLACEMENT_3D('',#10465,#8029,#8030);
#6570=AXIS2_PLACEMENT_3D('',#10466,#8031,#8032);
#6571=AXIS2_PLACEMENT_3D('',#10467,#8033,#8034);
#6572=AXIS2_PLACEMENT_3D('',#10468,#8035,#8036);
#6573=AXIS2_PLACEMENT_3D('',#10469,#8037,#8038);
#6574=AXIS2_PLACEMENT_3D('',#10470,#8039,#8040);
#6575=AXIS2_PLACEMENT_3D('',#10471,#8041,#8042);
#6576=AXIS2_PLACEMENT_3D('',#10472,#8043,#8044);
#6577=DIRECTION('',(0.,0.,1.));
#6578=DIRECTION('',(1.,0.,0.));
#6579=DIRECTION('',(0.,0.,-1.));
#6580=DIRECTION('',(-1.,0.,0.));
#6581=DIRECTION('',(0.,0.,1.));
#6582=DIRECTION('',(1.,0.,0.));
#6583=DIRECTION('',(0.,0.,1.));
#6584=DIRECTION('',(1.,0.,0.));
#6585=DIRECTION('',(0.,0.,1.));
#6586=DIRECTION('',(1.,0.,0.));
#6587=DIRECTION('',(0.,0.,1.));
#6588=DIRECTION('',(1.,0.,0.));
#6589=DIRECTION('',(0.,0.,1.));
#6590=DIRECTION('',(1.,0.,0.));
#6591=DIRECTION('',(0.,0.,1.));
#6592=DIRECTION('',(1.,0.,0.));
#6593=DIRECTION('',(0.,0.,-1.));
#6594=DIRECTION('',(-1.,0.,0.));
#6595=DIRECTION('',(0.,0.,1.));
#6596=DIRECTION('',(1.,0.,0.));
#6597=DIRECTION('',(0.,0.,-1.));
#6598=DIRECTION('',(-1.,0.,0.));
#6599=DIRECTION('',(0.,0.,1.));
#6600=DIRECTION('',(1.,0.,0.));
#6601=DIRECTION('',(0.,0.,-1.));
#6602=DIRECTION('',(-1.,0.,0.));
#6603=DIRECTION('',(0.,0.,1.));
#6604=DIRECTION('',(1.,0.,0.));
#6605=DIRECTION('',(0.,0.,1.));
#6606=DIRECTION('',(1.,0.,0.));
#6607=DIRECTION('',(0.,0.,1.));
#6608=DIRECTION('',(1.,0.,0.));
#6609=DIRECTION('',(0.,0.,1.));
#6610=DIRECTION('',(1.,0.,0.));
#6611=DIRECTION('',(0.,0.,1.));
#6612=DIRECTION('',(1.,0.,0.));
#6613=DIRECTION('',(0.,0.,1.));
#6614=DIRECTION('',(1.,0.,0.));
#6615=DIRECTION('',(-0.995494327420715,0.0948211161776696,0.));
#6616=DIRECTION('',(-0.0948211161776696,-0.995494327420714,0.));
#6617=DIRECTION('',(0.,0.,1.));
#6618=DIRECTION('',(-0.0948211161776696,-0.995494327420714,0.));
#6619=DIRECTION('',(0.,0.,1.));
#6620=DIRECTION('',(-0.0948211161776696,-0.995494327420714,0.));
#6621=DIRECTION('',(-0.0948211161776696,-0.995494327420715,0.));
#6622=DIRECTION('',(0.995494327420714,-0.0948211161776696,0.));
#6623=DIRECTION('',(0.995494327420714,-0.0948211161776696,0.));
#6624=DIRECTION('',(0.,0.,1.));
#6625=DIRECTION('',(0.995494327420714,-0.0948211161776696,0.));
#6626=DIRECTION('',(0.995494327420715,-0.0948211161776696,0.));
#6627=DIRECTION('',(0.0948211161776696,0.995494327420714,0.));
#6628=DIRECTION('',(0.0948211161776696,0.995494327420714,0.));
#6629=DIRECTION('',(0.,0.,1.));
#6630=DIRECTION('',(-0.0948211161776696,-0.995494327420714,0.));
#6631=DIRECTION('',(0.0948211161776696,0.995494327420715,0.));
#6632=DIRECTION('',(-0.995494327420714,0.0948211161776696,0.));
#6633=DIRECTION('',(-0.995494327420714,0.0948211161776696,0.));
#6634=DIRECTION('',(0.995494327420714,-0.0948211161776696,0.));
#6635=DIRECTION('',(0.,0.,1.));
#6636=DIRECTION('',(-0.0948211161776696,-0.995494327420714,0.));
#6637=DIRECTION('',(-0.943234362325505,0.332127893631952,0.));
#6638=DIRECTION('',(-0.332127893631952,-0.943234362325505,0.));
#6639=DIRECTION('',(0.,0.,1.));
#6640=DIRECTION('',(-0.332127893631952,-0.943234362325505,0.));
#6641=DIRECTION('',(0.,0.,1.));
#6642=DIRECTION('',(-0.332127893631952,-0.943234362325505,0.));
#6643=DIRECTION('',(0.332127893631952,0.943234362325505,0.));
#6644=DIRECTION('',(-0.943234362325505,0.332127893631952,0.));
#6645=DIRECTION('',(-0.943234362325505,0.332127893631952,0.));
#6646=DIRECTION('',(0.,0.,1.));
#6647=DIRECTION('',(0.943234362325504,-0.332127893631952,0.));
#6648=DIRECTION('',(-0.943234362325505,0.332127893631952,0.));
#6649=DIRECTION('',(-0.332127893631952,-0.943234362325505,0.));
#6650=DIRECTION('',(-0.332127893631952,-0.943234362325505,0.));
#6651=DIRECTION('',(0.,0.,1.));
#6652=DIRECTION('',(-0.332127893631952,-0.943234362325505,0.));
#6653=DIRECTION('',(-0.332127893631952,-0.943234362325505,0.));
#6654=DIRECTION('',(0.943234362325505,-0.332127893631952,0.));
#6655=DIRECTION('',(0.943234362325505,-0.332127893631952,0.));
#6656=DIRECTION('',(0.,0.,1.));
#6657=DIRECTION('',(0.943234362325504,-0.332127893631952,0.));
#6658=DIRECTION('',(0.943234362325505,-0.332127893631952,0.));
#6659=DIRECTION('',(0.332127893631952,0.943234362325505,0.));
#6660=DIRECTION('',(0.332127893631952,0.943234362325505,0.));
#6661=DIRECTION('',(0.,0.,1.));
#6662=DIRECTION('',(-0.332127893631952,-0.943234362325505,0.));
#6663=DIRECTION('',(0.332127893631952,0.943234362325505,0.));
#6664=DIRECTION('',(-0.943234362325505,0.332127893631952,0.));
#6665=DIRECTION('',(-0.943234362325505,0.332127893631952,0.));
#6666=DIRECTION('',(0.943234362325504,-0.332127893631952,0.));
#6667=DIRECTION('',(0.,0.,1.));
#6668=DIRECTION('',(-0.332127893631952,-0.943234362325505,0.));
#6669=DIRECTION('',(-0.776484165925807,0.630136762986024,0.));
#6670=DIRECTION('',(-0.630136762986024,-0.776484165925807,0.));
#6671=DIRECTION('',(0.,0.,1.));
#6672=DIRECTION('',(-0.630136762986024,-0.776484165925807,0.));
#6673=DIRECTION('',(0.,0.,1.));
#6674=DIRECTION('',(-0.630136762986024,-0.776484165925807,0.));
#6675=DIRECTION('',(-0.852004124809737,-0.523535071706944,0.));
#6676=DIRECTION('',(0.523535071706943,-0.852004124809737,0.));
#6677=DIRECTION('',(0.523535071706943,-0.852004124809737,0.));
#6678=DIRECTION('',(0.,0.,1.));
#6679=DIRECTION('',(0.523535071706943,-0.852004124809737,0.));
#6680=DIRECTION('',(0.776484165925807,-0.630136762986024,0.));
#6681=DIRECTION('',(0.630136762986024,0.776484165925807,0.));
#6682=DIRECTION('',(0.630136762986024,0.776484165925807,0.));
#6683=DIRECTION('',(0.,0.,1.));
#6684=DIRECTION('',(-0.630136762986024,-0.776484165925807,0.));
#6685=DIRECTION('',(0.828856384532118,0.559461431932842,0.));
#6686=DIRECTION('',(-0.559461431932841,0.828856384532118,0.));
#6687=DIRECTION('',(-0.559461431932841,0.828856384532118,0.));
#6688=DIRECTION('',(0.,0.,1.));
#6689=DIRECTION('',(-0.559461431932841,0.828856384532118,0.));
#6690=DIRECTION('',(0.776484165925807,-0.630136762986024,0.));
#6691=DIRECTION('',(0.630136762986024,0.776484165925807,0.));
#6692=DIRECTION('',(0.630136762986024,0.776484165925807,0.));
#6693=DIRECTION('',(0.,0.,1.));
#6694=DIRECTION('',(-0.630136762986024,-0.776484165925807,0.));
#6695=DIRECTION('',(-0.376854635671898,-0.926272413263291,0.));
#6696=DIRECTION('',(0.926272413263291,-0.376854635671898,0.));
#6697=DIRECTION('',(0.926272413263291,-0.376854635671898,0.));
#6698=DIRECTION('',(0.,0.,1.));
#6699=DIRECTION('',(0.926272413263291,-0.376854635671898,0.));
#6700=DIRECTION('',(0.776484165925807,-0.630136762986024,0.));
#6701=DIRECTION('',(0.630136762986024,0.776484165925807,0.));
#6702=DIRECTION('',(0.630136762986024,0.776484165925807,0.));
#6703=DIRECTION('',(0.,0.,1.));
#6704=DIRECTION('',(-0.630136762986024,-0.776484165925807,0.));
#6705=DIRECTION('',(0.,0.,1.));
#6706=DIRECTION('',(0.407577413984159,0.913170658535405,0.));
#6707=DIRECTION('',(0.,0.,1.));
#6708=DIRECTION('',(1.,0.,0.));
#6709=DIRECTION('',(0.,0.,1.));
#6710=DIRECTION('',(1.,0.,0.));
#6711=DIRECTION('',(-0.372523903683376,-0.928022597345829,-2.63906958302484E-25));
#6712=DIRECTION('',(-0.928022597345829,0.372523903683376,2.9052282162178E-16));
#6713=DIRECTION('',(-0.928022597345829,0.372523903683376,0.));
#6714=DIRECTION('',(-1.74072264556908E-25,-2.14500034111302E-25,1.));
#6715=DIRECTION('',(-0.928022597345829,0.372523903683376,2.9052282162178E-16));
#6716=DIRECTION('',(-0.776484165925807,0.630136762986024,0.));
#6717=DIRECTION('',(-0.630136762986024,-0.776484165925807,0.));
#6718=DIRECTION('',(-0.630136762986024,-0.776484165925807,0.));
#6719=DIRECTION('',(0.,0.,1.));
#6720=DIRECTION('',(-0.630136762986024,-0.776484165925807,0.));
#6721=DIRECTION('',(0.335837020491748,0.94192011108545,0.));
#6722=DIRECTION('',(-0.941920111085449,0.335837020491748,0.));
#6723=DIRECTION('',(-0.941920111085449,0.335837020491748,0.));
#6724=DIRECTION('',(-0.941920111085449,0.335837020491748,0.));
#6725=DIRECTION('',(0.,0.,1.));
#6726=DIRECTION('',(-0.630136762986024,-0.776484165925807,0.));
#6727=DIRECTION('',(0.,0.,1.));
#6728=DIRECTION('',(1.,0.,0.));
#6729=DIRECTION('',(0.,0.,1.));
#6730=DIRECTION('',(1.,0.,0.));
#6731=DIRECTION('',(-0.938146685858036,0.346238062340902,0.));
#6732=DIRECTION('',(0.0535304240871242,0.998566218984526,0.));
#6733=DIRECTION('',(-0.732815621947084,0.680427265936859,0.));
#6734=DIRECTION('',(-0.680427265936859,-0.732815621947083,0.));
#6735=DIRECTION('',(0.,0.,1.));
#6736=DIRECTION('',(-0.680427265936859,-0.732815621947083,0.));
#6737=DIRECTION('',(-0.680427265936859,-0.732815621947083,0.));
#6738=DIRECTION('',(0.,0.,1.));
#6739=DIRECTION('',(0.75581337254041,-0.65478709966606,0.));
#6740=DIRECTION('',(0.,0.,1.));
#6741=DIRECTION('',(1.,0.,0.));
#6742=DIRECTION('',(0.,0.,1.));
#6743=DIRECTION('',(0.,0.,1.));
#6744=DIRECTION('',(1.,0.,0.));
#6745=DIRECTION('',(0.680427265936859,0.732815621947084,0.));
#6746=DIRECTION('',(-0.732815621947083,0.680427265936859,0.));
#6747=DIRECTION('',(-0.732815621947083,0.680427265936859,0.));
#6748=DIRECTION('',(0.,0.,1.));
#6749=DIRECTION('',(-0.732815621947083,0.680427265936859,0.));
#6750=DIRECTION('',(0.975254305352794,-0.221086046350375,0.));
#6751=DIRECTION('',(0.221086046350375,0.975254305352793,0.));
#6752=DIRECTION('',(0.221086046350375,0.975254305352793,0.));
#6753=DIRECTION('',(0.,0.,1.));
#6754=DIRECTION('',(0.221086046350375,0.975254305352793,0.));
#6755=DIRECTION('',(0.680427265936859,0.732815621947084,0.));
#6756=DIRECTION('',(-0.732815621947083,0.680427265936859,0.));
#6757=DIRECTION('',(-0.732815621947083,0.680427265936859,0.));
#6758=DIRECTION('',(0.,0.,1.));
#6759=DIRECTION('',(-0.732815621947083,0.680427265936859,0.));
#6760=DIRECTION('',(-0.732815621947084,0.680427265936859,0.));
#6761=DIRECTION('',(-0.680427265936859,-0.732815621947083,0.));
#6762=DIRECTION('',(-0.680427265936859,-0.732815621947083,0.));
#6763=DIRECTION('',(0.,0.,1.));
#6764=DIRECTION('',(-0.680427265936859,-0.732815621947083,0.));
#6765=DIRECTION('',(-0.680427265936859,-0.732815621947084,0.));
#6766=DIRECTION('',(0.732815621947083,-0.680427265936859,0.));
#6767=DIRECTION('',(0.732815621947083,-0.680427265936859,0.));
#6768=DIRECTION('',(0.,0.,1.));
#6769=DIRECTION('',(-0.732815621947083,0.680427265936859,0.));
#6770=DIRECTION('',(0.732815621947084,-0.680427265936859,0.));
#6771=DIRECTION('',(0.680427265936859,0.732815621947083,0.));
#6772=DIRECTION('',(0.680427265936859,0.732815621947083,0.));
#6773=DIRECTION('',(0.,0.,1.));
#6774=DIRECTION('',(-0.680427265936859,-0.732815621947083,0.));
#6775=DIRECTION('',(0.,0.,1.));
#6776=DIRECTION('',(-0.680427265936859,-0.732815621947084,0.));
#6777=DIRECTION('',(0.732815621947083,-0.680427265936859,0.));
#6778=DIRECTION('',(0.732815621947083,-0.680427265936859,0.));
#6779=DIRECTION('',(0.,0.,1.));
#6780=DIRECTION('',(-0.732815621947083,0.680427265936859,0.));
#6781=DIRECTION('',(-0.974494876034934,0.224409751529783,0.));
#6782=DIRECTION('',(-0.224409751529783,-0.974494876034933,0.));
#6783=DIRECTION('',(-0.224409751529783,-0.974494876034933,0.));
#6784=DIRECTION('',(0.,0.,1.));
#6785=DIRECTION('',(-0.224409751529783,-0.974494876034933,0.));
#6786=DIRECTION('',(-0.680427265936859,-0.732815621947084,0.));
#6787=DIRECTION('',(0.732815621947083,-0.680427265936859,0.));
#6788=DIRECTION('',(0.732815621947083,-0.680427265936859,0.));
#6789=DIRECTION('',(0.,0.,1.));
#6790=DIRECTION('',(-0.732815621947083,0.680427265936859,0.));
#6791=DIRECTION('',(0.732815621947084,-0.680427265936859,0.));
#6792=DIRECTION('',(0.680427265936859,0.732815621947083,0.));
#6793=DIRECTION('',(0.680427265936859,0.732815621947083,0.));
#6794=DIRECTION('',(0.,0.,1.));
#6795=DIRECTION('',(-0.680427265936859,-0.732815621947083,0.));
#6796=DIRECTION('',(0.680427265936859,0.732815621947084,0.));
#6797=DIRECTION('',(-0.732815621947083,0.680427265936859,0.));
#6798=DIRECTION('',(-0.732815621947083,0.680427265936859,0.));
#6799=DIRECTION('',(-0.732815621947083,0.680427265936859,0.));
#6800=DIRECTION('',(0.,0.,1.));
#6801=DIRECTION('',(-0.732815621947083,0.680427265936859,0.));
#6802=DIRECTION('',(0.866244112748225,0.499620993483101,0.));
#6803=DIRECTION('',(-0.499620993483101,0.866244112748224,0.));
#6804=DIRECTION('',(0.,0.,1.));
#6805=DIRECTION('',(-0.499620993483101,0.866244112748224,0.));
#6806=DIRECTION('',(0.,0.,1.));
#6807=DIRECTION('',(-0.499620993483101,0.866244112748224,0.));
#6808=DIRECTION('',(-0.499620993483101,0.866244112748225,0.));
#6809=DIRECTION('',(-0.866244112748224,-0.499620993483101,0.));
#6810=DIRECTION('',(-0.866244112748224,-0.499620993483101,0.));
#6811=DIRECTION('',(0.,0.,1.));
#6812=DIRECTION('',(-0.866244112748224,-0.499620993483101,0.));
#6813=DIRECTION('',(-0.866244112748225,-0.499620993483101,0.));
#6814=DIRECTION('',(0.499620993483101,-0.866244112748224,0.));
#6815=DIRECTION('',(0.499620993483101,-0.866244112748224,0.));
#6816=DIRECTION('',(0.,0.,1.));
#6817=DIRECTION('',(-0.499620993483101,0.866244112748224,0.));
#6818=DIRECTION('',(0.499620993483101,-0.866244112748225,0.));
#6819=DIRECTION('',(0.866244112748224,0.499620993483101,0.));
#6820=DIRECTION('',(0.866244112748224,0.499620993483101,0.));
#6821=DIRECTION('',(-0.866244112748224,-0.499620993483101,0.));
#6822=DIRECTION('',(0.,0.,1.));
#6823=DIRECTION('',(-0.499620993483101,0.866244112748224,0.));
#6824=DIRECTION('',(0.968987210548232,0.247110877530629,0.));
#6825=DIRECTION('',(-0.247110877530629,0.968987210548231,0.));
#6826=DIRECTION('',(0.,0.,1.));
#6827=DIRECTION('',(-0.247110877530629,0.968987210548231,0.));
#6828=DIRECTION('',(0.,0.,1.));
#6829=DIRECTION('',(-0.247110877530629,0.968987210548231,0.));
#6830=DIRECTION('',(0.41078368347563,0.911732836630442,0.));
#6831=DIRECTION('',(-0.911732836630442,0.41078368347563,0.));
#6832=DIRECTION('',(-0.911732836630442,0.41078368347563,0.));
#6833=DIRECTION('',(0.,0.,1.));
#6834=DIRECTION('',(-0.911732836630442,0.41078368347563,0.));
#6835=DIRECTION('',(0.358346586132922,0.933588626862432,0.));
#6836=DIRECTION('',(-0.933588626862431,0.358346586132922,0.));
#6837=DIRECTION('',(-0.933588626862431,0.358346586132922,0.));
#6838=DIRECTION('',(0.,0.,1.));
#6839=DIRECTION('',(-0.933588626862431,0.358346586132922,0.));
#6840=DIRECTION('',(0.247110877530629,-0.968987210548232,0.));
#6841=DIRECTION('',(0.968987210548231,0.247110877530629,0.));
#6842=DIRECTION('',(0.968987210548231,0.247110877530629,0.));
#6843=DIRECTION('',(0.,0.,1.));
#6844=DIRECTION('',(-0.968987210548231,-0.247110877530629,0.));
#6845=DIRECTION('',(0.968987210548232,0.247110877530629,0.));
#6846=DIRECTION('',(-0.247110877530629,0.968987210548231,0.));
#6847=DIRECTION('',(-0.247110877530629,0.968987210548231,0.));
#6848=DIRECTION('',(0.,0.,1.));
#6849=DIRECTION('',(-0.247110877530629,0.968987210548231,0.));
#6850=DIRECTION('',(-0.247110877530629,0.968987210548232,0.));
#6851=DIRECTION('',(-0.968987210548231,-0.247110877530629,0.));
#6852=DIRECTION('',(-0.968987210548231,-0.247110877530629,0.));
#6853=DIRECTION('',(0.,0.,1.));
#6854=DIRECTION('',(-0.968987210548231,-0.247110877530629,0.));
#6855=DIRECTION('',(-0.968987210548232,-0.247110877530629,0.));
#6856=DIRECTION('',(0.247110877530629,-0.968987210548231,0.));
#6857=DIRECTION('',(0.247110877530629,-0.968987210548231,0.));
#6858=DIRECTION('',(0.,0.,1.));
#6859=DIRECTION('',(-0.247110877530629,0.968987210548231,0.));
#6860=DIRECTION('',(0.247110877530629,-0.968987210548232,0.));
#6861=DIRECTION('',(0.968987210548231,0.247110877530629,0.));
#6862=DIRECTION('',(0.968987210548231,0.247110877530629,0.));
#6863=DIRECTION('',(0.,0.,1.));
#6864=DIRECTION('',(-0.968987210548231,-0.247110877530629,0.));
#6865=DIRECTION('',(-0.642571093588069,-0.766226069567614,0.));
#6866=DIRECTION('',(0.766226069567613,-0.642571093588069,0.));
#6867=DIRECTION('',(0.766226069567613,-0.642571093588069,0.));
#6868=DIRECTION('',(0.,0.,1.));
#6869=DIRECTION('',(0.766226069567613,-0.642571093588069,0.));
#6870=DIRECTION('',(-0.721527215738007,0.692386075068931,0.));
#6871=DIRECTION('',(-0.692386075068931,-0.721527215738007,0.));
#6872=DIRECTION('',(-0.692386075068931,-0.721527215738007,0.));
#6873=DIRECTION('',(0.,0.,1.));
#6874=DIRECTION('',(-0.692386075068931,-0.721527215738007,0.));
#6875=DIRECTION('',(-0.968987210548232,-0.247110877530629,0.));
#6876=DIRECTION('',(0.247110877530629,-0.968987210548231,0.));
#6877=DIRECTION('',(0.247110877530629,-0.968987210548231,0.));
#6878=DIRECTION('',(0.,0.,1.));
#6879=DIRECTION('',(-0.247110877530629,0.968987210548231,0.));
#6880=DIRECTION('',(0.725853806924049,-0.687849003033271,0.));
#6881=DIRECTION('',(0.687849003033271,0.725853806924049,0.));
#6882=DIRECTION('',(0.687849003033271,0.725853806924049,0.));
#6883=DIRECTION('',(0.,0.,1.));
#6884=DIRECTION('',(0.687849003033271,0.725853806924049,0.));
#6885=DIRECTION('',(-0.405829227435173,-0.913948925355991,0.));
#6886=DIRECTION('',(0.913948925355991,-0.405829227435173,0.));
#6887=DIRECTION('',(0.913948925355991,-0.405829227435173,0.));
#6888=DIRECTION('',(0.913948925355991,-0.405829227435173,0.));
#6889=DIRECTION('',(0.,0.,1.));
#6890=DIRECTION('',(-0.247110877530629,0.968987210548231,0.));
#6891=DIRECTION('',(0.,0.,1.));
#6892=DIRECTION('',(0.,0.,1.));
#6893=DIRECTION('',(0.,0.,1.));
#6894=DIRECTION('',(0.,0.,1.));
#6895=DIRECTION('',(0.,0.,1.));
#6896=DIRECTION('',(0.991372582111553,-0.131074037999418,0.));
#6897=DIRECTION('',(0.131074037999417,0.991372582111552,0.));
#6898=DIRECTION('',(0.131074037999417,0.991372582111552,0.));
#6899=DIRECTION('',(0.,0.,1.));
#6900=DIRECTION('',(0.131074037999417,0.991372582111552,0.));
#6901=DIRECTION('',(-0.131074037999418,-0.991372582111553,0.));
#6902=DIRECTION('',(0.991372582111552,-0.131074037999417,0.));
#6903=DIRECTION('',(0.991372582111552,-0.131074037999417,0.));
#6904=DIRECTION('',(0.,0.,1.));
#6905=DIRECTION('',(-0.991372582111552,0.131074037999417,0.));
#6906=DIRECTION('',(-0.991372582111553,0.131074037999418,0.));
#6907=DIRECTION('',(-0.131074037999417,-0.991372582111552,0.));
#6908=DIRECTION('',(0.,0.,1.));
#6909=DIRECTION('',(-0.131074037999417,-0.991372582111552,0.));
#6910=DIRECTION('',(0.,0.,1.));
#6911=DIRECTION('',(0.131074037999417,0.991372582111552,0.));
#6912=DIRECTION('',(0.446028667842237,-0.895018674365446,0.));
#6913=DIRECTION('',(0.895018674365445,0.446028667842237,0.));
#6914=DIRECTION('',(0.895018674365445,0.446028667842237,0.));
#6915=DIRECTION('',(0.,0.,1.));
#6916=DIRECTION('',(0.895018674365445,0.446028667842237,0.));
#6917=DIRECTION('',(0.,0.,1.));
#6918=DIRECTION('',(0.420283635023318,0.907392784923699,0.));
#6919=DIRECTION('',(0.,0.,1.));
#6920=DIRECTION('',(1.,0.,0.));
#6921=DIRECTION('',(0.,0.,1.));
#6922=DIRECTION('',(1.,0.,0.));
#6923=DIRECTION('',(0.,0.,1.));
#6924=DIRECTION('',(0.,0.,1.));
#6925=DIRECTION('',(0.991372582111553,-0.131074037999418,0.));
#6926=DIRECTION('',(0.131074037999417,0.991372582111552,0.));
#6927=DIRECTION('',(0.131074037999417,0.991372582111552,0.));
#6928=DIRECTION('',(0.,0.,1.));
#6929=DIRECTION('',(0.131074037999417,0.991372582111552,0.));
#6930=DIRECTION('',(0.131074037999418,0.991372582111553,0.));
#6931=DIRECTION('',(-0.991372582111552,0.131074037999417,0.));
#6932=DIRECTION('',(-0.991372582111552,0.131074037999417,0.));
#6933=DIRECTION('',(0.,0.,1.));
#6934=DIRECTION('',(-0.991372582111552,0.131074037999417,0.));
#6935=DIRECTION('',(-0.991372582111553,0.131074037999418,0.));
#6936=DIRECTION('',(-0.131074037999417,-0.991372582111552,0.));
#6937=DIRECTION('',(-0.131074037999417,-0.991372582111552,0.));
#6938=DIRECTION('',(0.,0.,1.));
#6939=DIRECTION('',(0.131074037999417,0.991372582111552,0.));
#6940=DIRECTION('',(-0.131074037999418,-0.991372582111553,0.));
#6941=DIRECTION('',(0.991372582111552,-0.131074037999417,0.));
#6942=DIRECTION('',(0.991372582111552,-0.131074037999417,0.));
#6943=DIRECTION('',(0.,0.,1.));
#6944=DIRECTION('',(-0.991372582111552,0.131074037999417,0.));
#6945=DIRECTION('',(-0.991372582111553,0.131074037999418,0.));
#6946=DIRECTION('',(-0.131074037999417,-0.991372582111552,0.));
#6947=DIRECTION('',(-0.131074037999417,-0.991372582111552,0.));
#6948=DIRECTION('',(0.,0.,1.));
#6949=DIRECTION('',(0.131074037999417,0.991372582111552,0.));
#6950=DIRECTION('',(-0.412546295823676,0.910936635448462,0.));
#6951=DIRECTION('',(-0.910936635448462,-0.412546295823676,0.));
#6952=DIRECTION('',(-0.910936635448462,-0.412546295823676,0.));
#6953=DIRECTION('',(-0.910936635448462,-0.412546295823676,0.));
#6954=DIRECTION('',(-0.991372582111553,0.131074037999418,0.));
#6955=DIRECTION('',(-0.131074037999417,-0.991372582111552,0.));
#6956=DIRECTION('',(-0.131074037999417,-0.991372582111552,0.));
#6957=DIRECTION('',(0.131074037999417,0.991372582111552,0.));
#6958=DIRECTION('',(0.,0.,1.));
#6959=DIRECTION('',(0.131074037999417,0.991372582111552,0.));
#6960=DIRECTION('',(0.,0.,1.));
#6961=DIRECTION('',(1.,0.,0.));
#6962=DIRECTION('',(0.,0.,1.));
#6963=DIRECTION('',(0.,0.,1.));
#6964=DIRECTION('',(0.,0.,1.));
#6965=DIRECTION('',(0.,0.,1.));
#6966=DIRECTION('',(0.,0.,1.));
#6967=DIRECTION('',(-0.480707223687945,-0.876881157908088,0.));
#6968=DIRECTION('',(0.876881157908087,-0.480707223687945,0.));
#6969=DIRECTION('',(0.876881157908087,-0.480707223687945,0.));
#6970=DIRECTION('',(0.,0.,1.));
#6971=DIRECTION('',(-0.876881157908087,0.480707223687944,0.));
#6972=DIRECTION('',(0.876881157908088,-0.480707223687945,0.));
#6973=DIRECTION('',(0.480707223687945,0.876881157908087,0.));
#6974=DIRECTION('',(0.480707223687945,0.876881157908087,0.));
#6975=DIRECTION('',(0.,0.,1.));
#6976=DIRECTION('',(0.480707223687945,0.876881157908087,0.));
#6977=DIRECTION('',(0.480707223687945,0.876881157908088,0.));
#6978=DIRECTION('',(-0.876881157908087,0.480707223687945,0.));
#6979=DIRECTION('',(-0.876881157908087,0.480707223687945,0.));
#6980=DIRECTION('',(0.,0.,1.));
#6981=DIRECTION('',(-0.876881157908087,0.480707223687944,0.));
#6982=DIRECTION('',(0.,0.,1.));
#6983=DIRECTION('',(0.,0.,1.));
#6984=DIRECTION('',(0.,0.,1.));
#6985=DIRECTION('',(0.973491995532651,0.228721084803866,0.));
#6986=DIRECTION('',(0.,0.,1.));
#6987=DIRECTION('',(1.,0.,0.));
#6988=DIRECTION('',(0.,0.,1.));
#6989=DIRECTION('',(1.,0.,0.));
#6990=DIRECTION('',(0.,0.,1.));
#6991=DIRECTION('',(-0.480707223687945,-0.876881157908088,0.));
#6992=DIRECTION('',(0.876881157908087,-0.480707223687945,0.));
#6993=DIRECTION('',(0.876881157908087,-0.480707223687945,0.));
#6994=DIRECTION('',(0.,0.,1.));
#6995=DIRECTION('',(-0.876881157908087,0.480707223687944,0.));
#6996=DIRECTION('',(0.876881157908088,-0.480707223687945,0.));
#6997=DIRECTION('',(0.480707223687945,0.876881157908087,0.));
#6998=DIRECTION('',(0.480707223687945,0.876881157908087,0.));
#6999=DIRECTION('',(0.,0.,1.));
#7000=DIRECTION('',(0.480707223687945,0.876881157908087,0.));
#7001=DIRECTION('',(0.480707223687945,0.876881157908088,0.));
#7002=DIRECTION('',(-0.876881157908087,0.480707223687945,0.));
#7003=DIRECTION('',(-0.876881157908087,0.480707223687945,0.));
#7004=DIRECTION('',(-0.876881157908087,0.480707223687944,0.));
#7005=DIRECTION('',(0.,0.,1.));
#7006=DIRECTION('',(0.480707223687945,0.876881157908087,0.));
#7007=DIRECTION('',(0.,0.,1.));
#7008=DIRECTION('',(1.,0.,0.));
#7009=DIRECTION('',(-0.0308057504086036,-0.999525390243671,0.));
#7010=DIRECTION('',(-0.877374014728474,-0.479807084440444,0.));
#7011=DIRECTION('',(0.0637342996845072,0.997966902779709,0.));
#7012=DIRECTION('',(-0.887106588259757,0.461564622849428,0.));
#7013=DIRECTION('',(0.877374014728474,0.479807084440444,0.));
#7014=DIRECTION('',(0.868381101555558,-0.495897431391972,0.));
#7015=DIRECTION('',(0.0506171271629333,0.998718131625621,0.));
#7016=DIRECTION('',(0.877374014728474,0.479807084440444,0.));
#7017=DIRECTION('',(-0.0712711096939634,-0.997456980988649,0.));
#7018=DIRECTION('',(0.877491618274751,-0.479591972261378,0.));
#7019=DIRECTION('',(-0.877374014728474,-0.479807084440444,0.));
#7020=DIRECTION('',(-0.862292943073049,0.506409794856319,0.));
#7021=DIRECTION('',(0.,0.,1.));
#7022=DIRECTION('',(1.,0.,0.));
#7023=DIRECTION('',(0.996725238005751,0.0808628463657922,0.));
#7024=DIRECTION('',(0.234890180415233,0.972021914950738,0.));
#7025=DIRECTION('',(0.996725238005751,0.0808628463657922,0.));
#7026=DIRECTION('',(0.369753931963691,-0.929129716346103,0.));
#7027=DIRECTION('',(0.996725238005751,0.0808628463657922,0.));
#7028=DIRECTION('',(-0.0808628463657922,0.996725238005751,0.));
#7029=DIRECTION('',(0.996725238005751,0.0808628463657922,0.));
#7030=DIRECTION('',(0.0808628463657922,-0.996725238005751,0.));
#7031=DIRECTION('',(-0.996725238005751,-0.0808628463657922,0.));
#7032=DIRECTION('',(-0.371847114594692,0.928293985420353,0.));
#7033=DIRECTION('',(-0.996725238005751,-0.0808628463657922,0.));
#7034=DIRECTION('',(-0.234050457796734,-0.972224451042628,0.));
#7035=DIRECTION('',(-0.996725238005751,-0.0808628463657922,0.));
#7036=DIRECTION('',(-0.0808628463657922,0.996725238005751,0.));
#7037=DIRECTION('',(0.996725238005751,0.0808628463657922,0.));
#7038=DIRECTION('',(0.0808628463657922,-0.996725238005751,0.));
#7039=DIRECTION('',(0.,0.,1.));
#7040=DIRECTION('',(1.,0.,0.));
#7041=DIRECTION('',(-0.637793727852487,-0.770207219332581,0.));
#7042=DIRECTION('',(-0.938146685858036,0.346238062340902,0.));
#7043=DIRECTION('',(0.0143220556847833,0.999897434100599,0.));
#7044=DIRECTION('',(0.938146685858036,-0.346238062340902,0.));
#7045=DIRECTION('',(-0.0581941454736569,-0.998305284686298,0.));
#7046=DIRECTION('',(0.938146685858036,-0.346238062340902,0.));
#7047=DIRECTION('',(0.604301794931855,0.796755508698959,0.));
#7048=DIRECTION('',(0.938146685858036,-0.346238062340902,0.));
#7049=DIRECTION('',(-0.00690994750791695,0.999976126027735,0.));
#7050=DIRECTION('',(0.,0.,1.));
#7051=DIRECTION('',(1.,0.,0.));
#7052=DIRECTION('',(0.,0.,1.));
#7053=DIRECTION('',(1.,0.,0.));
#7054=DIRECTION('',(0.,0.,1.));
#7055=DIRECTION('',(1.,0.,0.));
#7056=DIRECTION('',(0.,0.,1.));
#7057=DIRECTION('',(1.,0.,0.));
#7058=DIRECTION('',(0.,0.,1.));
#7059=DIRECTION('',(1.,0.,0.));
#7060=DIRECTION('',(0.,0.,1.));
#7061=DIRECTION('',(1.,0.,0.));
#7062=DIRECTION('',(0.,0.,1.));
#7063=DIRECTION('',(1.,0.,0.));
#7064=DIRECTION('',(-0.375957756661738,-0.926636803286958,0.));
#7065=DIRECTION('',(0.,0.,1.));
#7066=DIRECTION('',(1.,0.,0.));
#7067=DIRECTION('',(0.,0.,1.));
#7068=DIRECTION('',(1.,0.,0.));
#7069=DIRECTION('',(0.,0.,1.));
#7070=DIRECTION('',(1.,0.,0.));
#7071=DIRECTION('',(0.,0.,1.));
#7072=DIRECTION('',(1.,0.,0.));
#7073=DIRECTION('',(0.,0.,1.));
#7074=DIRECTION('',(1.,0.,0.));
#7075=DIRECTION('',(0.625373014362587,0.78032595298827,0.));
#7076=DIRECTION('',(0.943573091007901,-0.331164342775297,0.));
#7077=DIRECTION('',(0.0016983272189443,-0.999998557841288,0.));
#7078=DIRECTION('',(-0.943573091007901,0.331164342775297,0.));
#7079=DIRECTION('',(0.0421936389341896,0.999109451878767,0.));
#7080=DIRECTION('',(-0.943573091007901,0.331164342775297,0.));
#7081=DIRECTION('',(-0.591460070921892,-0.806334288310419,0.));
#7082=DIRECTION('',(-0.943573091007901,0.331164342775297,0.));
#7083=DIRECTION('',(0.,0.,1.));
#7084=DIRECTION('',(1.,0.,0.));
#7085=DIRECTION('',(0.,0.,1.));
#7086=DIRECTION('',(1.,0.,0.));
#7087=DIRECTION('',(0.,0.,1.));
#7088=DIRECTION('',(1.,0.,0.));
#7089=DIRECTION('',(0.,0.,1.));
#7090=DIRECTION('',(1.,0.,0.));
#7091=DIRECTION('',(0.,0.,1.));
#7092=DIRECTION('',(1.,0.,0.));
#7093=DIRECTION('',(0.,0.,1.));
#7094=DIRECTION('',(1.,0.,0.));
#7095=DIRECTION('',(0.,0.,1.));
#7096=DIRECTION('',(1.,0.,0.));
#7097=DIRECTION('',(0.,0.,1.));
#7098=DIRECTION('',(1.,0.,0.));
#7099=DIRECTION('',(0.990217145664467,-0.13953495774219,0.));
#7100=DIRECTION('',(0.196787651999286,-0.980446133156028,0.));
#7101=DIRECTION('',(-0.859085515574777,-0.511832078839944,0.));
#7102=DIRECTION('',(-0.196787651999286,0.980446133156028,0.));
#7103=DIRECTION('',(0.88072217089775,0.47363325230515,0.));
#7104=DIRECTION('',(-0.196787651999286,0.980446133156028,0.));
#7105=DIRECTION('',(-0.995274877522128,0.0970974673887651,0.));
#7106=DIRECTION('',(-0.196787651999286,0.980446133156028,0.));
#7107=DIRECTION('',(0.845836310055886,0.533442533541376,0.));
#7108=DIRECTION('',(0.492675979686771,0.870212835483182,0.));
#7109=DIRECTION('',(0.533442533541376,-0.845836310055886,0.));
#7110=DIRECTION('',(-0.515612812384733,-0.856821701233521,0.));
#7111=DIRECTION('',(0.995611910238129,0.0935784387131031,0.));
#7112=DIRECTION('',(0.533442533541376,-0.845836310055886,0.));
#7113=DIRECTION('',(-0.997883203756428,-0.0650316204688646,0.));
#7114=DIRECTION('',(-0.845836310055886,-0.533442533541376,0.));
#7115=DIRECTION('',(-0.533442533541376,0.845836310055886,0.));
#7116=DIRECTION('',(0.625331262956989,0.780359411789604,0.));
#7117=DIRECTION('',(0.,0.,1.));
#7118=DIRECTION('',(1.,0.,0.));
#7119=DIRECTION('',(0.,0.,1.));
#7120=DIRECTION('',(1.,0.,0.));
#7121=DIRECTION('',(0.,0.,1.));
#7122=DIRECTION('',(1.,0.,0.));
#7123=DIRECTION('',(0.,0.,1.));
#7124=DIRECTION('',(1.,0.,0.));
#7125=DIRECTION('',(0.,0.,1.));
#7126=DIRECTION('',(1.,0.,0.));
#7127=DIRECTION('',(0.,0.,1.));
#7128=DIRECTION('',(1.,0.,0.));
#7129=DIRECTION('',(0.,0.,1.));
#7130=DIRECTION('',(1.,0.,0.));
#7131=DIRECTION('',(0.,0.,1.));
#7132=DIRECTION('',(1.,0.,0.));
#7133=DIRECTION('',(-0.876188432880493,-0.481968702393034,0.));
#7134=DIRECTION('',(0.,0.,1.));
#7135=DIRECTION('',(1.,0.,0.));
#7136=DIRECTION('',(0.,0.,1.));
#7137=DIRECTION('',(1.,0.,0.));
#7138=DIRECTION('',(0.,0.,1.));
#7139=DIRECTION('',(1.,0.,0.));
#7140=DIRECTION('',(0.,0.,1.));
#7141=DIRECTION('',(1.,0.,0.));
#7142=DIRECTION('',(0.,0.,1.));
#7143=DIRECTION('',(1.,0.,0.));
#7144=DIRECTION('',(-0.247418264974111,0.968908768748224,0.));
#7145=DIRECTION('',(0.968908768748224,0.247418264974111,0.));
#7146=DIRECTION('',(0.247418264974111,-0.968908768748224,0.));
#7147=DIRECTION('',(-0.968908768748224,-0.247418264974111,0.));
#7148=DIRECTION('',(-0.639083734789803,-0.769137165872977,0.));
#7149=DIRECTION('',(0.431355756329775,-0.902181917066158,0.));
#7150=DIRECTION('',(0.999894876260271,0.0144995320081945,0.));
#7151=DIRECTION('',(0.431355756329775,-0.902181917066158,0.));
#7152=DIRECTION('',(-0.902181917066158,-0.431355756329775,0.));
#7153=DIRECTION('',(-0.431355756329775,0.902181917066158,0.));
#7154=DIRECTION('',(0.639608331191462,0.768700970905119,0.));
#7155=DIRECTION('',(-0.431355756329775,0.902181917066158,0.));
#7156=DIRECTION('',(-0.999884751220676,-0.0151817086115687,0.));
#7157=DIRECTION('',(-0.431355756329775,0.902181917066158,0.));
#7158=DIRECTION('',(0.902181917066158,0.431355756329775,0.));
#7159=DIRECTION('',(0.431355756329775,-0.902181917066158,0.));
#7160=DIRECTION('',(0.755700132006093,0.654917789104841,0.));
#7161=DIRECTION('',(0.654917789104841,-0.755700132006093,0.));
#7162=DIRECTION('',(-0.755700132006093,-0.654917789104841,0.));
#7163=DIRECTION('',(0.654917789104841,-0.755700132006093,0.));
#7164=DIRECTION('',(-0.755700132006093,-0.654917789104841,0.));
#7165=DIRECTION('',(-0.654917789104841,0.755700132006093,0.));
#7166=DIRECTION('',(-0.755700132006093,-0.654917789104841,0.));
#7167=DIRECTION('',(-0.654917789104841,0.755700132006093,0.));
#7168=DIRECTION('',(-0.755700132006093,-0.654917789104841,0.));
#7169=DIRECTION('',(0.654917789104841,-0.755700132006093,0.));
#7170=DIRECTION('',(0.,0.,1.));
#7171=DIRECTION('',(0.,0.,1.));
#7172=DIRECTION('',(-0.654917789104841,0.755700132006092,0.));
#7173=DIRECTION('',(0.654917789104841,-0.755700132006093,0.));
#7174=DIRECTION('',(0.755700132006093,0.654917789104841,0.));
#7175=DIRECTION('',(0.,0.,1.));
#7176=DIRECTION('',(0.755700132006093,0.654917789104841,0.));
#7177=DIRECTION('',(0.755700132006093,0.654917789104841,0.));
#7178=DIRECTION('',(-0.654917789104841,0.755700132006093,0.));
#7179=DIRECTION('',(0.,0.,1.));
#7180=DIRECTION('',(-0.654917789104841,0.755700132006092,0.));
#7181=DIRECTION('',(-0.654917789104841,0.755700132006093,0.));
#7182=DIRECTION('',(-0.755700132006093,-0.654917789104841,0.));
#7183=DIRECTION('',(0.,0.,1.));
#7184=DIRECTION('',(0.755700132006093,0.654917789104841,0.));
#7185=DIRECTION('',(0.755700132006093,0.654917789104841,0.));
#7186=DIRECTION('',(-0.654917789104841,0.755700132006093,0.));
#7187=DIRECTION('',(0.,0.,1.));
#7188=DIRECTION('',(-0.654917789104841,0.755700132006092,0.));
#7189=DIRECTION('',(-0.654917789104841,0.755700132006093,0.));
#7190=DIRECTION('',(-0.755700132006093,-0.654917789104841,0.));
#7191=DIRECTION('',(0.,0.,1.));
#7192=DIRECTION('',(0.755700132006093,0.654917789104841,0.));
#7193=DIRECTION('',(-0.755700132006093,-0.654917789104841,0.));
#7194=DIRECTION('',(0.654917789104841,-0.755700132006093,0.));
#7195=DIRECTION('',(0.,0.,1.));
#7196=DIRECTION('',(-0.654917789104841,0.755700132006092,0.));
#7197=DIRECTION('',(-0.654917789104841,0.755700132006093,0.));
#7198=DIRECTION('',(-0.755700132006093,-0.654917789104841,0.));
#7199=DIRECTION('',(0.755700132006093,0.654917789104841,0.));
#7200=DIRECTION('',(0.,0.,1.));
#7201=DIRECTION('',(0.755700132006093,0.654917789104841,0.));
#7202=DIRECTION('',(-0.902181917066158,-0.431355756329775,0.));
#7203=DIRECTION('',(0.431355756329775,-0.902181917066158,0.));
#7204=DIRECTION('',(0.,0.,1.));
#7205=DIRECTION('',(0.,0.,1.));
#7206=DIRECTION('',(-0.431355756329774,0.902181917066157,0.));
#7207=DIRECTION('',(-0.769137165872978,0.639083734789804,0.));
#7208=DIRECTION('',(-0.639083734789803,-0.769137165872977,0.));
#7209=DIRECTION('',(0.,0.,1.));
#7210=DIRECTION('',(-0.639083734789803,-0.769137165872977,0.));
#7211=DIRECTION('',(-0.902181917066158,-0.431355756329775,0.));
#7212=DIRECTION('',(0.431355756329775,-0.902181917066158,0.));
#7213=DIRECTION('',(0.,0.,1.));
#7214=DIRECTION('',(-0.431355756329774,0.902181917066157,0.));
#7215=DIRECTION('',(0.431355756329775,-0.902181917066158,0.));
#7216=DIRECTION('',(0.902181917066158,0.431355756329775,0.));
#7217=DIRECTION('',(0.,0.,1.));
#7218=DIRECTION('',(0.902181917066158,0.431355756329775,0.));
#7219=DIRECTION('',(0.902181917066158,0.431355756329775,0.));
#7220=DIRECTION('',(-0.431355756329775,0.902181917066158,0.));
#7221=DIRECTION('',(0.,0.,1.));
#7222=DIRECTION('',(-0.431355756329774,0.902181917066157,0.));
#7223=DIRECTION('',(-0.0151817086115687,0.999884751220676,0.));
#7224=DIRECTION('',(-0.999884751220676,-0.0151817086115687,0.));
#7225=DIRECTION('',(0.,0.,1.));
#7226=DIRECTION('',(-0.999884751220676,-0.0151817086115687,0.));
#7227=DIRECTION('',(0.902181917066158,0.431355756329775,0.));
#7228=DIRECTION('',(-0.431355756329775,0.902181917066158,0.));
#7229=DIRECTION('',(0.,0.,1.));
#7230=DIRECTION('',(-0.431355756329774,0.902181917066157,0.));
#7231=DIRECTION('',(0.768700970905119,-0.639608331191462,0.));
#7232=DIRECTION('',(0.639608331191462,0.768700970905119,0.));
#7233=DIRECTION('',(0.,0.,1.));
#7234=DIRECTION('',(0.639608331191462,0.768700970905119,0.));
#7235=DIRECTION('',(0.902181917066158,0.431355756329775,0.));
#7236=DIRECTION('',(-0.431355756329775,0.902181917066158,0.));
#7237=DIRECTION('',(0.,0.,1.));
#7238=DIRECTION('',(-0.431355756329774,0.902181917066157,0.));
#7239=DIRECTION('',(-0.431355756329775,0.902181917066158,0.));
#7240=DIRECTION('',(-0.902181917066158,-0.431355756329775,0.));
#7241=DIRECTION('',(0.,0.,1.));
#7242=DIRECTION('',(0.902181917066158,0.431355756329775,0.));
#7243=DIRECTION('',(-0.902181917066158,-0.431355756329775,0.));
#7244=DIRECTION('',(0.431355756329775,-0.902181917066158,0.));
#7245=DIRECTION('',(0.,0.,1.));
#7246=DIRECTION('',(-0.431355756329774,0.902181917066157,0.));
#7247=DIRECTION('',(0.0144995320081945,-0.999894876260272,0.));
#7248=DIRECTION('',(0.999894876260271,0.0144995320081945,0.));
#7249=DIRECTION('',(0.999894876260271,0.0144995320081945,0.));
#7250=DIRECTION('',(0.,0.,1.));
#7251=DIRECTION('',(0.902181917066158,0.431355756329775,0.));
#7252=DIRECTION('',(0.247418264974111,-0.968908768748225,0.));
#7253=DIRECTION('',(0.968908768748224,0.247418264974111,0.));
#7254=DIRECTION('',(0.,0.,1.));
#7255=DIRECTION('',(0.,0.,1.));
#7256=DIRECTION('',(0.968908768748224,0.247418264974111,0.));
#7257=DIRECTION('',(0.968908768748225,0.247418264974111,0.));
#7258=DIRECTION('',(-0.247418264974111,0.968908768748224,0.));
#7259=DIRECTION('',(0.,0.,1.));
#7260=DIRECTION('',(-0.247418264974111,0.968908768748224,0.));
#7261=DIRECTION('',(-0.247418264974111,0.968908768748225,0.));
#7262=DIRECTION('',(-0.968908768748224,-0.247418264974111,0.));
#7263=DIRECTION('',(0.,0.,1.));
#7264=DIRECTION('',(0.968908768748224,0.247418264974111,0.));
#7265=DIRECTION('',(-0.968908768748225,-0.247418264974111,0.));
#7266=DIRECTION('',(0.247418264974111,-0.968908768748224,0.));
#7267=DIRECTION('',(-0.247418264974111,0.968908768748224,0.));
#7268=DIRECTION('',(0.,0.,1.));
#7269=DIRECTION('',(0.968908768748224,0.247418264974111,0.));
#7270=DIRECTION('',(0.,0.,1.));
#7271=DIRECTION('',(0.,0.,1.));
#7272=DIRECTION('',(-0.701716544977156,-0.712456237607141,0.));
#7273=DIRECTION('',(0.,0.,1.));
#7274=DIRECTION('',(1.,0.,0.));
#7275=DIRECTION('',(0.,0.,1.));
#7276=DIRECTION('',(-0.962827485809851,-0.270117071968953,0.));
#7277=DIRECTION('',(0.,0.,1.));
#7278=DIRECTION('',(1.,0.,0.));
#7279=DIRECTION('',(0.,0.,1.));
#7280=DIRECTION('',(-0.916131388318744,0.400878135269524,0.));
#7281=DIRECTION('',(0.,0.,1.));
#7282=DIRECTION('',(1.,0.,0.));
#7283=DIRECTION('',(0.,0.,1.));
#7284=DIRECTION('',(0.117432719187266,0.993080840850474,0.));
#7285=DIRECTION('',(0.,0.,1.));
#7286=DIRECTION('',(1.,0.,0.));
#7287=DIRECTION('',(0.,0.,1.));
#7288=DIRECTION('',(0.315725886884246,0.948850443616462,0.));
#7289=DIRECTION('',(0.,0.,1.));
#7290=DIRECTION('',(0.,0.,1.));
#7291=DIRECTION('',(1.,0.,0.));
#7292=DIRECTION('',(-0.926636803286959,0.375957756661738,0.));
#7293=DIRECTION('',(-0.375957756661738,-0.926636803286958,0.));
#7294=DIRECTION('',(0.,0.,1.));
#7295=DIRECTION('',(-0.375957756661738,-0.926636803286958,0.));
#7296=DIRECTION('',(0.,0.,1.));
#7297=DIRECTION('',(0.322398345956562,0.946604091753502,0.));
#7298=DIRECTION('',(0.,0.,1.));
#7299=DIRECTION('',(1.,0.,0.));
#7300=DIRECTION('',(0.,0.,1.));
#7301=DIRECTION('',(0.117162711727087,0.99311273226193,0.));
#7302=DIRECTION('',(0.,0.,1.));
#7303=DIRECTION('',(1.,0.,0.));
#7304=DIRECTION('',(0.,0.,1.));
#7305=DIRECTION('',(0.,0.,1.));
#7306=DIRECTION('',(-0.973038355852538,-0.230643356808278,0.));
#7307=DIRECTION('',(0.,0.,1.));
#7308=DIRECTION('',(1.,0.,0.));
#7309=DIRECTION('',(0.,0.,1.));
#7310=DIRECTION('',(-0.779758642326918,-0.62608023424836,0.));
#7311=DIRECTION('',(0.,0.,1.));
#7312=DIRECTION('',(1.,0.,0.));
#7313=DIRECTION('',(0.,0.,1.));
#7314=DIRECTION('',(0.,0.,1.));
#7315=DIRECTION('',(0.676210072336571,0.736708855702557,0.));
#7316=DIRECTION('',(0.,0.,1.));
#7317=DIRECTION('',(1.,0.,0.));
#7318=DIRECTION('',(0.,0.,1.));
#7319=DIRECTION('',(0.9513720355908,0.308044233667533,0.));
#7320=DIRECTION('',(0.,0.,1.));
#7321=DIRECTION('',(1.,0.,0.));
#7322=DIRECTION('',(0.,0.,1.));
#7323=DIRECTION('',(0.,0.,1.));
#7324=DIRECTION('',(-0.130328592049264,-0.991470855897669,0.));
#7325=DIRECTION('',(0.,0.,1.));
#7326=DIRECTION('',(1.,0.,0.));
#7327=DIRECTION('',(0.,0.,1.));
#7328=DIRECTION('',(0.999976126027736,0.00690994750791695,0.));
#7329=DIRECTION('',(-0.00690994750791695,0.999976126027735,0.));
#7330=DIRECTION('',(0.,0.,1.));
#7331=DIRECTION('',(-0.00690994750791694,0.999976126027735,0.));
#7332=DIRECTION('',(0.,0.,1.));
#7333=DIRECTION('',(0.,0.,1.));
#7334=DIRECTION('',(0.,0.,1.));
#7335=DIRECTION('',(0.,0.,1.));
#7336=DIRECTION('',(0.,0.,1.));
#7337=DIRECTION('',(0.999976126027735,0.00690994750791695,0.));
#7338=DIRECTION('',(-0.331164342775297,-0.943573091007901,0.));
#7339=DIRECTION('',(0.943573091007901,-0.331164342775297,0.));
#7340=DIRECTION('',(0.,0.,1.));
#7341=DIRECTION('',(0.,0.,1.));
#7342=DIRECTION('',(0.943573091007901,-0.331164342775297,0.));
#7343=DIRECTION('',(0.78032595298827,-0.625373014362587,0.));
#7344=DIRECTION('',(0.625373014362587,0.78032595298827,0.));
#7345=DIRECTION('',(0.,0.,1.));
#7346=DIRECTION('',(0.625373014362587,0.78032595298827,0.));
#7347=DIRECTION('',(0.331164342775297,0.943573091007901,0.));
#7348=DIRECTION('',(-0.943573091007901,0.331164342775297,0.));
#7349=DIRECTION('',(0.,0.,1.));
#7350=DIRECTION('',(0.943573091007901,-0.331164342775297,0.));
#7351=DIRECTION('',(-0.806334288310419,0.591460070921893,0.));
#7352=DIRECTION('',(-0.591460070921892,-0.806334288310419,0.));
#7353=DIRECTION('',(0.,0.,1.));
#7354=DIRECTION('',(-0.591460070921892,-0.806334288310419,0.));
#7355=DIRECTION('',(0.331164342775297,0.943573091007901,0.));
#7356=DIRECTION('',(-0.943573091007901,0.331164342775297,0.));
#7357=DIRECTION('',(0.,0.,1.));
#7358=DIRECTION('',(0.943573091007901,-0.331164342775297,0.));
#7359=DIRECTION('',(0.999109451878768,-0.0421936389341896,0.));
#7360=DIRECTION('',(0.0421936389341896,0.999109451878767,0.));
#7361=DIRECTION('',(0.,0.,1.));
#7362=DIRECTION('',(0.0421936389341896,0.999109451878767,0.));
#7363=DIRECTION('',(0.331164342775297,0.943573091007901,0.));
#7364=DIRECTION('',(-0.943573091007901,0.331164342775297,0.));
#7365=DIRECTION('',(0.,0.,1.));
#7366=DIRECTION('',(0.943573091007901,-0.331164342775297,0.));
#7367=DIRECTION('',(0.,0.,1.));
#7368=DIRECTION('',(-0.997143114466128,0.0755354835344982,0.));
#7369=DIRECTION('',(0.,0.,1.));
#7370=DIRECTION('',(1.,0.,0.));
#7371=DIRECTION('',(0.,0.,1.));
#7372=DIRECTION('',(1.,0.,0.));
#7373=DIRECTION('',(0.999295638997254,-0.0375263358332393,-8.2716473123105E-27));
#7374=DIRECTION('',(-0.0375263358332393,-0.999295638997254,2.90522821621792E-16));
#7375=DIRECTION('',(-0.0375263358332393,-0.999295638997254,0.));
#7376=DIRECTION('',(8.16980096217742E-27,-2.86734201306491E-27,1.));
#7377=DIRECTION('',(-0.0375263358332393,-0.999295638997254,2.90522821621792E-16));
#7378=DIRECTION('',(-0.331164342775297,-0.943573091007901,0.));
#7379=DIRECTION('',(0.943573091007901,-0.331164342775297,0.));
#7380=DIRECTION('',(0.943573091007901,-0.331164342775297,0.));
#7381=DIRECTION('',(0.,0.,1.));
#7382=DIRECTION('',(0.943573091007901,-0.331164342775297,0.));
#7383=DIRECTION('',(-0.999998557841289,-0.00169832721894431,0.));
#7384=DIRECTION('',(0.0016983272189443,-0.999998557841288,0.));
#7385=DIRECTION('',(0.0016983272189443,-0.999998557841288,0.));
#7386=DIRECTION('',(0.,0.,1.));
#7387=DIRECTION('',(0.943573091007901,-0.331164342775297,0.));
#7388=DIRECTION('',(0.,0.,1.));
#7389=DIRECTION('',(1.,0.,0.));
#7390=DIRECTION('',(0.,0.,1.));
#7391=DIRECTION('',(1.,0.,0.));
#7392=DIRECTION('',(0.196787651999286,-0.980446133156028,0.));
#7393=DIRECTION('',(-0.878500220798895,-0.477741940859594,0.));
#7394=DIRECTION('',(0.,0.,-1.));
#7395=DIRECTION('',(-1.,0.,0.));
#7396=DIRECTION('',(0.,0.,1.));
#7397=DIRECTION('',(1.,0.,0.));
#7398=DIRECTION('',(0.,0.,1.));
#7399=DIRECTION('',(1.,0.,0.));
#7400=DIRECTION('',(0.,0.,1.));
#7401=DIRECTION('',(1.,0.,0.));
#7402=DIRECTION('',(0.,0.,1.));
#7403=DIRECTION('',(1.,0.,0.));
#7404=DIRECTION('',(0.,0.,1.));
#7405=DIRECTION('',(1.,0.,0.));
#7406=DIRECTION('',(0.,0.,1.));
#7407=DIRECTION('',(1.,0.,0.));
#7408=DIRECTION('',(0.,0.,1.));
#7409=DIRECTION('',(1.,0.,0.));
#7410=DIRECTION('',(0.,0.,1.));
#7411=DIRECTION('',(1.,0.,0.));
#7412=DIRECTION('',(0.,0.,1.));
#7413=DIRECTION('',(1.,0.,0.));
#7414=DIRECTION('',(0.,0.,1.));
#7415=DIRECTION('',(1.,0.,0.));
#7416=DIRECTION('',(0.,0.,1.));
#7417=DIRECTION('',(1.,0.,0.));
#7418=DIRECTION('',(0.,0.,1.));
#7419=DIRECTION('',(1.,0.,0.));
#7420=DIRECTION('',(0.,0.,1.));
#7421=DIRECTION('',(1.,0.,0.));
#7422=DIRECTION('',(0.,0.,1.));
#7423=DIRECTION('',(1.,0.,0.));
#7424=DIRECTION('',(0.,0.,1.));
#7425=DIRECTION('',(1.,0.,0.));
#7426=DIRECTION('',(0.,0.,1.));
#7427=DIRECTION('',(1.,0.,0.));
#7428=DIRECTION('',(0.,0.,1.));
#7429=DIRECTION('',(1.,0.,0.));
#7430=DIRECTION('',(0.,0.,1.));
#7431=DIRECTION('',(1.,0.,0.));
#7432=DIRECTION('',(0.,0.,1.));
#7433=DIRECTION('',(1.,0.,0.));
#7434=DIRECTION('',(0.,0.,1.));
#7435=DIRECTION('',(1.,0.,0.));
#7436=DIRECTION('',(0.,0.,1.));
#7437=DIRECTION('',(1.,0.,0.));
#7438=DIRECTION('',(0.,0.,1.));
#7439=DIRECTION('',(1.,0.,0.));
#7440=DIRECTION('',(0.,0.,1.));
#7441=DIRECTION('',(1.,0.,0.));
#7442=DIRECTION('',(0.,0.,1.));
#7443=DIRECTION('',(1.,0.,0.));
#7444=DIRECTION('',(0.,0.,1.));
#7445=DIRECTION('',(1.,0.,0.));
#7446=DIRECTION('',(0.,0.,1.));
#7447=DIRECTION('',(1.,0.,0.));
#7448=DIRECTION('',(0.,0.,1.));
#7449=DIRECTION('',(1.,0.,0.));
#7450=DIRECTION('',(0.,0.,-1.));
#7451=DIRECTION('',(-1.,0.,0.));
#7452=DIRECTION('',(0.,0.,1.));
#7453=DIRECTION('',(1.,0.,0.));
#7454=DIRECTION('',(0.,0.,-1.));
#7455=DIRECTION('',(-1.,0.,0.));
#7456=DIRECTION('',(0.,0.,1.));
#7457=DIRECTION('',(1.,0.,0.));
#7458=DIRECTION('',(0.,0.,1.));
#7459=DIRECTION('',(1.,0.,0.));
#7460=DIRECTION('',(0.,0.,1.));
#7461=DIRECTION('',(1.,0.,0.));
#7462=DIRECTION('',(0.,0.,1.));
#7463=DIRECTION('',(1.,0.,0.));
#7464=DIRECTION('',(0.,0.,1.));
#7465=DIRECTION('',(1.,0.,0.));
#7466=DIRECTION('',(0.,0.,-1.));
#7467=DIRECTION('',(-1.,0.,0.));
#7468=DIRECTION('',(0.,0.,1.));
#7469=DIRECTION('',(1.,0.,0.));
#7470=DIRECTION('',(0.,0.,1.));
#7471=DIRECTION('',(1.,0.,0.));
#7472=DIRECTION('',(0.,0.,1.));
#7473=DIRECTION('',(1.,0.,0.));
#7474=DIRECTION('',(0.,0.,1.));
#7475=DIRECTION('',(1.,0.,0.));
#7476=DIRECTION('',(0.,0.,1.));
#7477=DIRECTION('',(1.,0.,0.));
#7478=DIRECTION('',(0.,0.,1.));
#7479=DIRECTION('',(1.,0.,0.));
#7480=DIRECTION('',(0.,0.,1.));
#7481=DIRECTION('',(1.,0.,0.));
#7482=DIRECTION('',(0.,0.,1.));
#7483=DIRECTION('',(1.,0.,0.));
#7484=DIRECTION('',(0.,0.,1.));
#7485=DIRECTION('',(1.,0.,0.));
#7486=DIRECTION('',(0.,0.,1.));
#7487=DIRECTION('',(1.,0.,0.));
#7488=DIRECTION('',(0.,0.,1.));
#7489=DIRECTION('',(1.,0.,0.));
#7490=DIRECTION('',(0.,0.,1.));
#7491=DIRECTION('',(0.196787651999286,-0.980446133156028,0.));
#7492=DIRECTION('',(0.196787651999286,-0.980446133156028,0.));
#7493=DIRECTION('',(0.,0.,1.));
#7494=DIRECTION('',(1.,0.,0.));
#7495=DIRECTION('',(-0.878500220798895,-0.477741940859594,2.90522821621779E-16));
#7496=DIRECTION('',(0.196787651999286,-0.980446133156028,0.));
#7497=DIRECTION('',(-0.859085515574777,-0.511832078839944,0.));
#7498=DIRECTION('',(0.196787651999286,-0.980446133156028,0.));
#7499=DIRECTION('',(0.990217145664467,-0.13953495774219,0.));
#7500=DIRECTION('',(0.196787651999286,-0.980446133156028,0.));
#7501=DIRECTION('',(-0.995274877522128,0.0970974673887651,0.));
#7502=DIRECTION('',(0.196787651999286,-0.980446133156028,0.));
#7503=DIRECTION('',(0.88072217089775,0.47363325230515,0.));
#7504=DIRECTION('',(-0.511832078839944,0.859085515574777,0.));
#7505=DIRECTION('',(-0.859085515574777,-0.511832078839944,0.));
#7506=DIRECTION('',(0.,0.,1.));
#7507=DIRECTION('',(0.,0.,1.));
#7508=DIRECTION('',(0.,0.,1.));
#7509=DIRECTION('',(-0.980446133156028,-0.196787651999286,0.));
#7510=DIRECTION('',(0.196787651999286,-0.980446133156028,0.));
#7511=DIRECTION('',(-1.05718436870316E-25,5.26716140874414E-25,1.));
#7512=DIRECTION('',(0.477741940859594,-0.878500220798895,5.13226377271583E-25));
#7513=DIRECTION('',(-0.878500220798895,-0.477741940859594,2.90522821621779E-16));
#7514=DIRECTION('',(0.,0.,1.));
#7515=DIRECTION('',(-0.443957250966556,0.896047967083358,0.));
#7516=DIRECTION('',(0.980446133156028,0.196787651999286,0.));
#7517=DIRECTION('',(-0.196787651999286,0.980446133156028,0.));
#7518=DIRECTION('',(0.,0.,1.));
#7519=DIRECTION('',(0.47363325230515,-0.88072217089775,0.));
#7520=DIRECTION('',(0.88072217089775,0.47363325230515,0.));
#7521=DIRECTION('',(0.,0.,1.));
#7522=DIRECTION('',(0.980446133156028,0.196787651999286,0.));
#7523=DIRECTION('',(-0.196787651999286,0.980446133156028,0.));
#7524=DIRECTION('',(0.,0.,1.));
#7525=DIRECTION('',(0.0970974673887652,0.995274877522129,0.));
#7526=DIRECTION('',(-0.995274877522128,0.0970974673887651,0.));
#7527=DIRECTION('',(0.,0.,1.));
#7528=DIRECTION('',(0.980446133156028,0.196787651999286,0.));
#7529=DIRECTION('',(-0.196787651999286,0.980446133156028,0.));
#7530=DIRECTION('',(0.,0.,1.));
#7531=DIRECTION('',(-0.13953495774219,-0.990217145664468,0.));
#7532=DIRECTION('',(0.990217145664467,-0.13953495774219,0.));
#7533=DIRECTION('',(0.,0.,1.));
#7534=DIRECTION('',(-0.980446133156028,-0.196787651999286,0.));
#7535=DIRECTION('',(0.196787651999286,-0.980446133156028,0.));
#7536=DIRECTION('',(0.,0.,1.));
#7537=DIRECTION('',(0.533442533541376,-0.845836310055886,0.));
#7538=DIRECTION('',(-0.515612812384733,-0.856821701233521,0.));
#7539=DIRECTION('',(0.533442533541376,-0.845836310055886,0.));
#7540=DIRECTION('',(0.492675979686771,0.870212835483182,0.));
#7541=DIRECTION('',(0.845836310055885,0.533442533541376,0.));
#7542=DIRECTION('',(0.533442533541376,-0.845836310055886,0.));
#7543=DIRECTION('',(0.845836310055885,0.533442533541376,0.));
#7544=DIRECTION('',(-0.997883203756428,-0.0650316204688646,0.));
#7545=DIRECTION('',(0.533442533541376,-0.845836310055886,0.));
#7546=DIRECTION('',(0.995611910238129,0.0935784387131031,0.));
#7547=DIRECTION('',(-0.845836310055886,-0.533442533541377,0.));
#7548=DIRECTION('',(0.533442533541376,-0.845836310055886,0.));
#7549=DIRECTION('',(0.,0.,1.));
#7550=DIRECTION('',(0.,0.,1.));
#7551=DIRECTION('',(-0.856821701233522,0.515612812384733,0.));
#7552=DIRECTION('',(-0.515612812384733,-0.856821701233521,0.));
#7553=DIRECTION('',(0.,0.,1.));
#7554=DIRECTION('',(0.0935784387131032,-0.99561191023813,0.));
#7555=DIRECTION('',(0.995611910238129,0.0935784387131031,0.));
#7556=DIRECTION('',(0.,0.,1.));
#7557=DIRECTION('',(-0.845836310055886,-0.533442533541377,0.));
#7558=DIRECTION('',(0.533442533541376,-0.845836310055886,0.));
#7559=DIRECTION('',(0.,0.,1.));
#7560=DIRECTION('',(-0.0650316204688646,0.997883203756429,0.));
#7561=DIRECTION('',(-0.997883203756428,-0.0650316204688646,0.));
#7562=DIRECTION('',(0.,0.,1.));
#7563=DIRECTION('',(-0.533442533541377,0.845836310055886,0.));
#7564=DIRECTION('',(-0.845836310055886,-0.533442533541376,0.));
#7565=DIRECTION('',(0.,0.,1.));
#7566=DIRECTION('',(0.845836310055886,0.533442533541377,0.));
#7567=DIRECTION('',(-0.533442533541376,0.845836310055886,0.));
#7568=DIRECTION('',(0.,0.,1.));
#7569=DIRECTION('',(0.533442533541377,-0.845836310055886,0.));
#7570=DIRECTION('',(0.845836310055886,0.533442533541376,0.));
#7571=DIRECTION('',(0.,0.,1.));
#7572=DIRECTION('',(0.870212835483182,-0.492675979686771,0.));
#7573=DIRECTION('',(0.492675979686771,0.870212835483182,0.));
#7574=DIRECTION('',(0.,0.,1.));
#7575=DIRECTION('',(0.780359411789604,-0.625331262956989,0.));
#7576=DIRECTION('',(0.,0.,1.));
#7577=DIRECTION('',(1.,0.,0.));
#7578=DIRECTION('',(0.,0.,1.));
#7579=DIRECTION('',(1.,0.,0.));
#7580=DIRECTION('',(0.,0.,1.));
#7581=DIRECTION('',(1.,0.,0.));
#7582=DIRECTION('',(0.,0.,1.));
#7583=DIRECTION('',(1.,0.,0.));
#7584=DIRECTION('',(0.,0.,1.));
#7585=DIRECTION('',(1.,0.,0.));
#7586=DIRECTION('',(-0.876188432880493,-0.481968702393034,0.));
#7587=DIRECTION('',(0.,0.,1.));
#7588=DIRECTION('',(1.,0.,0.));
#7589=DIRECTION('',(0.,0.,1.));
#7590=DIRECTION('',(1.,0.,0.));
#7591=DIRECTION('',(0.,0.,1.));
#7592=DIRECTION('',(1.,0.,0.));
#7593=DIRECTION('',(0.,0.,1.));
#7594=DIRECTION('',(1.,0.,0.));
#7595=DIRECTION('',(0.,0.,1.));
#7596=DIRECTION('',(1.,0.,0.));
#7597=DIRECTION('',(0.,0.,1.));
#7598=DIRECTION('',(1.,0.,0.));
#7599=DIRECTION('',(0.,0.,1.));
#7600=DIRECTION('',(1.,0.,0.));
#7601=DIRECTION('',(0.,0.,1.));
#7602=DIRECTION('',(1.,0.,0.));
#7603=DIRECTION('',(0.625331262956989,0.780359411789603,0.));
#7604=DIRECTION('',(0.,0.,1.));
#7605=DIRECTION('',(0.,0.,1.));
#7606=DIRECTION('',(0.,0.,1.));
#7607=DIRECTION('',(0.,0.,1.));
#7608=DIRECTION('',(0.,0.,1.));
#7609=DIRECTION('',(0.,0.,1.));
#7610=DIRECTION('',(0.780359411789604,-0.62533126295699,0.));
#7611=DIRECTION('',(0.625331262956989,0.780359411789604,0.));
#7612=DIRECTION('',(0.,0.,1.));
#7613=DIRECTION('',(0.,0.,1.));
#7614=DIRECTION('',(-0.855321435473001,-0.518097714741538,0.));
#7615=DIRECTION('',(0.,0.,1.));
#7616=DIRECTION('',(-0.726466736772294,-0.687201630064579,0.));
#7617=DIRECTION('',(0.,0.,1.));
#7618=DIRECTION('',(0.,0.,1.));
#7619=DIRECTION('',(0.932569653375147,-0.360990085187611,0.));
#7620=DIRECTION('',(0.,0.,1.));
#7621=DIRECTION('',(0.98940098198899,0.145209148607178,0.));
#7622=DIRECTION('',(0.,0.,1.));
#7623=DIRECTION('',(0.,0.,1.));
#7624=DIRECTION('',(-0.999982299661226,0.00594982052210283,0.));
#7625=DIRECTION('',(0.,0.,1.));
#7626=DIRECTION('',(-0.900565749501312,0.434719830264436,0.));
#7627=DIRECTION('',(0.,0.,1.));
#7628=DIRECTION('',(0.,0.,1.));
#7629=DIRECTION('',(0.717285298787237,0.69677959222677,0.));
#7630=DIRECTION('',(0.,0.,1.));
#7631=DIRECTION('',(0.847218811102487,0.531244092780417,0.));
#7632=DIRECTION('',(0.,0.,1.));
#7633=DIRECTION('',(-0.481968702393034,0.876188432880494,0.));
#7634=DIRECTION('',(-0.876188432880493,-0.481968702393034,0.));
#7635=DIRECTION('',(0.,0.,1.));
#7636=DIRECTION('',(0.,0.,1.));
#7637=DIRECTION('',(0.843457644297992,0.53719568341088,0.));
#7638=DIRECTION('',(0.,0.,1.));
#7639=DIRECTION('',(0.717474715729127,0.696584547839965,0.));
#7640=DIRECTION('',(0.,0.,1.));
#7641=DIRECTION('',(-0.458098796115117,0.888901284169328,0.));
#7642=DIRECTION('',(0.,0.,1.));
#7643=DIRECTION('',(-0.917538323118851,0.397647363386514,0.));
#7644=DIRECTION('',(0.,0.,1.));
#7645=DIRECTION('',(-0.993898174925081,-0.110301486302739,0.));
#7646=DIRECTION('',(0.,0.,1.));
#7647=DIRECTION('',(1.,0.,0.));
#7648=DIRECTION('',(0.,0.,1.));
#7649=DIRECTION('',(-0.938146685858036,0.346238062340902,0.));
#7650=DIRECTION('',(-0.938146685858036,0.346238062340902,0.));
#7651=DIRECTION('',(0.,0.,1.));
#7652=DIRECTION('',(1.,0.,0.));
#7653=DIRECTION('',(-0.0535304240871243,-0.998566218984526,-2.90522821621773E-16));
#7654=DIRECTION('',(-0.938146685858036,0.346238062340902,0.));
#7655=DIRECTION('',(0.0143220556847833,0.999897434100599,0.));
#7656=DIRECTION('',(-0.938146685858036,0.346238062340902,0.));
#7657=DIRECTION('',(-0.637793727852487,-0.770207219332581,0.));
#7658=DIRECTION('',(-0.938146685858036,0.346238062340902,0.));
#7659=DIRECTION('',(0.604301794931855,0.796755508698959,0.));
#7660=DIRECTION('',(-0.938146685858036,0.346238062340902,0.));
#7661=DIRECTION('',(-0.0581941454736569,-0.998305284686298,0.));
#7662=DIRECTION('',(0.999897434100599,-0.0143220556847833,0.));
#7663=DIRECTION('',(0.0143220556847833,0.999897434100599,0.));
#7664=DIRECTION('',(0.,0.,1.));
#7665=DIRECTION('',(0.,0.,1.));
#7666=DIRECTION('',(0.,0.,1.));
#7667=DIRECTION('',(0.346238062340902,0.938146685858037,0.));
#7668=DIRECTION('',(-0.938146685858036,0.346238062340902,0.));
#7669=DIRECTION('',(7.65176037292729E-26,-2.82400473716554E-26,1.));
#7670=DIRECTION('',(-0.998566218984526,0.0535304240871242,7.79195959537415E-26));
#7671=DIRECTION('',(-0.0535304240871243,-0.998566218984526,-2.90522821621773E-16));
#7672=DIRECTION('',(0.,0.,1.));
#7673=DIRECTION('',(0.995805056995867,-0.0915002101716639,0.));
#7674=DIRECTION('',(-0.346238062340902,-0.938146685858037,0.));
#7675=DIRECTION('',(0.938146685858036,-0.346238062340902,0.));
#7676=DIRECTION('',(0.,0.,1.));
#7677=DIRECTION('',(-0.998305284686298,0.0581941454736569,0.));
#7678=DIRECTION('',(-0.0581941454736569,-0.998305284686298,0.));
#7679=DIRECTION('',(0.,0.,1.));
#7680=DIRECTION('',(-0.346238062340902,-0.938146685858037,0.));
#7681=DIRECTION('',(0.938146685858036,-0.346238062340902,0.));
#7682=DIRECTION('',(0.,0.,1.));
#7683=DIRECTION('',(0.796755508698959,-0.604301794931856,0.));
#7684=DIRECTION('',(0.604301794931855,0.796755508698959,0.));
#7685=DIRECTION('',(0.,0.,1.));
#7686=DIRECTION('',(-0.346238062340902,-0.938146685858037,0.));
#7687=DIRECTION('',(0.938146685858036,-0.346238062340902,0.));
#7688=DIRECTION('',(0.,0.,1.));
#7689=DIRECTION('',(-0.770207219332581,0.637793727852488,0.));
#7690=DIRECTION('',(-0.637793727852487,-0.770207219332581,0.));
#7691=DIRECTION('',(0.,0.,1.));
#7692=DIRECTION('',(0.346238062340902,0.938146685858037,0.));
#7693=DIRECTION('',(-0.938146685858036,0.346238062340902,0.));
#7694=DIRECTION('',(0.,0.,1.));
#7695=DIRECTION('',(-0.996725238005751,-0.0808628463657922,0.));
#7696=DIRECTION('',(-0.996725238005751,-0.0808628463657922,0.));
#7697=DIRECTION('',(0.234890180415233,0.972021914950738,0.));
#7698=DIRECTION('',(-0.996725238005751,-0.0808628463657922,0.));
#7699=DIRECTION('',(0.,0.,1.));
#7700=DIRECTION('',(1.,0.,0.));
#7701=DIRECTION('',(0.,0.,1.));
#7702=DIRECTION('',(1.,0.,0.));
#7703=DIRECTION('',(0.0808628463657922,-0.996725238005751,0.));
#7704=DIRECTION('',(-0.996725238005751,-0.0808628463657922,0.));
#7705=DIRECTION('',(0.0808628463657922,-0.996725238005751,0.));
#7706=DIRECTION('',(-0.996725238005751,-0.0808628463657922,0.));
#7707=DIRECTION('',(-0.234050457796734,-0.972224451042628,0.));
#7708=DIRECTION('',(-0.996725238005751,-0.0808628463657922,0.));
#7709=DIRECTION('',(-0.371847114594692,0.928293985420353,0.));
#7710=DIRECTION('',(-0.996725238005751,-0.0808628463657922,0.));
#7711=DIRECTION('',(0.0808628463657922,-0.996725238005751,0.));
#7712=DIRECTION('',(-0.996725238005751,-0.0808628463657922,0.));
#7713=DIRECTION('',(0.0808628463657922,-0.996725238005751,0.));
#7714=DIRECTION('',(-0.996725238005751,-0.0808628463657922,0.));
#7715=DIRECTION('',(0.369753931963691,-0.929129716346103,0.));
#7716=DIRECTION('',(0.972021914950738,-0.234890180415233,0.));
#7717=DIRECTION('',(0.234890180415233,0.972021914950738,0.));
#7718=DIRECTION('',(0.,0.,1.));
#7719=DIRECTION('',(0.,0.,1.));
#7720=DIRECTION('',(0.0808628463657922,-0.996725238005752,0.));
#7721=DIRECTION('',(0.996725238005751,0.0808628463657922,0.));
#7722=DIRECTION('',(0.,0.,1.));
#7723=DIRECTION('',(-0.929129716346103,-0.369753931963691,0.));
#7724=DIRECTION('',(0.369753931963691,-0.929129716346103,0.));
#7725=DIRECTION('',(0.,0.,1.));
#7726=DIRECTION('',(0.0808628463657922,-0.996725238005752,0.));
#7727=DIRECTION('',(0.996725238005751,0.0808628463657922,0.));
#7728=DIRECTION('',(0.,0.,1.));
#7729=DIRECTION('',(0.,0.,1.));
#7730=DIRECTION('',(0.996725238005752,0.0808628463657922,0.));
#7731=DIRECTION('',(-0.0808628463657922,0.996725238005751,0.));
#7732=DIRECTION('',(0.,0.,1.));
#7733=DIRECTION('',(0.0808628463657922,-0.996725238005752,0.));
#7734=DIRECTION('',(0.996725238005751,0.0808628463657922,0.));
#7735=DIRECTION('',(0.,0.,1.));
#7736=DIRECTION('',(-0.996725238005752,-0.0808628463657922,0.));
#7737=DIRECTION('',(0.0808628463657922,-0.996725238005751,0.));
#7738=DIRECTION('',(0.,0.,1.));
#7739=DIRECTION('',(-0.0808628463657922,0.996725238005752,0.));
#7740=DIRECTION('',(-0.996725238005751,-0.0808628463657922,0.));
#7741=DIRECTION('',(0.,0.,1.));
#7742=DIRECTION('',(0.928293985420353,0.371847114594692,0.));
#7743=DIRECTION('',(-0.371847114594692,0.928293985420353,0.));
#7744=DIRECTION('',(0.,0.,1.));
#7745=DIRECTION('',(-0.0808628463657922,0.996725238005752,0.));
#7746=DIRECTION('',(-0.996725238005751,-0.0808628463657922,0.));
#7747=DIRECTION('',(0.,0.,1.));
#7748=DIRECTION('',(-0.972224451042628,0.234050457796734,0.));
#7749=DIRECTION('',(-0.234050457796734,-0.972224451042628,0.));
#7750=DIRECTION('',(0.,0.,1.));
#7751=DIRECTION('',(-0.0808628463657922,0.996725238005752,0.));
#7752=DIRECTION('',(-0.996725238005751,-0.0808628463657922,0.));
#7753=DIRECTION('',(0.,0.,1.));
#7754=DIRECTION('',(0.996725238005752,0.0808628463657922,0.));
#7755=DIRECTION('',(-0.0808628463657922,0.996725238005751,0.));
#7756=DIRECTION('',(0.,0.,1.));
#7757=DIRECTION('',(0.0808628463657922,-0.996725238005752,0.));
#7758=DIRECTION('',(0.996725238005751,0.0808628463657922,0.));
#7759=DIRECTION('',(0.,0.,1.));
#7760=DIRECTION('',(-0.996725238005752,-0.0808628463657922,0.));
#7761=DIRECTION('',(0.0808628463657922,-0.996725238005751,0.));
#7762=DIRECTION('',(0.,0.,1.));
#7763=DIRECTION('',(0.997734437146283,0.0672755002388666,0.));
#7764=DIRECTION('',(0.,0.,1.));
#7765=DIRECTION('',(0.999099463444304,0.0424294961707496,0.));
#7766=DIRECTION('',(0.,0.,1.));
#7767=DIRECTION('',(0.0808628463657922,-0.996725238005752,0.));
#7768=DIRECTION('',(0.996725238005751,0.0808628463657922,0.));
#7769=DIRECTION('',(0.,0.,1.));
#7770=DIRECTION('',(-0.877374014728474,-0.479807084440444,0.));
#7771=DIRECTION('',(-0.887106588259757,0.461564622849428,0.));
#7772=DIRECTION('',(0.0637342996845072,0.997966902779709,0.));
#7773=DIRECTION('',(-0.877374014728474,-0.479807084440444,0.));
#7774=DIRECTION('',(-0.0308057504086036,-0.999525390243671,0.));
#7775=DIRECTION('',(-0.862292943073049,0.506409794856319,0.));
#7776=DIRECTION('',(-0.877374014728474,-0.479807084440444,0.));
#7777=DIRECTION('',(0.877491618274751,-0.479591972261378,0.));
#7778=DIRECTION('',(-0.0712711096939634,-0.997456980988649,0.));
#7779=DIRECTION('',(-0.877374014728474,-0.479807084440444,0.));
#7780=DIRECTION('',(0.0506171271629333,0.998718131625621,0.));
#7781=DIRECTION('',(0.868381101555558,-0.495897431391972,0.));
#7782=DIRECTION('',(-0.877374014728474,-0.479807084440444,0.));
#7783=DIRECTION('',(0.997966902779709,-0.0637342996845072,0.));
#7784=DIRECTION('',(0.0637342996845072,0.997966902779709,0.));
#7785=DIRECTION('',(0.,0.,1.));
#7786=DIRECTION('',(0.,0.,1.));
#7787=DIRECTION('',(0.461564622849428,0.887106588259757,0.));
#7788=DIRECTION('',(-0.887106588259757,0.461564622849428,0.));
#7789=DIRECTION('',(0.,0.,1.));
#7790=DIRECTION('',(0.479807084440444,-0.877374014728474,0.));
#7791=DIRECTION('',(0.877374014728474,0.479807084440444,0.));
#7792=DIRECTION('',(0.,0.,1.));
#7793=DIRECTION('',(-0.495897431391972,-0.868381101555558,0.));
#7794=DIRECTION('',(0.868381101555558,-0.495897431391972,0.));
#7795=DIRECTION('',(0.,0.,1.));
#7796=DIRECTION('',(0.998718131625621,-0.0506171271629333,0.));
#7797=DIRECTION('',(0.0506171271629333,0.998718131625621,0.));
#7798=DIRECTION('',(0.,0.,1.));
#7799=DIRECTION('',(0.479807084440444,-0.877374014728474,0.));
#7800=DIRECTION('',(0.877374014728474,0.479807084440444,0.));
#7801=DIRECTION('',(0.,0.,1.));
#7802=DIRECTION('',(-0.99745698098865,0.0712711096939634,0.));
#7803=DIRECTION('',(-0.0712711096939634,-0.997456980988649,0.));
#7804=DIRECTION('',(0.,0.,1.));
#7805=DIRECTION('',(-0.479591972261378,-0.877491618274751,0.));
#7806=DIRECTION('',(0.877491618274751,-0.479591972261378,0.));
#7807=DIRECTION('',(0.,0.,1.));
#7808=DIRECTION('',(-0.479807084440444,0.877374014728474,0.));
#7809=DIRECTION('',(-0.877374014728474,-0.479807084440444,0.));
#7810=DIRECTION('',(0.,0.,1.));
#7811=DIRECTION('',(0.506409794856319,0.862292943073049,0.));
#7812=DIRECTION('',(-0.862292943073049,0.506409794856319,0.));
#7813=DIRECTION('',(0.,0.,1.));
#7814=DIRECTION('',(-0.999525390243671,0.0308057504086037,0.));
#7815=DIRECTION('',(-0.0308057504086036,-0.999525390243671,0.));
#7816=DIRECTION('',(0.,0.,1.));
#7817=DIRECTION('',(-0.479807084440444,0.877374014728474,0.));
#7818=DIRECTION('',(-0.877374014728474,-0.479807084440444,0.));
#7819=DIRECTION('',(0.,0.,1.));
#7820=DIRECTION('',(1.,0.,0.));
#7821=DIRECTION('',(0.,0.,1.));
#7822=DIRECTION('',(1.,0.,0.));
#7823=DIRECTION('',(0.,0.,1.));
#7824=DIRECTION('',(1.,0.,0.));
#7825=DIRECTION('',(0.,0.,1.));
#7826=DIRECTION('',(1.,0.,0.));
#7827=DIRECTION('',(0.,0.,-1.));
#7828=DIRECTION('',(-1.,0.,0.));
#7829=DIRECTION('',(0.,0.,1.));
#7830=DIRECTION('',(1.,0.,0.));
#7831=DIRECTION('',(0.,0.,1.));
#7832=DIRECTION('',(1.,0.,0.));
#7833=DIRECTION('',(0.,0.,1.));
#7834=DIRECTION('',(1.,0.,0.));
#7835=DIRECTION('',(0.,0.,1.));
#7836=DIRECTION('',(1.,0.,0.));
#7837=DIRECTION('',(0.,0.,1.));
#7838=DIRECTION('',(1.,0.,0.));
#7839=DIRECTION('',(0.,0.,1.));
#7840=DIRECTION('',(1.,0.,0.));
#7841=DIRECTION('',(0.,0.,1.));
#7842=DIRECTION('',(1.,0.,0.));
#7843=DIRECTION('',(0.,0.,1.));
#7844=DIRECTION('',(1.,0.,0.));
#7845=DIRECTION('',(0.,0.,1.));
#7846=DIRECTION('',(1.,0.,0.));
#7847=DIRECTION('',(0.,0.,1.));
#7848=DIRECTION('',(1.,0.,0.));
#7849=DIRECTION('',(0.,0.,1.));
#7850=DIRECTION('',(1.,0.,0.));
#7851=DIRECTION('',(0.,0.,1.));
#7852=DIRECTION('',(1.,0.,0.));
#7853=DIRECTION('',(0.,0.,1.));
#7854=DIRECTION('',(1.,0.,0.));
#7855=DIRECTION('',(0.,0.,1.));
#7856=DIRECTION('',(1.,0.,0.));
#7857=DIRECTION('',(0.,0.,1.));
#7858=DIRECTION('',(1.,0.,0.));
#7859=DIRECTION('',(0.,0.,1.));
#7860=DIRECTION('',(1.,0.,0.));
#7861=DIRECTION('',(0.,0.,1.));
#7862=DIRECTION('',(1.,0.,0.));
#7863=DIRECTION('',(0.,0.,1.));
#7864=DIRECTION('',(1.,0.,0.));
#7865=DIRECTION('',(0.,0.,1.));
#7866=DIRECTION('',(1.,0.,0.));
#7867=DIRECTION('',(0.,0.,1.));
#7868=DIRECTION('',(1.,0.,0.));
#7869=DIRECTION('',(0.,0.,1.));
#7870=DIRECTION('',(1.,0.,0.));
#7871=DIRECTION('',(0.,0.,1.));
#7872=DIRECTION('',(1.,0.,0.));
#7873=DIRECTION('',(0.,0.,1.));
#7874=DIRECTION('',(1.,0.,0.));
#7875=DIRECTION('',(0.,0.,1.));
#7876=DIRECTION('',(1.,0.,0.));
#7877=DIRECTION('',(0.,0.,1.));
#7878=DIRECTION('',(1.,0.,0.));
#7879=DIRECTION('',(0.,0.,1.));
#7880=DIRECTION('',(1.,0.,0.));
#7881=DIRECTION('',(0.,0.,1.));
#7882=DIRECTION('',(1.,0.,0.));
#7883=DIRECTION('',(0.,0.,1.));
#7884=DIRECTION('',(1.,0.,0.));
#7885=DIRECTION('',(0.,0.,1.));
#7886=DIRECTION('',(1.,0.,0.));
#7887=DIRECTION('',(0.,0.,1.));
#7888=DIRECTION('',(1.,0.,0.));
#7889=DIRECTION('',(0.,0.,1.));
#7890=DIRECTION('',(1.,0.,0.));
#7891=DIRECTION('',(0.,0.,1.));
#7892=DIRECTION('',(1.,0.,0.));
#7893=DIRECTION('',(0.,0.,1.));
#7894=DIRECTION('',(1.,0.,0.));
#7895=DIRECTION('',(0.,0.,1.));
#7896=DIRECTION('',(1.,0.,0.));
#7897=DIRECTION('',(0.,0.,1.));
#7898=DIRECTION('',(1.,0.,0.));
#7899=DIRECTION('',(0.,0.,1.));
#7900=DIRECTION('',(1.,0.,0.));
#7901=DIRECTION('',(0.,0.,1.));
#7902=DIRECTION('',(1.,0.,0.));
#7903=DIRECTION('',(0.,0.,1.));
#7904=DIRECTION('',(1.,0.,0.));
#7905=DIRECTION('',(0.,0.,1.));
#7906=DIRECTION('',(1.,0.,0.));
#7907=DIRECTION('',(0.,0.,1.));
#7908=DIRECTION('',(1.,0.,0.));
#7909=DIRECTION('',(0.,0.,1.));
#7910=DIRECTION('',(1.,0.,0.));
#7911=DIRECTION('',(0.,0.,1.));
#7912=DIRECTION('',(1.,0.,0.));
#7913=DIRECTION('',(0.,0.,1.));
#7914=DIRECTION('',(1.,0.,0.));
#7915=DIRECTION('',(0.,0.,1.));
#7916=DIRECTION('',(1.,0.,0.));
#7917=DIRECTION('',(0.,0.,1.));
#7918=DIRECTION('',(1.,0.,0.));
#7919=DIRECTION('',(0.,0.,1.));
#7920=DIRECTION('',(1.,0.,0.));
#7921=DIRECTION('',(0.,0.,1.));
#7922=DIRECTION('',(1.,0.,0.));
#7923=DIRECTION('',(0.,0.,1.));
#7924=DIRECTION('',(1.,0.,0.));
#7925=DIRECTION('',(0.,0.,1.));
#7926=DIRECTION('',(1.,0.,0.));
#7927=DIRECTION('',(0.,0.,1.));
#7928=DIRECTION('',(1.,0.,0.));
#7929=DIRECTION('',(0.,0.,1.));
#7930=DIRECTION('',(1.,0.,0.));
#7931=DIRECTION('',(0.,0.,1.));
#7932=DIRECTION('',(1.,0.,0.));
#7933=DIRECTION('',(0.,0.,1.));
#7934=DIRECTION('',(1.,0.,0.));
#7935=DIRECTION('',(0.,0.,1.));
#7936=DIRECTION('',(1.,0.,0.));
#7937=DIRECTION('',(0.,0.,1.));
#7938=DIRECTION('',(1.,0.,0.));
#7939=DIRECTION('',(0.,0.,1.));
#7940=DIRECTION('',(1.,0.,0.));
#7941=DIRECTION('',(0.,0.,1.));
#7942=DIRECTION('',(1.,0.,0.));
#7943=DIRECTION('',(0.,0.,-1.));
#7944=DIRECTION('',(-1.,0.,0.));
#7945=DIRECTION('',(0.,0.,1.));
#7946=DIRECTION('',(1.,0.,0.));
#7947=DIRECTION('',(0.,0.,1.));
#7948=DIRECTION('',(1.,0.,0.));
#7949=DIRECTION('',(0.,0.,1.));
#7950=DIRECTION('',(1.,0.,0.));
#7951=DIRECTION('',(0.,0.,-1.));
#7952=DIRECTION('',(-1.,0.,0.));
#7953=DIRECTION('',(0.,0.,1.));
#7954=DIRECTION('',(1.,0.,0.));
#7955=DIRECTION('',(0.,0.,1.));
#7956=DIRECTION('',(1.,0.,0.));
#7957=DIRECTION('',(0.,0.,1.));
#7958=DIRECTION('',(1.,0.,0.));
#7959=DIRECTION('',(0.,0.,-1.));
#7960=DIRECTION('',(-1.,0.,0.));
#7961=DIRECTION('',(0.,0.,1.));
#7962=DIRECTION('',(1.,0.,0.));
#7963=DIRECTION('',(0.,0.,1.));
#7964=DIRECTION('',(1.,0.,0.));
#7965=DIRECTION('',(0.,0.,1.));
#7966=DIRECTION('',(1.,0.,0.));
#7967=DIRECTION('',(0.,0.,-1.));
#7968=DIRECTION('',(-1.,0.,0.));
#7969=DIRECTION('',(0.,0.,1.));
#7970=DIRECTION('',(1.,0.,0.));
#7971=DIRECTION('',(0.,0.,1.));
#7972=DIRECTION('',(1.,0.,0.));
#7973=DIRECTION('',(0.,0.,1.));
#7974=DIRECTION('',(1.,0.,0.));
#7975=DIRECTION('',(0.,0.,-1.));
#7976=DIRECTION('',(-1.,0.,0.));
#7977=DIRECTION('',(0.,0.,1.));
#7978=DIRECTION('',(1.,0.,0.));
#7979=DIRECTION('',(0.,0.,1.));
#7980=DIRECTION('',(1.,0.,0.));
#7981=DIRECTION('',(0.,0.,1.));
#7982=DIRECTION('',(1.,0.,0.));
#7983=DIRECTION('',(0.,0.,-1.));
#7984=DIRECTION('',(-1.,0.,0.));
#7985=DIRECTION('',(0.,0.,1.));
#7986=DIRECTION('',(1.,0.,0.));
#7987=DIRECTION('',(0.,0.,1.));
#7988=DIRECTION('',(1.,0.,0.));
#7989=DIRECTION('',(0.,0.,1.));
#7990=DIRECTION('',(1.,0.,0.));
#7991=DIRECTION('',(0.,0.,-1.));
#7992=DIRECTION('',(-1.,0.,0.));
#7993=DIRECTION('',(0.,0.,1.));
#7994=DIRECTION('',(1.,0.,0.));
#7995=DIRECTION('',(0.,0.,1.));
#7996=DIRECTION('',(1.,0.,0.));
#7997=DIRECTION('',(0.,0.,1.));
#7998=DIRECTION('',(1.,0.,0.));
#7999=DIRECTION('',(0.,0.,-1.));
#8000=DIRECTION('',(-1.,0.,0.));
#8001=DIRECTION('',(0.,0.,1.));
#8002=DIRECTION('',(1.,0.,0.));
#8003=DIRECTION('',(0.,0.,1.));
#8004=DIRECTION('',(1.,0.,0.));
#8005=DIRECTION('',(0.,0.,1.));
#8006=DIRECTION('',(1.,0.,0.));
#8007=DIRECTION('',(0.,0.,1.));
#8008=DIRECTION('',(1.,0.,0.));
#8009=DIRECTION('',(0.,0.,1.));
#8010=DIRECTION('',(1.,0.,0.));
#8011=DIRECTION('',(0.,0.,1.));
#8012=DIRECTION('',(1.,0.,0.));
#8013=DIRECTION('',(0.,0.,1.));
#8014=DIRECTION('',(1.,0.,0.));
#8015=DIRECTION('',(0.,0.,1.));
#8016=DIRECTION('',(1.,0.,0.));
#8017=DIRECTION('',(0.,0.,1.));
#8018=DIRECTION('',(1.,0.,0.));
#8019=DIRECTION('',(0.,0.,1.));
#8020=DIRECTION('',(1.,0.,0.));
#8021=DIRECTION('',(0.,0.,1.));
#8022=DIRECTION('',(1.,0.,0.));
#8023=DIRECTION('',(0.,0.,1.));
#8024=DIRECTION('',(1.,0.,0.));
#8025=DIRECTION('',(0.,0.,1.));
#8026=DIRECTION('',(1.,0.,0.));
#8027=DIRECTION('',(0.,0.,1.));
#8028=DIRECTION('',(1.,0.,0.));
#8029=DIRECTION('',(0.,0.,1.));
#8030=DIRECTION('',(1.,0.,0.));
#8031=DIRECTION('',(0.,0.,1.));
#8032=DIRECTION('',(1.,0.,0.));
#8033=DIRECTION('',(0.,0.,1.));
#8034=DIRECTION('',(1.,0.,0.));
#8035=DIRECTION('',(0.,0.,1.));
#8036=DIRECTION('',(1.,0.,0.));
#8037=DIRECTION('',(0.,0.,1.));
#8038=DIRECTION('',(1.,0.,0.));
#8039=DIRECTION('',(0.,0.,1.));
#8040=DIRECTION('',(1.,0.,0.));
#8041=DIRECTION('',(0.,0.,1.));
#8042=DIRECTION('',(1.,0.,0.));
#8043=DIRECTION('',(0.,0.,1.));
#8044=DIRECTION('',(1.,0.,0.));
#8045=CARTESIAN_POINT('',(0.,0.,0.));
#8046=CARTESIAN_POINT('',(0.,3.67394039744206E-19,0.002));
#8047=CARTESIAN_POINT('',(0.,3.67394039744206E-19,0.002));
#8048=CARTESIAN_POINT('',(0.006,3.67394039744206E-19,0.002));
#8049=CARTESIAN_POINT('',(0.,3.67394039744206E-19,0.));
#8050=CARTESIAN_POINT('',(0.006,3.67394039744206E-19,0.));
#8051=CARTESIAN_POINT('',(0.,0.,0.002));
#8052=CARTESIAN_POINT('',(0.,2.4492935982947E-19,0.002));
#8053=CARTESIAN_POINT('',(0.004,2.4492935982947E-19,0.002));
#8054=CARTESIAN_POINT('',(0.,0.,0.));
#8055=CARTESIAN_POINT('',(0.,1.83697019872103E-19,0.));
#8056=CARTESIAN_POINT('',(0.003,1.83697019872103E-19,0.));
#8057=CARTESIAN_POINT('',(0.,1.83697019872103E-19,0.022));
#8058=CARTESIAN_POINT('',(0.,1.83697019872103E-19,0.024));
#8059=CARTESIAN_POINT('',(0.003,1.83697019872103E-19,0.024));
#8060=CARTESIAN_POINT('',(0.,2.4492935982947E-19,0.022));
#8061=CARTESIAN_POINT('',(0.,2.4492935982947E-19,0.022));
#8062=CARTESIAN_POINT('',(0.004,2.4492935982947E-19,0.022));
#8063=CARTESIAN_POINT('',(0.,3.67394039744206E-19,0.024));
#8064=CARTESIAN_POINT('',(0.,3.67394039744206E-19,0.024));
#8065=CARTESIAN_POINT('',(0.006,3.67394039744206E-19,0.024));
#8066=CARTESIAN_POINT('',(0.,3.67394039744206E-19,0.022));
#8067=CARTESIAN_POINT('',(0.006,3.67394039744206E-19,0.022));
#8068=CARTESIAN_POINT('',(0.,0.,0.024));
#8069=CARTESIAN_POINT('',(0.,0.,0.022));
#8070=CARTESIAN_POINT('',(-0.0136303371320019,0.0203693033898083,0.00328895388552403));
#8071=CARTESIAN_POINT('',(0.0103696628679981,-0.0211999159918447,0.00478895388552403));
#8072=CARTESIAN_POINT('',(0.0105487401546645,-0.000895235198858259,0.005));
#8073=CARTESIAN_POINT('',(0.0104911218173521,-0.00150015033023498,0.005));
#8074=CARTESIAN_POINT('',(0.0104911218173521,-0.00150015033023498,0.005));
#8075=CARTESIAN_POINT('',(0.0104911218173521,-0.00150015033023498,0.007));
#8076=CARTESIAN_POINT('',(0.0105487401546645,-0.000895235198858259,0.005));
#8077=CARTESIAN_POINT('',(0.0106063584919769,-0.000290320067481541,0.005));
#8078=CARTESIAN_POINT('',(0.0106063584919769,-0.000290320067481541,0.005));
#8079=CARTESIAN_POINT('',(0.0106063584919769,-0.000290320067481542,0.007));
#8080=CARTESIAN_POINT('',(0.0105410485530209,-0.000975986682427023,0.007));
#8081=CARTESIAN_POINT('',(0.0103248097925697,-0.000263502474250921,0.005));
#8082=CARTESIAN_POINT('',(0.0103248097925697,-0.000263502474250921,0.005));
#8083=CARTESIAN_POINT('',(0.0100432610931626,-0.000236684881020301,0.005));
#8084=CARTESIAN_POINT('',(0.0100432610931626,-0.000236684881020301,0.005));
#8085=CARTESIAN_POINT('',(0.0100432610931626,-0.000236684881020301,0.007));
#8086=CARTESIAN_POINT('',(0.0107491155790002,-0.000303917720387208,0.007));
#8087=CARTESIAN_POINT('',(0.00998564275585016,-0.000841600012397019,0.005));
#8088=CARTESIAN_POINT('',(0.00998564275585016,-0.000841600012397019,0.005));
#8089=CARTESIAN_POINT('',(0.00992802441853777,-0.00144651514377374,0.005));
#8090=CARTESIAN_POINT('',(0.00992802441853777,-0.00144651514377374,0.005));
#8091=CARTESIAN_POINT('',(0.00992802441853777,-0.00144651514377374,0.007));
#8092=CARTESIAN_POINT('',(0.00997795115420655,-0.000922351495965783,0.007));
#8093=CARTESIAN_POINT('',(0.0102095731179449,-0.00147333273700436,0.005));
#8094=CARTESIAN_POINT('',(0.0102095731179449,-0.00147333273700436,0.005));
#8095=CARTESIAN_POINT('',(0.0106338789043754,-0.00151374798314065,0.007));
#8096=CARTESIAN_POINT('',(0.0106838056400442,-0.000989584335332689,0.007));
#8097=CARTESIAN_POINT('',(0.00895485267410705,-0.00357308016108838,0.005));
#8098=CARTESIAN_POINT('',(0.00873198633847093,-0.00420601461196744,0.005));
#8099=CARTESIAN_POINT('',(0.00873198633847093,-0.00420601461196744,0.005));
#8100=CARTESIAN_POINT('',(0.00873198633847094,-0.00420601461196744,0.007));
#8101=CARTESIAN_POINT('',(0.00895485267410705,-0.00357308016108838,0.005));
#8102=CARTESIAN_POINT('',(0.00917771900974317,-0.00294014571020933,0.005));
#8103=CARTESIAN_POINT('',(0.00917771900974317,-0.00294014571020933,0.005));
#8104=CARTESIAN_POINT('',(0.00917771900974317,-0.00294014571020933,0.007));
#8105=CARTESIAN_POINT('',(0.00909064117542016,-0.00318744443791382,0.007));
#8106=CARTESIAN_POINT('',(0.0104651069996855,-0.00339345559634669,0.005));
#8107=CARTESIAN_POINT('',(0.0104651069996855,-0.00339345559634669,0.005));
#8108=CARTESIAN_POINT('',(0.0117524949896279,-0.00384676548248406,0.005));
#8109=CARTESIAN_POINT('',(0.0117524949896279,-0.00384676548248406,0.005));
#8110=CARTESIAN_POINT('',(0.0117524949896279,-0.00384676548248406,0.007));
#8111=CARTESIAN_POINT('',(0.0102051700773331,-0.00330192765170606,0.007));
#8112=CARTESIAN_POINT('',(0.0118690397706486,-0.00351578141184088,0.005));
#8113=CARTESIAN_POINT('',(0.0118690397706486,-0.00351578141184088,0.005));
#8114=CARTESIAN_POINT('',(0.0119855845516693,-0.00318479734119771,0.005));
#8115=CARTESIAN_POINT('',(0.0119855845516693,-0.00318479734119771,0.005));
#8116=CARTESIAN_POINT('',(0.0119855845516693,-0.00318479734119771,0.007));
#8117=CARTESIAN_POINT('',(0.0116654171553048,-0.00409406421018855,0.007));
#8118=CARTESIAN_POINT('',(0.0104249382990701,-0.00263526885359844,0.005));
#8119=CARTESIAN_POINT('',(0.0104249382990701,-0.00263526885359844,0.005));
#8120=CARTESIAN_POINT('',(0.00886429204647081,-0.00208574036599917,0.005));
#8121=CARTESIAN_POINT('',(0.00886429204647081,-0.00208574036599917,0.005));
#8122=CARTESIAN_POINT('',(0.00886429204647081,-0.00208574036599918,0.007));
#8123=CARTESIAN_POINT('',(0.0104382596393746,-0.00263995951041971,0.007));
#8124=CARTESIAN_POINT('',(0.00852488092981397,-0.00304965888752141,0.005));
#8125=CARTESIAN_POINT('',(0.00852488092981397,-0.00304965888752141,0.005));
#8126=CARTESIAN_POINT('',(0.00818546981315712,-0.00401357740904365,0.005));
#8127=CARTESIAN_POINT('',(0.00818546981315712,-0.00401357740904365,0.005));
#8128=CARTESIAN_POINT('',(0.00818546981315712,-0.00401357740904365,0.007));
#8129=CARTESIAN_POINT('',(0.00854412465010635,-0.00299500723499003,0.007));
#8130=CARTESIAN_POINT('',(0.00845872807581403,-0.00410979601050554,0.005));
#8131=CARTESIAN_POINT('',(0.00845872807581403,-0.00410979601050554,0.005));
#8132=CARTESIAN_POINT('',(0.0097594374060609,-0.00456779655346417,0.007));
#8133=CARTESIAN_POINT('',(0.0101180922430101,-0.00354922637941056,0.007));
#8134=CARTESIAN_POINT('',(0.0096931244234122,-0.00770769355429345,0.005));
#8135=CARTESIAN_POINT('',(0.00942294627440518,-0.00804061978079857,0.005));
#8136=CARTESIAN_POINT('',(0.00942294627440518,-0.00804061978079857,0.005));
#8137=CARTESIAN_POINT('',(0.00942294627440518,-0.00804061978079857,0.007));
#8138=CARTESIAN_POINT('',(0.0096931244234122,-0.00770769355429345,0.005));
#8139=CARTESIAN_POINT('',(0.00996330257241921,-0.00737476732778833,0.005));
#8140=CARTESIAN_POINT('',(0.00996330257241921,-0.00737476732778833,0.005));
#8141=CARTESIAN_POINT('',(0.0099633025724192,-0.00737476732778833,0.007));
#8142=CARTESIAN_POINT('',(0.00959705601063183,-0.00782607357233285,0.007));
#8143=CARTESIAN_POINT('',(0.00904128553453308,-0.00587427125431119,0.005));
#8144=CARTESIAN_POINT('',(0.00904128553453308,-0.00587427125431119,0.005));
#8145=CARTESIAN_POINT('',(0.00811926849664694,-0.00437377518083405,0.005));
#8146=CARTESIAN_POINT('',(0.00811926849664694,-0.00437377518083405,0.005));
#8147=CARTESIAN_POINT('',(0.00811926849664694,-0.00437377518083406,0.007));
#8148=CARTESIAN_POINT('',(0.00904128553453308,-0.00587427125431119,0.007));
#8149=CARTESIAN_POINT('',(0.00788103708823197,-0.00466733513055647,0.005));
#8150=CARTESIAN_POINT('',(0.00788103708823197,-0.00466733513055647,0.005));
#8151=CARTESIAN_POINT('',(0.00764280567981701,-0.00496089508027889,0.005));
#8152=CARTESIAN_POINT('',(0.00764280567981701,-0.00496089508027889,0.005));
#8153=CARTESIAN_POINT('',(0.00764280567981701,-0.00496089508027889,0.007));
#8154=CARTESIAN_POINT('',(0.00701687775521715,-0.00573219291752851,0.007));
#8155=CARTESIAN_POINT('',(0.00787320666555708,-0.00530224001870188,0.005));
#8156=CARTESIAN_POINT('',(0.00787320666555708,-0.00530224001870188,0.005));
#8157=CARTESIAN_POINT('',(0.00810360765129716,-0.00564358495712488,0.005));
#8158=CARTESIAN_POINT('',(0.00810360765129716,-0.00564358495712488,0.005));
#8159=CARTESIAN_POINT('',(0.00810360765129716,-0.00564358495712488,0.007));
#8160=CARTESIAN_POINT('',(0.00787320666555708,-0.00530224001870188,0.007));
#8161=CARTESIAN_POINT('',(0.00772344143825182,-0.00611204365083901,0.005));
#8162=CARTESIAN_POINT('',(0.00772344143825182,-0.00611204365083901,0.005));
#8163=CARTESIAN_POINT('',(0.00734327522520648,-0.00658050234455314,0.005));
#8164=CARTESIAN_POINT('',(0.00734327522520648,-0.00658050234455314,0.005));
#8165=CARTESIAN_POINT('',(0.00734327522520648,-0.00658050234455314,0.007));
#8166=CARTESIAN_POINT('',(0.00762874217149683,-0.00622873654273058,0.007));
#8167=CARTESIAN_POINT('',(0.00696181179466688,-0.00642530365777406,0.005));
#8168=CARTESIAN_POINT('',(0.00696181179466688,-0.00642530365777406,0.005));
#8169=CARTESIAN_POINT('',(0.00658034836412727,-0.00627010497099497,0.005));
#8170=CARTESIAN_POINT('',(0.00658034836412727,-0.00627010497099497,0.005));
#8171=CARTESIAN_POINT('',(0.00658034836412727,-0.00627010497099497,0.007));
#8172=CARTESIAN_POINT('',(0.00696181179466688,-0.00642530365777406,0.007));
#8173=CARTESIAN_POINT('',(0.0063421169557123,-0.00656366492071739,0.005));
#8174=CARTESIAN_POINT('',(0.0063421169557123,-0.00656366492071739,0.005));
#8175=CARTESIAN_POINT('',(0.00610388554729734,-0.00685722487043981,0.005));
#8176=CARTESIAN_POINT('',(0.00610388554729734,-0.00685722487043981,0.005));
#8177=CARTESIAN_POINT('',(0.00610388554729734,-0.00685722487043981,0.007));
#8178=CARTESIAN_POINT('',(0.00701687775521715,-0.00573219291752851,0.007));
#8179=CARTESIAN_POINT('',(0.00775252635571895,-0.0105923861736697,0.005));
#8180=CARTESIAN_POINT('',(0.00929209671812129,-0.00738573615551019,0.007));
#8181=CARTESIAN_POINT('',(0.00929209671812129,-0.00738573615551019,0.00633333333333333));
#8182=CARTESIAN_POINT('',(0.00929209671812129,-0.00738573615551019,0.00566666666666667));
#8183=CARTESIAN_POINT('',(0.00929209671812129,-0.00738573615551019,0.005));
#8184=CARTESIAN_POINT('',(0.00929201237372526,-0.00738591182981886,0.005));
#8185=CARTESIAN_POINT('',(0.00929201237372526,-0.00738591182981885,0.007));
#8186=CARTESIAN_POINT('',(0.00775252635571895,-0.0105923861736697,0.005));
#8187=CARTESIAN_POINT('',(0.00908210781802831,-0.0072927810398709,0.00500000024999991));
#8188=CARTESIAN_POINT('',(0.00908222823124845,-0.00729248106935075,0.00699999975000009));
#8189=CARTESIAN_POINT('',(0.00908222823124845,-0.00729248106935075,0.00633333325000003));
#8190=CARTESIAN_POINT('',(0.00908222823124845,-0.00729248106935075,0.00566666674999997));
#8191=CARTESIAN_POINT('',(0.00908222823124845,-0.00729248106935075,0.00500000024999991));
#8192=CARTESIAN_POINT('',(0.00908210781802831,-0.0072927810398709,0.00699999975000009));
#8193=CARTESIAN_POINT('',(0.00775252635571895,-0.0105923861736697,0.007));
#8194=CARTESIAN_POINT('',(0.0086368356272115,-0.00711369297517925,0.00499999999849024));
#8195=CARTESIAN_POINT('',(0.0086368356272115,-0.00711369297517925,0.005));
#8196=CARTESIAN_POINT('',(0.00790603029922581,-0.00682033540566267,0.005));
#8197=CARTESIAN_POINT('',(0.00790603029922581,-0.00682033540566266,0.005));
#8198=CARTESIAN_POINT('',(0.00790603029922581,-0.00682033540566266,0.007));
#8199=CARTESIAN_POINT('',(0.0086368356272115,-0.00711369297517925,0.007));
#8200=CARTESIAN_POINT('',(0.00817735195688039,-0.0064860000940024,0.005));
#8201=CARTESIAN_POINT('',(0.00817735195688039,-0.0064860000940024,0.005));
#8202=CARTESIAN_POINT('',(0.00844889925191278,-0.00615138674134945,0.005));
#8203=CARTESIAN_POINT('',(0.00844889925191278,-0.00615138674134945,0.005));
#8204=CARTESIAN_POINT('',(0.00844889925191278,-0.00615138674134945,0.007));
#8205=CARTESIAN_POINT('',(0.00808539098217615,-0.00659931873359831,0.007));
#8206=CARTESIAN_POINT('',(0.00929201237372526,-0.00738591182981886,0.005));
#8207=CARTESIAN_POINT('',(0.00929201237372526,-0.00738591182981886,0.007));
#8208=CARTESIAN_POINT('',(0.0091733838362767,-0.00722559351795756,0.005));
#8209=CARTESIAN_POINT('',(0.0091733838362767,-0.00722559351795756,0.007));
#8210=CARTESIAN_POINT('',(0.00889234612900587,-0.00681408515513442,0.005));
#8211=CARTESIAN_POINT('',(0.00889234612900587,-0.00681408515513442,0.007));
#8212=CARTESIAN_POINT('',(0.00844889925191278,-0.00615138674134945,0.005));
#8213=CARTESIAN_POINT('',(0.00844889925191278,-0.00615138674134945,0.007));
#8214=CARTESIAN_POINT('',(0.00929201237372526,-0.00738591182981886,0.005));
#8215=CARTESIAN_POINT('',(0.00911406956755242,-0.00714543436202691,0.005));
#8216=CARTESIAN_POINT('',(0.00844889925191278,-0.00615138674134945,0.005));
#8217=CARTESIAN_POINT('',(0.00929201237372526,-0.00738591182981886,0.007));
#8218=CARTESIAN_POINT('',(0.00911406956755242,-0.00714543436202691,0.007));
#8219=CARTESIAN_POINT('',(0.00844889925191278,-0.00615138674134945,0.007));
#8220=CARTESIAN_POINT('',(0.00776341591085126,-0.00744892232561919,0.005));
#8221=CARTESIAN_POINT('',(0.00776341591085126,-0.00744892232561919,0.005));
#8222=CARTESIAN_POINT('',(0.00776341591085126,-0.00744892232561919,0.007));
#8223=CARTESIAN_POINT('',(0.00831259063675059,-0.00678369706501526,0.007));
#8224=CARTESIAN_POINT('',(0.,0.,0.005));
#8225=CARTESIAN_POINT('',(-0.00748969961583199,-0.0107597871457328,0.005));
#8226=CARTESIAN_POINT('',(-0.00393764274033767,-0.0109549098181384,0.005));
#8227=CARTESIAN_POINT('',(-0.00395814862881369,-0.0111836297385923,0.005));
#8228=CARTESIAN_POINT('',(-0.00395814862881369,-0.0111836297385923,0.005));
#8229=CARTESIAN_POINT('',(-0.00378785779371318,-0.0109376742827369,0.005));
#8230=CARTESIAN_POINT('',(-0.00306125173873631,-0.00998760804196541,0.005));
#8231=CARTESIAN_POINT('',(-0.00306125173873631,-0.00998760804196541,0.005));
#8232=CARTESIAN_POINT('',(-0.00346553095215842,-0.0098384023222096,0.005));
#8233=CARTESIAN_POINT('',(-0.00386947423698436,-0.00968932058228336,0.005));
#8234=CARTESIAN_POINT('',(-0.00391162872680399,-0.0104756780645985,0.005));
#8235=CARTESIAN_POINT('',(-0.00854990545980523,-0.00787417110059377,0.005));
#8236=CARTESIAN_POINT('',(-0.0090828744358869,-0.00844817512900088,0.005));
#8237=CARTESIAN_POINT('',(-0.0090828744358869,-0.00844817512900088,0.005));
#8238=CARTESIAN_POINT('',(-0.0090828744358869,-0.00844817512900088,0.007));
#8239=CARTESIAN_POINT('',(-0.00854990545980523,-0.00787417110059377,0.005));
#8240=CARTESIAN_POINT('',(-0.00801663532200488,-0.00730043691452951,0.00500000025));
#8241=CARTESIAN_POINT('',(-0.00801693648372357,-0.00730016707218667,0.00500000025));
#8242=CARTESIAN_POINT('',(-0.00801693648372356,-0.00730016707218667,0.00566666675));
#8243=CARTESIAN_POINT('',(-0.00801693648372357,-0.00730016707218667,0.00633333325));
#8244=CARTESIAN_POINT('',(-0.00801693648372357,-0.00730016707218667,0.00699999975));
#8245=CARTESIAN_POINT('',(-0.00801663532200488,-0.00730043691452951,0.00699999975));
#8246=CARTESIAN_POINT('',(-0.00796667033896135,-0.00724603076992358,0.007));
#8247=CARTESIAN_POINT('',(-0.0241283266822631,0.00713571573687912,0.005));
#8248=CARTESIAN_POINT('',(-0.0241283266822631,0.00713571573687912,0.005));
#8249=CARTESIAN_POINT('',(-0.00742143971853475,-0.00660879341186269,0.005));
#8250=CARTESIAN_POINT('',(-0.00742186400857186,-0.00660839945395394,0.005));
#8251=CARTESIAN_POINT('',(-0.00742143971853475,-0.00660879341186269,0.007));
#8252=CARTESIAN_POINT('',(-0.0241283266822631,0.00713571573687912,0.007));
#8253=CARTESIAN_POINT('',(-0.00741560148985932,-0.00661421427061155,0.005));
#8254=CARTESIAN_POINT('',(-0.00741560148985932,-0.00661421427061155,0.005));
#8255=CARTESIAN_POINT('',(-0.00740976326118389,-0.00661963512936042,0.005));
#8256=CARTESIAN_POINT('',(-0.00740976326118389,-0.00661963512936042,0.005));
#8257=CARTESIAN_POINT('',(-0.00740976326118389,-0.00661963512936042,0.007));
#8258=CARTESIAN_POINT('',(-0.00674128607784709,-0.00724032345610555,0.007));
#8259=CARTESIAN_POINT('',(-0.00772645112239137,-0.00801660796050011,0.005));
#8260=CARTESIAN_POINT('',(-0.00772645112239137,-0.00801660796050011,0.005));
#8261=CARTESIAN_POINT('',(-0.00804313898359885,-0.0094135807916398,0.005));
#8262=CARTESIAN_POINT('',(-0.00804313898359885,-0.0094135807916398,0.005));
#8263=CARTESIAN_POINT('',(-0.00804313898359885,-0.0094135807916398,0.007));
#8264=CARTESIAN_POINT('',(-0.00772645112239137,-0.00801660796050011,0.007));
#8265=CARTESIAN_POINT('',(-0.00771885191808176,-0.00971468485487226,0.005));
#8266=CARTESIAN_POINT('',(-0.00771885191808176,-0.00971468485487226,0.005));
#8267=CARTESIAN_POINT('',(-0.00739456485256466,-0.0100157889181047,0.005));
#8268=CARTESIAN_POINT('',(-0.00739456485256466,-0.0100157889181047,0.005));
#8269=CARTESIAN_POINT('',(-0.00739456485256465,-0.0100157889181047,0.007));
#8270=CARTESIAN_POINT('',(-0.00842766595408517,-0.00905654332222586,0.007));
#8271=CARTESIAN_POINT('',(-0.00626875105149339,-0.00880329497183006,0.005));
#8272=CARTESIAN_POINT('',(-0.00626875105149339,-0.00880329497183006,0.005));
#8273=CARTESIAN_POINT('',(-0.00514293725042212,-0.00759080102555541,0.005));
#8274=CARTESIAN_POINT('',(-0.00514293725042212,-0.00759080102555541,0.005));
#8275=CARTESIAN_POINT('',(-0.00514293725042212,-0.00759080102555541,0.007));
#8276=CARTESIAN_POINT('',(-0.0062783607556391,-0.00881364455902742,0.007));
#8277=CARTESIAN_POINT('',(-0.00537275116100952,-0.00737741631298642,0.005));
#8278=CARTESIAN_POINT('',(-0.00537275116100952,-0.00737741631298642,0.005));
#8279=CARTESIAN_POINT('',(-0.00560256507159692,-0.00716403160041743,0.005));
#8280=CARTESIAN_POINT('',(-0.00560256507159692,-0.00716403160041743,0.005));
#8281=CARTESIAN_POINT('',(-0.00560256507159692,-0.00716403160041743,0.007));
#8282=CARTESIAN_POINT('',(-0.00617603835194263,-0.00663155542967657,0.007));
#8283=CARTESIAN_POINT('',(-0.00613233081296336,-0.00773458576642542,0.005));
#8284=CARTESIAN_POINT('',(-0.00613233081296336,-0.00773458576642542,0.005));
#8285=CARTESIAN_POINT('',(-0.00666209655432979,-0.00830513993243341,0.005));
#8286=CARTESIAN_POINT('',(-0.00666209655432979,-0.00830513993243341,0.005));
#8287=CARTESIAN_POINT('',(-0.00666209655432979,-0.00830513993243341,0.007));
#8288=CARTESIAN_POINT('',(-0.00673798857681391,-0.00838687513388944,0.007));
#8289=CARTESIAN_POINT('',(-0.00727385544573824,-0.0090278652210738,0.005));
#8290=CARTESIAN_POINT('',(-0.00727385544573824,-0.0090278652210738,0.007));
#8291=CARTESIAN_POINT('',(-0.0069944741103027,-0.00868439668998587,0.005));
#8292=CARTESIAN_POINT('',(-0.0069944741103027,-0.00868439668998587,0.007));
#8293=CARTESIAN_POINT('',(-0.00679055447983322,-0.00844348826043907,0.005));
#8294=CARTESIAN_POINT('',(-0.00679055447983322,-0.00844348826043907,0.007));
#8295=CARTESIAN_POINT('',(-0.00666209655432979,-0.00830513993243341,0.005));
#8296=CARTESIAN_POINT('',(-0.00666209655432979,-0.00830513993243341,0.007));
#8297=CARTESIAN_POINT('',(-0.00727385544573824,-0.0090278652210738,0.005));
#8298=CARTESIAN_POINT('',(-0.00685478344258493,-0.0085126624244419,0.005));
#8299=CARTESIAN_POINT('',(-0.00666209655432979,-0.00830513993243341,0.005));
#8300=CARTESIAN_POINT('',(-0.00727385544573824,-0.0090278652210738,0.005));
#8301=CARTESIAN_POINT('',(-0.00727385544573824,-0.0090278652210738,0.005));
#8302=CARTESIAN_POINT('',(-0.00727385544573824,-0.0090278652210738,0.007));
#8303=CARTESIAN_POINT('',(-0.00727385544573824,-0.0090278652210738,0.007));
#8304=CARTESIAN_POINT('',(-0.00685478344258493,-0.0085126624244419,0.007));
#8305=CARTESIAN_POINT('',(-0.00666209655432979,-0.00830513993243341,0.007));
#8306=CARTESIAN_POINT('',(-0.00728128591859788,-0.00902096594630252,0.005));
#8307=CARTESIAN_POINT('',(-0.00728128591859788,-0.00902096594630252,0.005));
#8308=CARTESIAN_POINT('',(-0.00728871639145752,-0.00901406667153123,0.005));
#8309=CARTESIAN_POINT('',(-0.00728871639145752,-0.00901406667153123,0.005));
#8310=CARTESIAN_POINT('',(-0.00728871639145752,-0.00901406667153123,0.007));
#8311=CARTESIAN_POINT('',(-0.00787917360976811,-0.00846582072988457,0.007));
#8312=CARTESIAN_POINT('',(-0.00696471233557914,-0.00760708551266608,0.005));
#8313=CARTESIAN_POINT('',(-0.00696471233557914,-0.00760708551266608,0.005));
#8314=CARTESIAN_POINT('',(-0.00664070827970076,-0.00620010435380093,0.005));
#8315=CARTESIAN_POINT('',(-0.00664070827970076,-0.00620010435380093,0.005));
#8316=CARTESIAN_POINT('',(-0.00664070827970076,-0.00620010435380093,0.007));
#8317=CARTESIAN_POINT('',(-0.00696471233557914,-0.00760708551266608,0.007));
#8318=CARTESIAN_POINT('',(-0.00696738371149417,-0.00589678266653484,0.005));
#8319=CARTESIAN_POINT('',(-0.00696738371149417,-0.00589678266653484,0.005));
#8320=CARTESIAN_POINT('',(-0.00729405914328758,-0.00559346097926876,0.005));
#8321=CARTESIAN_POINT('',(-0.00729405914328758,-0.00559346097926876,0.005));
#8322=CARTESIAN_POINT('',(-0.00729405914328758,-0.00559346097926876,0.007));
#8323=CARTESIAN_POINT('',(-0.00617603835194263,-0.00663155542967657,0.007));
#8324=CARTESIAN_POINT('',(-0.00841987294435885,-0.00680595492554341,0.005));
#8325=CARTESIAN_POINT('',(-0.00841987294435885,-0.00680595492554341,0.005));
#8326=CARTESIAN_POINT('',(-0.00954568674543013,-0.00801844887181806,0.005));
#8327=CARTESIAN_POINT('',(-0.00954568674543013,-0.00801844887181806,0.005));
#8328=CARTESIAN_POINT('',(-0.00954568674543012,-0.00801844887181806,0.007));
#8329=CARTESIAN_POINT('',(-0.00842948264850457,-0.00681630451274077,0.007));
#8330=CARTESIAN_POINT('',(-0.00931428059065851,-0.00823331200040947,0.005));
#8331=CARTESIAN_POINT('',(-0.00931428059065851,-0.00823331200040947,0.005));
#8332=CARTESIAN_POINT('',(-0.00842766595408517,-0.00905654332222587,0.007));
#8333=CARTESIAN_POINT('',(-0.00731146185715961,-0.00785439896314857,0.007));
#8334=CARTESIAN_POINT('',(-0.00911121535437593,-0.00538039850734885,0.005));
#8335=CARTESIAN_POINT('',(-0.00941481155837888,-0.00485402265885449,0.005));
#8336=CARTESIAN_POINT('',(-0.00941481155837888,-0.00485402265885449,0.005));
#8337=CARTESIAN_POINT('',(-0.00941481155837888,-0.00485402265885449,0.007));
#8338=CARTESIAN_POINT('',(-0.00911121535437593,-0.00538039850734885,0.005));
#8339=CARTESIAN_POINT('',(-0.00880761915037298,-0.00590677435584321,0.005));
#8340=CARTESIAN_POINT('',(-0.00880761915037298,-0.00590677435584321,0.005));
#8341=CARTESIAN_POINT('',(-0.00880761915037298,-0.00590677435584321,0.007));
#8342=CARTESIAN_POINT('',(-0.00915174309555392,-0.00531013140957606,0.007));
#8343=CARTESIAN_POINT('',(-0.00856262538537054,-0.00576547004396818,0.005));
#8344=CARTESIAN_POINT('',(-0.00856262538537054,-0.00576547004396818,0.005));
#8345=CARTESIAN_POINT('',(-0.0083176316203681,-0.00562416573209315,0.005));
#8346=CARTESIAN_POINT('',(-0.0083176316203681,-0.00562416573209315,0.005));
#8347=CARTESIAN_POINT('',(-0.0083176316203681,-0.00562416573209315,0.007));
#8348=CARTESIAN_POINT('',(-0.00893184134107845,-0.00597842161256857,0.007));
#8349=CARTESIAN_POINT('',(-0.00862122782437105,-0.00509778988359879,0.005));
#8350=CARTESIAN_POINT('',(-0.00862122782437105,-0.00509778988359879,0.005));
#8351=CARTESIAN_POINT('',(-0.008924824028374,-0.00457141403510443,0.005));
#8352=CARTESIAN_POINT('',(-0.008924824028374,-0.00457141403510443,0.005));
#8353=CARTESIAN_POINT('',(-0.008924824028374,-0.00457141403510443,0.007));
#8354=CARTESIAN_POINT('',(-0.00866175556554904,-0.005027522785826,0.007));
#8355=CARTESIAN_POINT('',(-0.00916981779337644,-0.00471271834697946,0.005));
#8356=CARTESIAN_POINT('',(-0.00916981779337644,-0.00471271834697946,0.005));
#8357=CARTESIAN_POINT('',(-0.00953903374908434,-0.00492566991557986,0.007));
#8358=CARTESIAN_POINT('',(-0.00927596528625938,-0.00538177866630143,0.007));
#8359=CARTESIAN_POINT('',(-0.0122334945296755,-0.00206709600181874,0.005));
#8360=CARTESIAN_POINT('',(-0.0123296920836158,-0.00168987991005625,0.005));
#8361=CARTESIAN_POINT('',(-0.0123296920836158,-0.00168987991005625,0.005));
#8362=CARTESIAN_POINT('',(-0.0123296920836158,-0.00168987991005625,0.007));
#8363=CARTESIAN_POINT('',(-0.0122334945296755,-0.00206709600181874,0.005));
#8364=CARTESIAN_POINT('',(-0.0121372969757353,-0.00244431209358123,0.005));
#8365=CARTESIAN_POINT('',(-0.0121372969757353,-0.00244431209358123,0.005));
#8366=CARTESIAN_POINT('',(-0.0121372969757353,-0.00244431209358123,0.007));
#8367=CARTESIAN_POINT('',(-0.0119886605691356,-0.00302715481769052,0.007));
#8368=CARTESIAN_POINT('',(-0.0114815675224468,-0.00273975276365824,0.005));
#8369=CARTESIAN_POINT('',(-0.0114815675224468,-0.00273975276365824,0.005));
#8370=CARTESIAN_POINT('',(-0.0108258380691583,-0.00303519343373526,0.005));
#8371=CARTESIAN_POINT('',(-0.0108258380691583,-0.00303519343373526,0.005));
#8372=CARTESIAN_POINT('',(-0.0108258380691583,-0.00303519343373526,0.007));
#8373=CARTESIAN_POINT('',(-0.0114815675224468,-0.00273975276365824,0.007));
#8374=CARTESIAN_POINT('',(-0.0106029603710937,-0.00312074231461123,0.005));
#8375=CARTESIAN_POINT('',(-0.0106029603710937,-0.00312074231461123,0.005));
#8376=CARTESIAN_POINT('',(-0.0103800826730291,-0.0032062911954872,0.005));
#8377=CARTESIAN_POINT('',(-0.0103800826730291,-0.0032062911954872,0.005));
#8378=CARTESIAN_POINT('',(-0.0103800826730291,-0.0032062911954872,0.007));
#8379=CARTESIAN_POINT('',(-0.0106029603710937,-0.00312074231461123,0.007));
#8380=CARTESIAN_POINT('',(-0.0111138118338434,-0.00339340662366302,0.005));
#8381=CARTESIAN_POINT('',(-0.0111138118338434,-0.00339340662366302,0.005));
#8382=CARTESIAN_POINT('',(-0.0118475409946577,-0.00358052205183885,0.005));
#8383=CARTESIAN_POINT('',(-0.0118475409946577,-0.00358052205183885,0.005));
#8384=CARTESIAN_POINT('',(-0.0118475409946577,-0.00358052205183885,0.007));
#8385=CARTESIAN_POINT('',(-0.010257969928905,-0.00317515003383957,0.007));
#8386=CARTESIAN_POINT('',(-0.0117608289669664,-0.0039205428824601,0.005));
#8387=CARTESIAN_POINT('',(-0.0117608289669664,-0.0039205428824601,0.005));
#8388=CARTESIAN_POINT('',(-0.0116741169392752,-0.00426056371308136,0.005));
#8389=CARTESIAN_POINT('',(-0.0116741169392752,-0.00426056371308136,0.005));
#8390=CARTESIAN_POINT('',(-0.0116741169392752,-0.00426056371308136,0.007));
#8391=CARTESIAN_POINT('',(-0.0119886605691356,-0.00302715481769052,0.007));
#8392=CARTESIAN_POINT('',(-0.0100708608246121,-0.00385170173731123,0.005));
#8393=CARTESIAN_POINT('',(-0.0100708608246121,-0.00385170173731123,0.005));
#8394=CARTESIAN_POINT('',(-0.00846760470994904,-0.00344283976154109,0.005));
#8395=CARTESIAN_POINT('',(-0.00846760470994904,-0.00344283976154109,0.005));
#8396=CARTESIAN_POINT('',(-0.00846760470994905,-0.00344283976154109,0.007));
#8397=CARTESIAN_POINT('',(-0.0100845458735226,-0.00385519169508208,0.007));
#8398=CARTESIAN_POINT('',(-0.00855431673764028,-0.00310281893091984,0.005));
#8399=CARTESIAN_POINT('',(-0.00855431673764028,-0.00310281893091984,0.005));
#8400=CARTESIAN_POINT('',(-0.00864102876533152,-0.00276279810029858,0.005));
#8401=CARTESIAN_POINT('',(-0.00864102876533152,-0.00276279810029858,0.005));
#8402=CARTESIAN_POINT('',(-0.00864102876533152,-0.00276279810029858,0.007));
#8403=CARTESIAN_POINT('',(-0.00878214833980942,-0.00220943086615026,0.007));
#8404=CARTESIAN_POINT('',(-0.00921334452874047,-0.00290874992399766,0.005));
#8405=CARTESIAN_POINT('',(-0.00921334452874047,-0.00290874992399766,0.005));
#8406=CARTESIAN_POINT('',(-0.00978566029214942,-0.00305470174769674,0.005));
#8407=CARTESIAN_POINT('',(-0.00978566029214942,-0.00305470174769674,0.005));
#8408=CARTESIAN_POINT('',(-0.00978566029214942,-0.00305470174769674,0.007));
#8409=CARTESIAN_POINT('',(-0.010257969928905,-0.00317515003383957,0.007));
#8410=CARTESIAN_POINT('',(-0.00992542432055846,-0.00293749309590843,0.005));
#8411=CARTESIAN_POINT('',(-0.00992542432055846,-0.00293749309590843,0.005));
#8412=CARTESIAN_POINT('',(-0.0100651883489675,-0.00282028444412012,0.005));
#8413=CARTESIAN_POINT('',(-0.0100651883489675,-0.00282028444412012,0.005));
#8414=CARTESIAN_POINT('',(-0.0100651883489675,-0.00282028444412012,0.007));
#8415=CARTESIAN_POINT('',(-0.00992542432055846,-0.00293749309590843,0.007));
#8416=CARTESIAN_POINT('',(-0.00949682322843138,-0.00222799797605069,0.005));
#8417=CARTESIAN_POINT('',(-0.00949682322843138,-0.00222799797605069,0.005));
#8418=CARTESIAN_POINT('',(-0.00892845810789525,-0.00163571150798126,0.005));
#8419=CARTESIAN_POINT('',(-0.00892845810789525,-0.00163571150798126,0.005));
#8420=CARTESIAN_POINT('',(-0.00892845810789525,-0.00163571150798126,0.007));
#8421=CARTESIAN_POINT('',(-0.00949682322843138,-0.00222799797605069,0.007));
#8422=CARTESIAN_POINT('',(-0.00902689281425269,-0.00124972294896848,0.005));
#8423=CARTESIAN_POINT('',(-0.00902689281425269,-0.00124972294896848,0.005));
#8424=CARTESIAN_POINT('',(-0.00912532752061013,-0.000863734389955704,0.005));
#8425=CARTESIAN_POINT('',(-0.00912532752061013,-0.000863734389955704,0.005));
#8426=CARTESIAN_POINT('',(-0.00912532752061013,-0.000863734389955705,0.007));
#8427=CARTESIAN_POINT('',(-0.00878214833980942,-0.00220943086615026,0.007));
#8428=CARTESIAN_POINT('',(-0.00987535181278786,-0.00165519877438018,0.005));
#8429=CARTESIAN_POINT('',(-0.00987535181278786,-0.00165519877438018,0.005));
#8430=CARTESIAN_POINT('',(-0.0106253761049656,-0.00244666315880466,0.005));
#8431=CARTESIAN_POINT('',(-0.0106253761049656,-0.00244666315880466,0.005));
#8432=CARTESIAN_POINT('',(-0.0106253761049656,-0.00244666315880466,0.007));
#8433=CARTESIAN_POINT('',(-0.00987535181278786,-0.00165519877438018,0.007));
#8434=CARTESIAN_POINT('',(-0.0114775340942907,-0.00206827153443046,0.005));
#8435=CARTESIAN_POINT('',(-0.0114775340942907,-0.00206827153443046,0.005));
#8436=CARTESIAN_POINT('',(-0.0114775340942907,-0.00206827153443046,0.007));
#8437=CARTESIAN_POINT('',(-0.0103990895033829,-0.00262178279969125,0.007));
#8438=CARTESIAN_POINT('',(-0.0115776995067635,0.00165074447135698,0.005));
#8439=CARTESIAN_POINT('',(-0.0115776995067635,0.00165074447135698,0.007));
#8440=CARTESIAN_POINT('',(-0.0116576619011182,0.00155246300948259,0.005));
#8441=CARTESIAN_POINT('',(-0.0116576619011182,0.00155246300948259,0.007));
#8442=CARTESIAN_POINT('',(-0.0117124524134351,0.00139131269057981,0.005));
#8443=CARTESIAN_POINT('',(-0.0117124524134351,0.00139131269057981,0.007));
#8444=CARTESIAN_POINT('',(-0.0117420710437144,0.00116729351464864,0.005));
#8445=CARTESIAN_POINT('',(-0.0117420710437144,0.00116729351464864,0.007));
#8446=CARTESIAN_POINT('',(-0.0117420710437144,0.00116729351464864,0.005));
#8447=CARTESIAN_POINT('',(-0.0117420710437144,0.00116729351464864,0.005));
#8448=CARTESIAN_POINT('',(-0.0117420710437144,0.00116729351464864,0.007));
#8449=CARTESIAN_POINT('',(-0.0115776995067635,0.00165074447135698,0.005));
#8450=CARTESIAN_POINT('',(-0.0116976430982955,0.0015033222785454,0.005));
#8451=CARTESIAN_POINT('',(-0.0117420710437144,0.00116729351464864,0.005));
#8452=CARTESIAN_POINT('',(-0.0115776995067635,0.00165074447135698,0.005));
#8453=CARTESIAN_POINT('',(-0.0115776995067635,0.00165074447135698,0.005));
#8454=CARTESIAN_POINT('',(-0.0115776995067635,0.00165074447135698,0.007));
#8455=CARTESIAN_POINT('',(-0.0115776995067635,0.00165074447135698,0.007));
#8456=CARTESIAN_POINT('',(-0.0116976430982955,0.0015033222785454,0.007));
#8457=CARTESIAN_POINT('',(-0.0117420710437144,0.00116729351464864,0.007));
#8458=CARTESIAN_POINT('',(-0.01122440260697,0.00176731392429428,0.005));
#8459=CARTESIAN_POINT('',(-0.01122440260697,0.00176731392429428,0.007));
#8460=CARTESIAN_POINT('',(-0.0113799714791444,0.0017878824175438,0.005));
#8461=CARTESIAN_POINT('',(-0.0113799714791444,0.0017878824175438,0.007));
#8462=CARTESIAN_POINT('',(-0.0114977371124089,0.00174902593323136,0.005));
#8463=CARTESIAN_POINT('',(-0.0114977371124089,0.00174902593323136,0.007));
#8464=CARTESIAN_POINT('',(-0.0115776995067635,0.00165074447135698,0.005));
#8465=CARTESIAN_POINT('',(-0.0115776995067635,0.00165074447135698,0.007));
#8466=CARTESIAN_POINT('',(-0.01122440260697,0.00176731392429428,0.005));
#8467=CARTESIAN_POINT('',(-0.0114577559152316,0.00179816666416856,0.005));
#8468=CARTESIAN_POINT('',(-0.0115776995067635,0.00165074447135698,0.005));
#8469=CARTESIAN_POINT('',(-0.01122440260697,0.00176731392429428,0.005));
#8470=CARTESIAN_POINT('',(-0.01122440260697,0.00176731392429428,0.005));
#8471=CARTESIAN_POINT('',(-0.01122440260697,0.00176731392429428,0.007));
#8472=CARTESIAN_POINT('',(-0.01122440260697,0.00176731392429428,0.007));
#8473=CARTESIAN_POINT('',(-0.0114577559152316,0.00179816666416856,0.007));
#8474=CARTESIAN_POINT('',(-0.0115776995067635,0.00165074447135698,0.007));
#8475=CARTESIAN_POINT('',(-0.010899782245089,0.00156476664511061,0.005));
#8476=CARTESIAN_POINT('',(-0.010899782245089,0.00156476664511061,0.007));
#8477=CARTESIAN_POINT('',(-0.0109591909271434,0.00167903980830226,0.005));
#8478=CARTESIAN_POINT('',(-0.0109591909271434,0.00167903980830226,0.007));
#8479=CARTESIAN_POINT('',(-0.011067397714437,0.00174655556803015,0.005));
#8480=CARTESIAN_POINT('',(-0.011067397714437,0.00174655556803015,0.007));
#8481=CARTESIAN_POINT('',(-0.01122440260697,0.00176731392429428,0.005));
#8482=CARTESIAN_POINT('',(-0.01122440260697,0.00176731392429428,0.007));
#8483=CARTESIAN_POINT('',(-0.010899782245089,0.00156476664511061,0.005));
#8484=CARTESIAN_POINT('',(-0.0109888952681705,0.00173617638989809,0.005));
#8485=CARTESIAN_POINT('',(-0.01122440260697,0.00176731392429428,0.005));
#8486=CARTESIAN_POINT('',(-0.010899782245089,0.00156476664511061,0.005));
#8487=CARTESIAN_POINT('',(-0.010899782245089,0.00156476664511061,0.005));
#8488=CARTESIAN_POINT('',(-0.010899782245089,0.00156476664511061,0.007));
#8489=CARTESIAN_POINT('',(-0.010899782245089,0.00156476664511061,0.007));
#8490=CARTESIAN_POINT('',(-0.0109888952681705,0.00173617638989809,0.007));
#8491=CARTESIAN_POINT('',(-0.01122440260697,0.00176731392429428,0.007));
#8492=CARTESIAN_POINT('',(-0.010854337715368,0.0010630722178605,0.005));
#8493=CARTESIAN_POINT('',(-0.010854337715368,0.0010630722178605,0.007));
#8494=CARTESIAN_POINT('',(-0.0108252253864609,0.00128326200616892,0.005));
#8495=CARTESIAN_POINT('',(-0.0108252253864609,0.00128326200616892,0.007));
#8496=CARTESIAN_POINT('',(-0.0108403735630346,0.00145049348191895,0.005));
#8497=CARTESIAN_POINT('',(-0.0108403735630346,0.00145049348191895,0.007));
#8498=CARTESIAN_POINT('',(-0.010899782245089,0.00156476664511061,0.005));
#8499=CARTESIAN_POINT('',(-0.010899782245089,0.00156476664511061,0.007));
#8500=CARTESIAN_POINT('',(-0.010854337715368,0.0010630722178605,0.005));
#8501=CARTESIAN_POINT('',(-0.0108106692220074,0.00139335690032312,0.005));
#8502=CARTESIAN_POINT('',(-0.010899782245089,0.00156476664511061,0.005));
#8503=CARTESIAN_POINT('',(-0.010854337715368,0.0010630722178605,0.005));
#8504=CARTESIAN_POINT('',(-0.010854337715368,0.0010630722178605,0.005));
#8505=CARTESIAN_POINT('',(-0.010854337715368,0.0010630722178605,0.007));
#8506=CARTESIAN_POINT('',(-0.010854337715368,0.0010630722178605,0.007));
#8507=CARTESIAN_POINT('',(-0.0108106692220074,0.00139335690032312,0.007));
#8508=CARTESIAN_POINT('',(-0.010899782245089,0.00156476664511061,0.007));
#8509=CARTESIAN_POINT('',(-0.0108691470305076,0.000951062629894912,0.005));
#8510=CARTESIAN_POINT('',(-0.0108691470305076,0.000951062629894912,0.005));
#8511=CARTESIAN_POINT('',(-0.0108839563456473,0.000839053041929325,0.005));
#8512=CARTESIAN_POINT('',(-0.0108839563456473,0.000839053041929325,0.005));
#8513=CARTESIAN_POINT('',(-0.0108839563456473,0.000839053041929326,0.007));
#8514=CARTESIAN_POINT('',(-0.0108102894959782,0.00139622894104019,0.007));
#8515=CARTESIAN_POINT('',(-0.0113269686262547,0.000897625781936795,0.005));
#8516=CARTESIAN_POINT('',(-0.0113269686262547,0.000897625781936795,0.005));
#8517=CARTESIAN_POINT('',(-0.0117699809068622,0.000956198521944264,0.005));
#8518=CARTESIAN_POINT('',(-0.0117699809068622,0.000956198521944264,0.005));
#8519=CARTESIAN_POINT('',(-0.0117699809068622,0.000956198521944264,0.007));
#8520=CARTESIAN_POINT('',(-0.0107137879331611,0.000816554274697932,0.007));
#8521=CARTESIAN_POINT('',(-0.00885600679422164,0.00213688690112406,0.005));
#8522=CARTESIAN_POINT('',(-0.00890703247939832,0.00175095642976827,0.005));
#8523=CARTESIAN_POINT('',(-0.00890703247939832,0.00175095642976827,0.005));
#8524=CARTESIAN_POINT('',(-0.00890703247939833,0.00175095642976827,0.007));
#8525=CARTESIAN_POINT('',(-0.00885600679422164,0.00213688690112406,0.005));
#8526=CARTESIAN_POINT('',(-0.00880498110904495,0.00252281737247985,0.005));
#8527=CARTESIAN_POINT('',(-0.00880498110904495,0.00252281737247985,0.005));
#8528=CARTESIAN_POINT('',(-0.00880498110904496,0.00252281737247985,0.007));
#8529=CARTESIAN_POINT('',(-0.00898582563046186,0.00115500798097702,0.007));
#8530=CARTESIAN_POINT('',(-0.0095835542154141,0.00213481884753529,0.005));
#8531=CARTESIAN_POINT('',(-0.0095835542154141,0.00213481884753529,0.005));
#8532=CARTESIAN_POINT('',(-0.0103621273217832,0.00174682032259074,0.005));
#8533=CARTESIAN_POINT('',(-0.0103621273217832,0.00174682032259074,0.005));
#8534=CARTESIAN_POINT('',(-0.0103621273217832,0.00174682032259074,0.007));
#8535=CARTESIAN_POINT('',(-0.0095835542154141,0.00213481884753529,0.007));
#8536=CARTESIAN_POINT('',(-0.0106557238776409,0.00224479602185407,0.005));
#8537=CARTESIAN_POINT('',(-0.0106557238776409,0.00224479602185407,0.007));
#8538=CARTESIAN_POINT('',(-0.0105194386326932,0.00211889752318643,0.005));
#8539=CARTESIAN_POINT('',(-0.0105194386326932,0.00211889752318643,0.007));
#8540=CARTESIAN_POINT('',(-0.010421573114074,0.00195290562343199,0.005));
#8541=CARTESIAN_POINT('',(-0.010421573114074,0.00195290562343199,0.007));
#8542=CARTESIAN_POINT('',(-0.0103621273217832,0.00174682032259074,0.005));
#8543=CARTESIAN_POINT('',(-0.0103621273217832,0.00174682032259074,0.007));
#8544=CARTESIAN_POINT('',(-0.0106557238776409,0.00224479602185407,0.005));
#8545=CARTESIAN_POINT('',(-0.0104512960102194,0.00205594827385261,0.005));
#8546=CARTESIAN_POINT('',(-0.0103621273217832,0.00174682032259074,0.005));
#8547=CARTESIAN_POINT('',(-0.0106557238776409,0.00224479602185407,0.005));
#8548=CARTESIAN_POINT('',(-0.010655584155689,0.00224494764171162,0.007));
#8549=CARTESIAN_POINT('',(-0.010655584155689,0.00224494764171162,0.00633333333333333));
#8550=CARTESIAN_POINT('',(-0.010655584155689,0.00224494764171162,0.00566666666666667));
#8551=CARTESIAN_POINT('',(-0.010655584155689,0.00224494764171162,0.005));
#8552=CARTESIAN_POINT('',(-0.0106557238776409,0.00224479602185407,0.007));
#8553=CARTESIAN_POINT('',(-0.0106557238776409,0.00224479602185407,0.007));
#8554=CARTESIAN_POINT('',(-0.0104512960102194,0.00205594827385261,0.007));
#8555=CARTESIAN_POINT('',(-0.0103621273217832,0.00174682032259074,0.007));
#8556=CARTESIAN_POINT('',(-0.0112502232289178,0.00159967257694139,0.00500000000000001));
#8557=CARTESIAN_POINT('',(-0.0112502232289178,0.00159967257694139,0.005));
#8558=CARTESIAN_POINT('',(-0.0111495098473069,0.00247190116729963,0.005));
#8559=CARTESIAN_POINT('',(-0.0111495719438926,0.00247136337960447,0.005));
#8560=CARTESIAN_POINT('',(-0.0111495719438926,0.00247136337960447,0.00566666666666667));
#8561=CARTESIAN_POINT('',(-0.0111495719438926,0.00247136337960447,0.00633333333333333));
#8562=CARTESIAN_POINT('',(-0.0111495719438926,0.00247136337960447,0.007));
#8563=CARTESIAN_POINT('',(-0.0111495098473069,0.00247190116729963,0.007));
#8564=CARTESIAN_POINT('',(-0.0112502232289178,0.00159967257694139,0.007));
#8565=CARTESIAN_POINT('',(-0.0119314472499634,0.00224908907478173,0.005));
#8566=CARTESIAN_POINT('',(-0.0119314472499634,0.00224908907478173,0.007));
#8567=CARTESIAN_POINT('',(-0.0117409190041079,0.00244136225082571,0.005));
#8568=CARTESIAN_POINT('',(-0.0117409190041079,0.00244136225082571,0.007));
#8569=CARTESIAN_POINT('',(-0.0114802732032224,0.00251563294833168,0.005));
#8570=CARTESIAN_POINT('',(-0.0114802732032224,0.00251563294833168,0.007));
#8571=CARTESIAN_POINT('',(-0.0111495098473069,0.00247190116729963,0.005));
#8572=CARTESIAN_POINT('',(-0.0111495098473069,0.00247190116729963,0.007));
#8573=CARTESIAN_POINT('',(-0.0119314472499634,0.00224908907478173,0.005));
#8574=CARTESIAN_POINT('',(-0.0116456548811801,0.00253749883884771,0.005));
#8575=CARTESIAN_POINT('',(-0.0111495098473069,0.00247190116729963,0.005));
#8576=CARTESIAN_POINT('',(-0.0119314472499634,0.00224908907478173,0.005));
#8577=CARTESIAN_POINT('',(-0.0119314472499634,0.00224908907478173,0.005));
#8578=CARTESIAN_POINT('',(-0.0119314472499634,0.00224908907478173,0.007));
#8579=CARTESIAN_POINT('',(-0.0119314472499634,0.00224908907478173,0.007));
#8580=CARTESIAN_POINT('',(-0.0116456548811801,0.00253749883884771,0.007));
#8581=CARTESIAN_POINT('',(-0.0111495098473069,0.00247190116729963,0.007));
#8582=CARTESIAN_POINT('',(-0.0123057157835553,0.0012914938236393,0.005));
#8583=CARTESIAN_POINT('',(-0.0123057157835553,0.0012914938236393,0.007));
#8584=CARTESIAN_POINT('',(-0.0122467316736829,0.00173761748169027,0.005));
#8585=CARTESIAN_POINT('',(-0.0122467316736829,0.00173761748169027,0.007));
#8586=CARTESIAN_POINT('',(-0.0121219754958189,0.00205681589873775,0.005));
#8587=CARTESIAN_POINT('',(-0.0121219754958189,0.00205681589873775,0.007));
#8588=CARTESIAN_POINT('',(-0.0119314472499634,0.00224908907478173,0.005));
#8589=CARTESIAN_POINT('',(-0.0119314472499634,0.00224908907478173,0.007));
#8590=CARTESIAN_POINT('',(-0.0123057157835553,0.0012914938236393,0.005));
#8591=CARTESIAN_POINT('',(-0.0122172396187466,0.00196067931071576,0.005));
#8592=CARTESIAN_POINT('',(-0.0119314472499634,0.00224908907478173,0.005));
#8593=CARTESIAN_POINT('',(-0.0123057157835553,0.0012914938236393,0.005));
#8594=CARTESIAN_POINT('',(-0.0123057157835553,0.0012914938236393,0.005));
#8595=CARTESIAN_POINT('',(-0.0123057157835553,0.0012914938236393,0.007));
#8596=CARTESIAN_POINT('',(-0.0123057157835553,0.0012914938236393,0.007));
#8597=CARTESIAN_POINT('',(-0.0122172396187466,0.00196067931071576,0.007));
#8598=CARTESIAN_POINT('',(-0.0119314472499634,0.00224908907478173,0.007));
#8599=CARTESIAN_POINT('',(-0.0123688927016671,0.000813658049337393,0.005));
#8600=CARTESIAN_POINT('',(-0.0123688927016671,0.000813658049337393,0.005));
#8601=CARTESIAN_POINT('',(-0.0124320696197789,0.000335822275035484,0.005));
#8602=CARTESIAN_POINT('',(-0.0124320696197789,0.000335822275035484,0.005));
#8603=CARTESIAN_POINT('',(-0.0124320696197789,0.000335822275035485,0.007));
#8604=CARTESIAN_POINT('',(-0.0122664141395308,0.00158875003785566,0.007));
#8605=CARTESIAN_POINT('',(-0.0107917753652444,0.00011895124659616,0.005));
#8606=CARTESIAN_POINT('',(-0.0107917753652444,0.00011895124659616,0.005));
#8607=CARTESIAN_POINT('',(-0.00915148111070988,-9.7919781843165E-5,0.005));
#8608=CARTESIAN_POINT('',(-0.00915148111070988,-9.7919781843165E-5,0.005));
#8609=CARTESIAN_POINT('',(-0.00915148111070989,-9.79197818431639E-5,0.007));
#8610=CARTESIAN_POINT('',(-0.0108057765637401,0.000120802410988617,0.007));
#8611=CARTESIAN_POINT('',(-0.00910548679542039,0.000249956150011493,0.005));
#8612=CARTESIAN_POINT('',(-0.00910548679542039,0.000249956150011493,0.005));
#8613=CARTESIAN_POINT('',(-0.00905949248013089,0.00059783208186615,0.005));
#8614=CARTESIAN_POINT('',(-0.00905949248013089,0.00059783208186615,0.005));
#8615=CARTESIAN_POINT('',(-0.00905949248013089,0.000597832081866151,0.007));
#8616=CARTESIAN_POINT('',(-0.00898582563046186,0.00115500798097702,0.007));
#8617=CARTESIAN_POINT('',(-0.00968882840225805,0.000681039548019386,0.005));
#8618=CARTESIAN_POINT('',(-0.00968882840225805,0.000681039548019386,0.005));
#8619=CARTESIAN_POINT('',(-0.0103181643243852,0.000764247014172623,0.005));
#8620=CARTESIAN_POINT('',(-0.0103181643243852,0.000764247014172623,0.005));
#8621=CARTESIAN_POINT('',(-0.0103181643243852,0.000764247014172623,0.007));
#8622=CARTESIAN_POINT('',(-0.0107137879331611,0.000816554274697932,0.007));
#8623=CARTESIAN_POINT('',(-0.010293719461254,0.000949134635333767,0.005));
#8624=CARTESIAN_POINT('',(-0.010293719461254,0.000949134635333767,0.005));
#8625=CARTESIAN_POINT('',(-0.0102692745981229,0.00113402225649491,0.005));
#8626=CARTESIAN_POINT('',(-0.0102692745981229,0.00113402225649491,0.005));
#8627=CARTESIAN_POINT('',(-0.0102692745981229,0.00113402225649491,0.007));
#8628=CARTESIAN_POINT('',(-0.0102444974747162,0.00132142291328349,0.007));
#8629=CARTESIAN_POINT('',(-0.00958815353876061,0.00144248934313159,0.005));
#8630=CARTESIAN_POINT('',(-0.00958815353876061,0.00144248934313159,0.005));
#8631=CARTESIAN_POINT('',(-0.00958815353876061,0.00144248934313159,0.007));
#8632=CARTESIAN_POINT('',(-0.0117560259752883,0.00106174601829645,0.005));
#8633=CARTESIAN_POINT('',(-0.0117560259752883,0.00106174601829645,0.005));
#8634=CARTESIAN_POINT('',(-0.0116963140571932,0.00151337442105513,0.007));
#8635=CARTESIAN_POINT('',(-0.010640121083492,0.0013737301738088,0.007));
#8636=CARTESIAN_POINT('',(0.,0.,0.005));
#8637=CARTESIAN_POINT('',(-0.00829825493153934,0.00520366338853558,0.005));
#8638=CARTESIAN_POINT('',(-0.00829825493153934,0.00520366338853558,0.007));
#8639=CARTESIAN_POINT('',(-0.00835379766286733,0.00535194729226206,0.005));
#8640=CARTESIAN_POINT('',(-0.00835379766286733,0.00535194729226206,0.007));
#8641=CARTESIAN_POINT('',(-0.0084939797414641,0.00548771292167769,0.005));
#8642=CARTESIAN_POINT('',(-0.0084939797414641,0.00548771292167769,0.007));
#8643=CARTESIAN_POINT('',(-0.00871880116732963,0.00561096027678246,0.005));
#8644=CARTESIAN_POINT('',(-0.00871880116732963,0.00561096027678246,0.007));
#8645=CARTESIAN_POINT('',(-0.00871880116732963,0.00561096027678246,0.005));
#8646=CARTESIAN_POINT('',(-0.00871880116732963,0.00561096027678246,0.005));
#8647=CARTESIAN_POINT('',(-0.00871880116732963,0.00561096027678246,0.007));
#8648=CARTESIAN_POINT('',(-0.00829825493153934,0.00520366338853558,0.005));
#8649=CARTESIAN_POINT('',(-0.00838156902853133,0.0054260892441253,0.005));
#8650=CARTESIAN_POINT('',(-0.00871880116732963,0.00561096027678246,0.005));
#8651=CARTESIAN_POINT('',(-0.00829825493153934,0.00520366338853558,0.005));
#8652=CARTESIAN_POINT('',(-0.00829825493153934,0.00520366338853558,0.005));
#8653=CARTESIAN_POINT('',(-0.00829825493153935,0.00520366338853558,0.007));
#8654=CARTESIAN_POINT('',(-0.00829825493153934,0.00520366338853558,0.007));
#8655=CARTESIAN_POINT('',(-0.00838156902853133,0.0054260892441253,0.007));
#8656=CARTESIAN_POINT('',(-0.00871880116732963,0.00561096027678246,0.007));
#8657=CARTESIAN_POINT('',(-0.00838031511046478,0.00467957036547092,0.005));
#8658=CARTESIAN_POINT('',(-0.00838031511046478,0.00467957036547092,0.007));
#8659=CARTESIAN_POINT('',(-0.0082700655931865,0.00488068181045421,0.005));
#8660=CARTESIAN_POINT('',(-0.0082700655931865,0.00488068181045421,0.007));
#8661=CARTESIAN_POINT('',(-0.00824271220021135,0.00505537948480909,0.005));
#8662=CARTESIAN_POINT('',(-0.00824271220021135,0.00505537948480909,0.007));
#8663=CARTESIAN_POINT('',(-0.00829825493153934,0.00520366338853558,0.005));
#8664=CARTESIAN_POINT('',(-0.00829825493153934,0.00520366338853558,0.007));
#8665=CARTESIAN_POINT('',(-0.00838031511046478,0.00467957036547092,0.005));
#8666=CARTESIAN_POINT('',(-0.00821494083454736,0.00498123753294585,0.005));
#8667=CARTESIAN_POINT('',(-0.00829825493153934,0.00520366338853558,0.005));
#8668=CARTESIAN_POINT('',(-0.00838031511046478,0.00467957036547092,0.005));
#8669=CARTESIAN_POINT('',(-0.00838031511046478,0.00467957036547092,0.005));
#8670=CARTESIAN_POINT('',(-0.00838031511046479,0.00467957036547092,0.007));
#8671=CARTESIAN_POINT('',(-0.00838031511046478,0.00467957036547092,0.007));
#8672=CARTESIAN_POINT('',(-0.00821494083454736,0.00498123753294585,0.007));
#8673=CARTESIAN_POINT('',(-0.00829825493153934,0.00520366338853558,0.007));
#8674=CARTESIAN_POINT('',(-0.00878211004409472,0.00431878003669825,0.005));
#8675=CARTESIAN_POINT('',(-0.00878211004409472,0.00431878003669825,0.007));
#8676=CARTESIAN_POINT('',(-0.00862820994023681,0.00435142119731133,0.005));
#8677=CARTESIAN_POINT('',(-0.00862820994023681,0.00435142119731133,0.007));
#8678=CARTESIAN_POINT('',(-0.00849427829569349,0.00447168464023556,0.005));
#8679=CARTESIAN_POINT('',(-0.00849427829569349,0.00447168464023556,0.007));
#8680=CARTESIAN_POINT('',(-0.00838031511046478,0.00467957036547092,0.005));
#8681=CARTESIAN_POINT('',(-0.00838031511046478,0.00467957036547092,0.007));
#8682=CARTESIAN_POINT('',(-0.00878211004409472,0.00431878003669825,0.005));
#8683=CARTESIAN_POINT('',(-0.00855125988830785,0.00436774177761788,0.005));
#8684=CARTESIAN_POINT('',(-0.00838031511046478,0.00467957036547092,0.005));
#8685=CARTESIAN_POINT('',(-0.00878211004409472,0.00431878003669825,0.005));
#8686=CARTESIAN_POINT('',(-0.00878211004409472,0.00431878003669825,0.005));
#8687=CARTESIAN_POINT('',(-0.00878211004409472,0.00431878003669825,0.007));
#8688=CARTESIAN_POINT('',(-0.00878211004409472,0.00431878003669825,0.007));
#8689=CARTESIAN_POINT('',(-0.00855125988830785,0.00436774177761788,0.007));
#8690=CARTESIAN_POINT('',(-0.00838031511046478,0.00467957036547092,0.007));
#8691=CARTESIAN_POINT('',(-0.009348287072359,0.00445364485932474,0.005));
#8692=CARTESIAN_POINT('',(-0.009348287072359,0.00445364485932474,0.007));
#8693=CARTESIAN_POINT('',(-0.00912473582404073,0.00433109381696066,0.005));
#8694=CARTESIAN_POINT('',(-0.00912473582404073,0.00433109381696066,0.007));
#8695=CARTESIAN_POINT('',(-0.00893601014795263,0.00428613887608517,0.005));
#8696=CARTESIAN_POINT('',(-0.00893601014795263,0.00428613887608517,0.007));
#8697=CARTESIAN_POINT('',(-0.00878211004409472,0.00431878003669825,0.005));
#8698=CARTESIAN_POINT('',(-0.00878211004409472,0.00431878003669825,0.007));
#8699=CARTESIAN_POINT('',(-0.009348287072359,0.00445364485932474,0.005));
#8700=CARTESIAN_POINT('',(-0.00901296019988159,0.00426981829577863,0.005));
#8701=CARTESIAN_POINT('',(-0.00878211004409472,0.00431878003669825,0.005));
#8702=CARTESIAN_POINT('',(-0.009348287072359,0.00445364485932474,0.005));
#8703=CARTESIAN_POINT('',(-0.009348287072359,0.00445364485932474,0.005));
#8704=CARTESIAN_POINT('',(-0.009348287072359,0.00445364485932474,0.007));
#8705=CARTESIAN_POINT('',(-0.009348287072359,0.00445364485932474,0.007));
#8706=CARTESIAN_POINT('',(-0.00901296019988159,0.00426981829577863,0.007));
#8707=CARTESIAN_POINT('',(-0.00878211004409472,0.00431878003669825,0.007));
#8708=CARTESIAN_POINT('',(-0.0102364587222826,0.00494054154326268,0.005));
#8709=CARTESIAN_POINT('',(-0.0102364587222826,0.00494054154326268,0.005));
#8710=CARTESIAN_POINT('',(-0.0111246303722062,0.00542743822720061,0.005));
#8711=CARTESIAN_POINT('',(-0.0111246303722062,0.00542743822720061,0.005));
#8712=CARTESIAN_POINT('',(-0.0111246303722062,0.00542743822720061,0.007));
#8713=CARTESIAN_POINT('',(-0.00966614900356154,0.00462789712268615,0.007));
#8714=CARTESIAN_POINT('',(-0.0112926158209012,0.00512100789392344,0.005));
#8715=CARTESIAN_POINT('',(-0.0112926158209012,0.00512100789392344,0.005));
#8716=CARTESIAN_POINT('',(-0.0114606012695963,0.00481457756064626,0.005));
#8717=CARTESIAN_POINT('',(-0.0114606012695963,0.00481457756064626,0.005));
#8718=CARTESIAN_POINT('',(-0.0114606012695963,0.00481457756064626,0.007));
#8719=CARTESIAN_POINT('',(-0.0108302641610731,0.00596440578530601,0.007));
#8720=CARTESIAN_POINT('',(-0.0105257505948108,0.00430209138348742,0.005));
#8721=CARTESIAN_POINT('',(-0.0105257505948108,0.00430209138348742,0.005));
#8722=CARTESIAN_POINT('',(-0.00959089992002531,0.00378960520632858,0.005));
#8723=CARTESIAN_POINT('',(-0.00959089992002531,0.00378960520632858,0.005));
#8724=CARTESIAN_POINT('',(-0.00959089992002531,0.00378960520632858,0.007));
#8725=CARTESIAN_POINT('',(-0.0100021199009517,0.0040150364561318,0.007));
#8726=CARTESIAN_POINT('',(-0.00863620396527001,0.00366888970971824,0.005));
#8727=CARTESIAN_POINT('',(-0.00863620396527001,0.00366888970971824,0.007));
#8728=CARTESIAN_POINT('',(-0.0089407282027555,0.00356739697788757,0.005));
#8729=CARTESIAN_POINT('',(-0.0089407282027555,0.00356739697788757,0.007));
#8730=CARTESIAN_POINT('',(-0.00925896018767394,0.00360763547675768,0.005));
#8731=CARTESIAN_POINT('',(-0.00925896018767394,0.00360763547675768,0.007));
#8732=CARTESIAN_POINT('',(-0.00959089992002531,0.00378960520632858,0.005));
#8733=CARTESIAN_POINT('',(-0.00959089992002531,0.00378960520632858,0.007));
#8734=CARTESIAN_POINT('',(-0.00863620396527001,0.00366888970971824,0.005));
#8735=CARTESIAN_POINT('',(-0.00909299032149825,0.00351665061197223,0.005));
#8736=CARTESIAN_POINT('',(-0.00959089992002531,0.00378960520632858,0.005));
#8737=CARTESIAN_POINT('',(-0.00863620396527001,0.00366888970971824,0.005));
#8738=CARTESIAN_POINT('',(-0.00863620396527001,0.00366888970971824,0.005));
#8739=CARTESIAN_POINT('',(-0.00863620396527001,0.00366888970971824,0.007));
#8740=CARTESIAN_POINT('',(-0.00863620396527001,0.00366888970971824,0.007));
#8741=CARTESIAN_POINT('',(-0.00909299032149825,0.00351665061197223,0.007));
#8742=CARTESIAN_POINT('',(-0.00959089992002531,0.00378960520632858,0.007));
#8743=CARTESIAN_POINT('',(-0.00787269184676123,0.00438064201703356,0.005));
#8744=CARTESIAN_POINT('',(-0.00787269184676123,0.00438064201703356,0.007));
#8745=CARTESIAN_POINT('',(-0.00807717568828158,0.00400763321065402,0.005));
#8746=CARTESIAN_POINT('',(-0.00807717568828158,0.00400763321065402,0.007));
#8747=CARTESIAN_POINT('',(-0.00833167972778451,0.00377038244154892,0.005));
#8748=CARTESIAN_POINT('',(-0.00833167972778451,0.00377038244154892,0.007));
#8749=CARTESIAN_POINT('',(-0.00863620396527001,0.00366888970971824,0.005));
#8750=CARTESIAN_POINT('',(-0.00863620396527001,0.00366888970971824,0.007));
#8751=CARTESIAN_POINT('',(-0.00787269184676123,0.00438064201703356,0.005));
#8752=CARTESIAN_POINT('',(-0.00817941760904176,0.00382112880746425,0.005));
#8753=CARTESIAN_POINT('',(-0.00863620396527001,0.00366888970971824,0.005));
#8754=CARTESIAN_POINT('',(-0.00787269184676123,0.00438064201703356,0.005));
#8755=CARTESIAN_POINT('',(-0.00787269184676123,0.00438064201703356,0.005));
#8756=CARTESIAN_POINT('',(-0.00787269184676123,0.00438064201703356,0.007));
#8757=CARTESIAN_POINT('',(-0.00787269184676123,0.00438064201703356,0.007));
#8758=CARTESIAN_POINT('',(-0.00817941760904176,0.00382112880746425,0.007));
#8759=CARTESIAN_POINT('',(-0.00863620396527001,0.00366888970971824,0.007));
#8760=CARTESIAN_POINT('',(-0.00764942408721334,0.00509451922170214,0.005));
#8761=CARTESIAN_POINT('',(-0.00764942408721334,0.00509451922170214,0.007));
#8762=CARTESIAN_POINT('',(-0.0076627203800547,0.00486586231445693,0.005));
#8763=CARTESIAN_POINT('',(-0.0076627203800547,0.00486586231445693,0.007));
#8764=CARTESIAN_POINT('',(-0.00773714296657066,0.00462790324623407,0.005));
#8765=CARTESIAN_POINT('',(-0.00773714296657066,0.00462790324623407,0.007));
#8766=CARTESIAN_POINT('',(-0.00787269184676123,0.00438064201703356,0.005));
#8767=CARTESIAN_POINT('',(-0.00787269184676123,0.00438064201703356,0.007));
#8768=CARTESIAN_POINT('',(-0.00764942408721334,0.00509451922170214,0.005));
#8769=CARTESIAN_POINT('',(-0.00766936852647538,0.00475153386083433,0.005));
#8770=CARTESIAN_POINT('',(-0.00787269184676123,0.00438064201703356,0.005));
#8771=CARTESIAN_POINT('',(-0.00764942408721334,0.00509451922170214,0.005));
#8772=CARTESIAN_POINT('',(-0.007650185119794,0.00509457774188432,0.007));
#8773=CARTESIAN_POINT('',(-0.007650185119794,0.00509457774188432,0.00633333333333333));
#8774=CARTESIAN_POINT('',(-0.007650185119794,0.00509457774188432,0.00566666666666667));
#8775=CARTESIAN_POINT('',(-0.007650185119794,0.00509457774188432,0.005));
#8776=CARTESIAN_POINT('',(-0.00764942408721335,0.00509451922170214,0.007));
#8777=CARTESIAN_POINT('',(-0.00764942408721334,0.00509451922170214,0.007));
#8778=CARTESIAN_POINT('',(-0.00766936852647538,0.00475153386083433,0.007));
#8779=CARTESIAN_POINT('',(-0.00787269184676123,0.00438064201703356,0.007));
#8780=CARTESIAN_POINT('',(-0.00871543193321958,0.00517649071009298,0.00500000000000001));
#8781=CARTESIAN_POINT('',(-0.00871543193321958,0.00517649071009298,0.005));
#8782=CARTESIAN_POINT('',(-0.00779259105282006,0.00571399976690176,0.005));
#8783=CARTESIAN_POINT('',(-0.00779222328831564,0.00571421397149119,0.005));
#8784=CARTESIAN_POINT('',(-0.00779222328831564,0.00571421397149119,0.00566666666666667));
#8785=CARTESIAN_POINT('',(-0.00779222328831564,0.00571421397149119,0.00633333333333333));
#8786=CARTESIAN_POINT('',(-0.00779222328831564,0.00571421397149119,0.007));
#8787=CARTESIAN_POINT('',(-0.00779259105282006,0.00571399976690176,0.007));
#8788=CARTESIAN_POINT('',(-0.00871543193321958,0.00517649071009298,0.007));
#8789=CARTESIAN_POINT('',(-0.00827769246591995,0.00616701023100229,0.005));
#8790=CARTESIAN_POINT('',(-0.00827769246591995,0.00616701023100229,0.007));
#8791=CARTESIAN_POINT('',(-0.00806303246043251,0.00604933337782315,0.005));
#8792=CARTESIAN_POINT('',(-0.00806303246043251,0.00604933337782315,0.007));
#8793=CARTESIAN_POINT('',(-0.00790133198939922,0.00589832988978964,0.005));
#8794=CARTESIAN_POINT('',(-0.00790133198939922,0.00589832988978964,0.007));
#8795=CARTESIAN_POINT('',(-0.00779259105282006,0.00571399976690176,0.005));
#8796=CARTESIAN_POINT('',(-0.00779259105282006,0.00571399976690176,0.007));
#8797=CARTESIAN_POINT('',(-0.00827769246591995,0.00616701023100229,0.005));
#8798=CARTESIAN_POINT('',(-0.0079557024576888,0.00599049495123358,0.005));
#8799=CARTESIAN_POINT('',(-0.00779259105282006,0.00571399976690176,0.005));
#8800=CARTESIAN_POINT('',(-0.00827769246591995,0.00616701023100229,0.005));
#8801=CARTESIAN_POINT('',(-0.00827769246591995,0.00616701023100229,0.005));
#8802=CARTESIAN_POINT('',(-0.00827769246591995,0.00616701023100229,0.007));
#8803=CARTESIAN_POINT('',(-0.00827769246591995,0.00616701023100229,0.007));
#8804=CARTESIAN_POINT('',(-0.0079557024576888,0.00599049495123358,0.007));
#8805=CARTESIAN_POINT('',(-0.00779259105282006,0.00571399976690176,0.007));
#8806=CARTESIAN_POINT('',(-0.00921635367334723,0.00668158534638325,0.005));
#8807=CARTESIAN_POINT('',(-0.00921635367334723,0.00668158534638325,0.005));
#8808=CARTESIAN_POINT('',(-0.0101550148807745,0.00719616046176421,0.005));
#8809=CARTESIAN_POINT('',(-0.0101550148807745,0.00719616046176421,0.005));
#8810=CARTESIAN_POINT('',(-0.0101550148807745,0.00719616046176421,0.007));
#8811=CARTESIAN_POINT('',(-0.00869653351212989,0.00639661935724974,0.007));
#8812=CARTESIAN_POINT('',(-0.0103231744076548,0.00688941258410022,0.005));
#8813=CARTESIAN_POINT('',(-0.0103231744076548,0.00688941258410022,0.005));
#8814=CARTESIAN_POINT('',(-0.010491333934535,0.00658266470643623,0.005));
#8815=CARTESIAN_POINT('',(-0.010491333934535,0.00658266470643623,0.005));
#8816=CARTESIAN_POINT('',(-0.010491333934535,0.00658266470643622,0.007));
#8817=CARTESIAN_POINT('',(-0.0108302641610731,0.00596440578530601,0.007));
#8818=CARTESIAN_POINT('',(-0.00960506755093232,0.00609681249160934,0.005));
#8819=CARTESIAN_POINT('',(-0.00960506755093232,0.00609681249160934,0.005));
#8820=CARTESIAN_POINT('',(-0.00903285256589038,0.00578312360192176,0.007));
#8821=CARTESIAN_POINT('',(-0.00937178279242852,0.00516486468079154,0.007));
#8822=CARTESIAN_POINT('',(0.,0.,0.005));
#8823=CARTESIAN_POINT('',(0.00548255244640986,-0.0104152332125144,0.005));
#8824=CARTESIAN_POINT('',(0.00550382408676305,-0.00972505217997548,0.005));
#8825=CARTESIAN_POINT('',(0.00546128080605667,-0.0111054142450533,0.005));
#8826=CARTESIAN_POINT('',(0.00512989585814722,-0.0112866378087955,0.005));
#8827=CARTESIAN_POINT('',(0.00479851091023777,-0.0114678613725377,0.005));
#8828=CARTESIAN_POINT('',(0.00486040297146726,-0.0104987406799498,0.005));
#8829=CARTESIAN_POINT('',(0.00492229503269675,-0.00952961998736201,0.005));
#8830=CARTESIAN_POINT('',(0.00403157957069249,-0.00906617765503456,0.005));
#8831=CARTESIAN_POINT('',(0.00314086410868824,-0.00860273532270711,0.005));
#8832=CARTESIAN_POINT('',(0.00349226559707544,-0.00841056536920868,0.005));
#8833=CARTESIAN_POINT('',(0.00384366708546264,-0.00821839541571026,0.005));
#8834=CARTESIAN_POINT('',(0.00448165032398061,-0.00858272191784793,0.005));
#8835=CARTESIAN_POINT('',(0.00511963356249858,-0.0089470484199856,0.005));
#8836=CARTESIAN_POINT('',(0.00515681141152383,-0.00821349845384779,0.005));
#8837=CARTESIAN_POINT('',(0.00519398926054909,-0.00747994848770999,0.005));
#8838=CARTESIAN_POINT('',(0.00552378559413491,-0.00729959368505957,0.005));
#8839=CARTESIAN_POINT('',(0.00585358192772073,-0.00711923888240915,0.005));
#8840=CARTESIAN_POINT('',(0.00578127429123545,-0.00813120231472729,0.005));
#8841=CARTESIAN_POINT('',(0.00570896665475018,-0.00914316574704542,0.005));
#8842=CARTESIAN_POINT('',(0.00654432905901189,-0.00959973204884164,0.005));
#8843=CARTESIAN_POINT('',(0.0073796914632736,-0.0100562983506378,0.005));
#8844=CARTESIAN_POINT('',(0.00704004572088127,-0.0102420394720572,0.005));
#8845=CARTESIAN_POINT('',(0.00670039997848894,-0.0104277805934766,0.005));
#8846=CARTESIAN_POINT('',(0.00610211203262599,-0.010076416386726,0.005));
#8847=CARTESIAN_POINT('',(-0.0761638198284188,-0.0144310733908147,0.005));
#8848=CARTESIAN_POINT('',(-0.000317301847659083,-0.0109449214639934,0.005));
#8849=CARTESIAN_POINT('',(-0.000285704495827334,-0.0117140434422773,0.005));
#8850=CARTESIAN_POINT('',(-0.000275436404712905,-0.0117132104071907,0.005));
#8851=CARTESIAN_POINT('',(-0.000265329988299672,-0.0117123904885546,0.005));
#8852=CARTESIAN_POINT('',(5.50874993699916E-5,-0.010386439699987,0.005));
#8853=CARTESIAN_POINT('',(0.000375504987039655,-0.00906048891141933,0.005));
#8854=CARTESIAN_POINT('',(0.000696022764716444,-0.00903448577753095,0.005));
#8855=CARTESIAN_POINT('',(0.00101654054239323,-0.00900848264364258,0.005));
#8856=CARTESIAN_POINT('',(0.00151852791547927,-0.0102698928552601,0.005));
#8857=CARTESIAN_POINT('',(0.00202051528856529,-0.0115313030668777,0.005));
#8858=CARTESIAN_POINT('',(0.00203062170497853,-0.0115304831482416,0.005));
#8859=CARTESIAN_POINT('',(0.00204072812139176,-0.0115296632296055,0.005));
#8860=CARTESIAN_POINT('',(0.00204072812139176,-0.0115296632296055,0.005));
#8861=CARTESIAN_POINT('',(0.00193340268895797,-0.0107441547994987,0.005));
#8862=CARTESIAN_POINT('',(0.00191196767318513,-0.0104799441989813,0.005));
#8863=CARTESIAN_POINT('',(0.00191196767318513,-0.0104799441989813,0.005));
#8864=CARTESIAN_POINT('',(0.00184974170526532,-0.00971293938190566,0.005));
#8865=CARTESIAN_POINT('',(0.00178751573734551,-0.00894593456483001,0.005));
#8866=CARTESIAN_POINT('',(0.00210009275926905,-0.00892057565272716,0.005));
#8867=CARTESIAN_POINT('',(0.00241266978119258,-0.00889521674062432,0.005));
#8868=CARTESIAN_POINT('',(0.00254646293292228,-0.0105443673331978,0.005));
#8869=CARTESIAN_POINT('',(0.00268025608465198,-0.0121935179257713,0.005));
#8870=CARTESIAN_POINT('',(0.00220417168290008,-0.0122321419500942,0.005));
#8871=CARTESIAN_POINT('',(0.00172808728114819,-0.0122707659744171,0.005));
#8872=CARTESIAN_POINT('',(0.00123559328624438,-0.011041284299339,0.005));
#8873=CARTESIAN_POINT('',(0.000743099291340567,-0.00981180262426089,0.005));
#8874=CARTESIAN_POINT('',(0.000736241365917303,-0.00981235899762112,0.005));
#8875=CARTESIAN_POINT('',(0.000729383440494038,-0.00981291537098134,0.005));
#8876=CARTESIAN_POINT('',(0.000417695443659237,-0.0111076391432479,0.005));
#8877=CARTESIAN_POINT('',(0.000106007446824435,-0.0124023629155144,0.005));
#8878=CARTESIAN_POINT('',(-0.000369716011484132,-0.0124409576570289,0.005));
#8879=CARTESIAN_POINT('',(-0.000845439469792701,-0.0124795523985434,0.005));
#8880=CARTESIAN_POINT('',(-0.0009792326215224,-0.0108304018059699,0.005));
#8881=CARTESIAN_POINT('',(-0.0011130257732521,-0.00918125121339641,0.005));
#8882=CARTESIAN_POINT('',(-0.000787093843925365,-0.00915480883738154,0.005));
#8883=CARTESIAN_POINT('',(-0.00046116191459863,-0.00912836646136668,0.005));
#8884=CARTESIAN_POINT('',(-0.000397823199958372,-0.00990908712928886,0.005));
#8885=CARTESIAN_POINT('',(-0.000334465889180998,-0.0106898063297939,0.005));
#8886=CARTESIAN_POINT('',(-0.0107506860497169,-0.0115117479991372,0.005));
#8887=CARTESIAN_POINT('',(-0.00260799155836374,-0.010459062928335,0.005));
#8888=CARTESIAN_POINT('',(-0.00148474936215405,-0.00910262241975136,0.005));
#8889=CARTESIAN_POINT('',(-0.00373123375457343,-0.0118155034369186,0.005));
#8890=CARTESIAN_POINT('',(-0.00413347458540686,-0.0116670500149095,0.005));
#8891=CARTESIAN_POINT('',(-0.00453571541624029,-0.0115185965929004,0.005));
#8892=CARTESIAN_POINT('',(-0.00451048197446781,-0.00975691836477825,0.005));
#8893=CARTESIAN_POINT('',(-0.00448524853269532,-0.00799524013665613,0.005));
#8894=CARTESIAN_POINT('',(-0.00413056996226449,-0.00812613994457635,0.005));
#8895=CARTESIAN_POINT('',(-0.00377589139183366,-0.00825703975249658,0.005));
#8896=CARTESIAN_POINT('',(-0.00379985727708711,-0.0086681682209356,0.005));
#8897=CARTESIAN_POINT('',(-0.00382382316234055,-0.00907929668937462,0.005));
#8898=CARTESIAN_POINT('',(-0.00325783226354959,-0.00928818469703275,0.005));
#8899=CARTESIAN_POINT('',(-0.00269184136475863,-0.00949707270469089,0.005));
#8900=CARTESIAN_POINT('',(-0.00244297393388717,-0.0091689477543009,0.005));
#8901=CARTESIAN_POINT('',(-0.0021941065030157,-0.00884082280391091,0.005));
#8902=CARTESIAN_POINT('',(-0.00183942793258488,-0.00897172261183114,0.005));
#8903=CARTESIAN_POINT('',(-0.000292616573612709,0.0112029080709777,0.005));
#8904=CARTESIAN_POINT('',(-0.000198381907686701,0.0111390986833248,0.005));
#8905=CARTESIAN_POINT('',(0.000153306975754916,0.0109742211479839,0.005));
#8906=CARTESIAN_POINT('',(-0.000292616573612709,0.0112029080709777,0.005));
#8907=CARTESIAN_POINT('',(0.000153306975754916,0.0109742211479839,0.005));
#8908=CARTESIAN_POINT('',(0.000153306975754916,0.0109742211479839,0.005));
#8909=CARTESIAN_POINT('',(0.000619082103149052,0.0107550869890127,0.005));
#8910=CARTESIAN_POINT('',(0.000792628339854584,0.0105335713575607,0.005));
#8911=CARTESIAN_POINT('',(0.000792628339854584,0.0105335713575607,0.005));
#8912=CARTESIAN_POINT('',(0.000792628339854584,0.0105335713575607,0.005));
#8913=CARTESIAN_POINT('',(0.000966174576560117,0.0103120557261087,0.005));
#8914=CARTESIAN_POINT('',(0.000968411627991705,0.00998831983351009,0.005));
#8915=CARTESIAN_POINT('',(0.000968411627991705,0.00998831983351009,0.005));
#8916=CARTESIAN_POINT('',(0.000968411627991705,0.00998831983351009,0.005));
#8917=CARTESIAN_POINT('',(0.000971509468788469,0.00954001442519127,0.005));
#8918=CARTESIAN_POINT('',(0.000650644074342608,0.00927959283207234,0.005));
#8919=CARTESIAN_POINT('',(0.000650644074342608,0.00927959283207234,0.005));
#8920=CARTESIAN_POINT('',(0.000650644074342608,0.00927959283207234,0.005));
#8921=CARTESIAN_POINT('',(0.000329778679896747,0.00901917123895341,0.005));
#8922=CARTESIAN_POINT('',(-0.00024454472688326,0.00901520259961281,0.005));
#8923=CARTESIAN_POINT('',(-0.00024454472688326,0.00901520259961281,0.005));
#8924=CARTESIAN_POINT('',(-0.00024454472688326,0.00901520259961281,0.005));
#8925=CARTESIAN_POINT('',(-0.000774689410064804,0.00901153924022148,0.005));
#8926=CARTESIAN_POINT('',(-0.00118309432692277,0.00920861727926544,0.005));
#8927=CARTESIAN_POINT('',(-0.00118309432692277,0.00920861727926544,0.005));
#8928=CARTESIAN_POINT('',(-0.00118534639212236,0.00953452589597541,0.005));
#8929=CARTESIAN_POINT('',(-0.00118759845732195,0.00986043451268538,0.005));
#8930=CARTESIAN_POINT('',(-0.00118759845732195,0.00986043451268538,0.005));
#8931=CARTESIAN_POINT('',(-0.000851962994174572,0.00971282866927037,0.005));
#8932=CARTESIAN_POINT('',(-0.000619423249436106,0.00965359636503221,0.005));
#8933=CARTESIAN_POINT('',(-0.000619423249436106,0.00965359636503221,0.005));
#8934=CARTESIAN_POINT('',(-0.000175869341528893,0.0112906572846976,0.005));
#8935=CARTESIAN_POINT('',(-0.000194235300153528,0.00959569528155648,0.005));
#8936=CARTESIAN_POINT('',(-0.000194235300153528,0.00959569528155648,0.005));
#8937=CARTESIAN_POINT('',(3.60734556548477E-5,0.00959728674096419,0.005));
#8938=CARTESIAN_POINT('',(0.000158948551715513,0.00968613534995705,0.005));
#8939=CARTESIAN_POINT('',(0.000158948551715513,0.00968613534995705,0.005));
#8940=CARTESIAN_POINT('',(0.000158948551715513,0.00968613534995705,0.005));
#8941=CARTESIAN_POINT('',(0.000281823647776179,0.00977498395894992,0.005));
#8942=CARTESIAN_POINT('',(0.000280617541747067,0.00994952612923237,0.005));
#8943=CARTESIAN_POINT('',(0.000280617541747067,0.00994952612923237,0.005));
#8944=CARTESIAN_POINT('',(-9.52177379886481E-6,0.00995188813295262,0.005));
#8945=CARTESIAN_POINT('',(0.000225309665891924,0.0101224074992413,0.005));
#8946=CARTESIAN_POINT('',(-0.000253215306247831,0.00974882015817127,0.005));
#8947=CARTESIAN_POINT('',(6.43996951732617E-5,0.0102670755967752,0.005));
#8948=CARTESIAN_POINT('',(6.43996951732617E-5,0.0102670755967752,0.005));
#8949=CARTESIAN_POINT('',(-4.14603671002049E-5,0.0103362367212773,0.005));
#8950=CARTESIAN_POINT('',(-0.000366262237226575,0.0104882630817551,0.005));
#8951=CARTESIAN_POINT('',(-0.000366262237226575,0.0104882630817551,0.005));
#8952=CARTESIAN_POINT('',(-0.000366262237226575,0.0104882630817551,0.005));
#8953=CARTESIAN_POINT('',(-0.000669981034180095,0.0106288467133961,0.005));
#8954=CARTESIAN_POINT('',(-0.000822615431962013,0.0107588859399854,0.005));
#8955=CARTESIAN_POINT('',(-0.000822615431962013,0.0107588859399854,0.005));
#8956=CARTESIAN_POINT('',(-0.000161950396013721,0.0115406811518745,0.005));
#8957=CARTESIAN_POINT('',(-0.00106730574849211,0.011062683783435,0.005));
#8958=CARTESIAN_POINT('',(-0.000285531987461869,0.0114530345963148,0.005));
#8959=CARTESIAN_POINT('',(-0.00116032885759451,0.0114692398397263,0.005));
#8960=CARTESIAN_POINT('',(-0.00116032885759451,0.0114692398397263,0.005));
#8961=CARTESIAN_POINT('',(-0.00116336664331928,0.0119088543515995,0.005));
#8962=CARTESIAN_POINT('',(-0.000867437530261193,0.0121618608726818,0.005));
#8963=CARTESIAN_POINT('',(-0.000867437530261193,0.0121618608726818,0.005));
#8964=CARTESIAN_POINT('',(-0.000867437530261193,0.0121618608726818,0.005));
#8965=CARTESIAN_POINT('',(-0.000571508417203105,0.0124148673937641,0.005));
#8966=CARTESIAN_POINT('',(-4.64334236148265E-5,0.0124184957210301,0.005));
#8967=CARTESIAN_POINT('',(-4.64334236148265E-5,0.0124184957210301,0.005));
#8968=CARTESIAN_POINT('',(-2.29851621401213E-5,0.0104673133710919,0.005));
#8969=CARTESIAN_POINT('',(0.000446139533647247,0.012361178217465,0.005));
#8970=CARTESIAN_POINT('',(-0.000399750936635647,0.00910074723150735,0.005));
#8971=CARTESIAN_POINT('',(0.000937155793234342,0.0121925822002954,0.005));
#8972=CARTESIAN_POINT('',(0.000826149424299106,0.0119189807516433,0.005));
#8973=CARTESIAN_POINT('',(0.000714839843545021,0.0116446319657557,0.005));
#8974=CARTESIAN_POINT('',(-0.000605731325075072,0.00849581458725874,0.005));
#8975=CARTESIAN_POINT('',(0.000275913995257993,0.0117941341456287,0.00500000025));
#8976=CARTESIAN_POINT('',(-6.11319149236844E-5,0.0104287826549728,0.005));
#8977=CARTESIAN_POINT('',(-6.48512070973657E-5,0.0118346020341647,0.005));
#8978=CARTESIAN_POINT('',(-6.48512070973657E-5,0.0118346020341647,0.005));
#8979=CARTESIAN_POINT('',(-0.000264017583975679,0.0118332257720983,0.005));
#8980=CARTESIAN_POINT('',(-0.000369840477999718,0.0117397872020467,0.005));
#8981=CARTESIAN_POINT('',(-0.000369840477999718,0.0117397872020467,0.005));
#8982=CARTESIAN_POINT('',(-0.000169730659205175,0.0115102298871172,0.005));
#8983=CARTESIAN_POINT('',(-0.000474352782646538,0.0114971574018948,0.00500000025));
#8984=CARTESIAN_POINT('',(-0.000174415366767152,0.011491444861561,0.005));
#8985=CARTESIAN_POINT('',(-0.000430660361470012,0.0113354181806586,0.005));
#8986=CARTESIAN_POINT('',(-3.81597519100606E-5,0.0116091501580879,0.005));
#8987=CARTESIAN_POINT('',(0.00243670362282608,0.0105008829264975,0.005));
#8988=CARTESIAN_POINT('',(0.00133533600595079,0.00912662194066875,0.005));
#8989=CARTESIAN_POINT('',(0.00353807123970138,0.0118751439123263,0.005));
#8990=CARTESIAN_POINT('',(0.0039426387021254,0.0117331535153144,0.005));
#8991=CARTESIAN_POINT('',(0.00434720616454942,0.0115911631183026,0.005));
#8992=CARTESIAN_POINT('',(0.00435019837753428,0.00982930672441439,0.005));
#8993=CARTESIAN_POINT('',(0.00435319059051913,0.00806745033052623,0.005));
#8994=CARTESIAN_POINT('',(0.00399646049696282,0.00819265132248601,0.005));
#8995=CARTESIAN_POINT('',(0.00363973040340651,0.00831785231444579,0.005));
#8996=CARTESIAN_POINT('',(0.00365710685770258,0.00872931196016222,0.005));
#8997=CARTESIAN_POINT('',(0.00367448331199866,0.00914077160587865,0.005));
#8998=CARTESIAN_POINT('',(0.00310521862247297,0.00934056552599838,0.005));
#8999=CARTESIAN_POINT('',(0.00253595393294729,0.00954035944611811,0.005));
#9000=CARTESIAN_POINT('',(0.00229237506300535,0.00920828970143365,0.005));
#9001=CARTESIAN_POINT('',(0.00204879619306341,0.00887621995674918,0.005));
#9002=CARTESIAN_POINT('',(0.0016920660995071,0.00900142094870897,0.005));
#9003=CARTESIAN_POINT('',(0.,2.11251572852918E-19,0.005));
#9004=CARTESIAN_POINT('',(0.00345,2.11251572852918E-19,0.005));
#9005=CARTESIAN_POINT('',(0.,2.29621274840129E-18,0.005));
#9006=CARTESIAN_POINT('',(0.0365,2.29621274840129E-18,0.005));
#9007=CARTESIAN_POINT('',(0.012,0.0207846096908265,0.005));
#9008=CARTESIAN_POINT('',(0.019,0.0207846096908265,0.005));
#9009=CARTESIAN_POINT('',(-0.012,0.0207846096908266,0.005));
#9010=CARTESIAN_POINT('',(-0.005,0.0207846096908266,0.005));
#9011=CARTESIAN_POINT('',(-0.024,3.67394039744206E-19,0.005));
#9012=CARTESIAN_POINT('',(-0.017,3.67394039744206E-19,0.005));
#9013=CARTESIAN_POINT('',(-0.012,-0.0207846096908266,0.005));
#9014=CARTESIAN_POINT('',(-0.005,-0.0207846096908266,0.005));
#9015=CARTESIAN_POINT('',(0.012,-0.0207846096908266,0.005));
#9016=CARTESIAN_POINT('',(0.019,-0.0207846096908266,0.005));
#9017=CARTESIAN_POINT('',(0.024,-3.30654635769785E-18,0.005));
#9018=CARTESIAN_POINT('',(0.031,-3.30654635769785E-18,0.005));
#9019=CARTESIAN_POINT('',(0.0102866444040983,0.00321851924292902,0.005));
#9020=CARTESIAN_POINT('',(0.0085427362519035,0.0034642594337429,0.005));
#9021=CARTESIAN_POINT('',(0.012030552556293,0.00297277905211514,0.005));
#9022=CARTESIAN_POINT('',(0.0121149274518517,0.0025524018625636,0.005));
#9023=CARTESIAN_POINT('',(0.0121993023474103,0.00213202467301204,0.005));
#9024=CARTESIAN_POINT('',(0.0106857148560648,0.00123024875180681,0.005));
#9025=CARTESIAN_POINT('',(0.00917212736471928,0.00032847283060158,0.005));
#9026=CARTESIAN_POINT('',(0.00909772923045981,0.000699143257875078,0.005));
#9027=CARTESIAN_POINT('',(0.00902333109620033,0.00106981368514858,0.005));
#9028=CARTESIAN_POINT('',(0.00938603573454677,0.00126486836091662,0.005));
#9029=CARTESIAN_POINT('',(0.00974874037289321,0.00145992303668466,0.005));
#9030=CARTESIAN_POINT('',(0.00963001691343317,0.00205143350779352,0.005));
#9031=CARTESIAN_POINT('',(0.00951129345397312,0.00264294397890238,0.005));
#9032=CARTESIAN_POINT('',(0.00910141298719779,0.00268293127904914,0.005));
#9033=CARTESIAN_POINT('',(0.00869153252042245,0.0027229185791959,0.005));
#9034=CARTESIAN_POINT('',(0.00861713438616298,0.0030935890064694,0.005));
#9035=CARTESIAN_POINT('',(0.00791227331544162,0.00561775263750068,0.005));
#9036=CARTESIAN_POINT('',(0.00737716348237977,0.00528027558469769,0.005));
#9037=CARTESIAN_POINT('',(0.00844738314850348,0.00595522969030368,0.005));
#9038=CARTESIAN_POINT('',(0.0090189141942111,0.00696472410926865,0.005));
#9039=CARTESIAN_POINT('',(0.00959044523991872,0.00797421852823363,0.005));
#9040=CARTESIAN_POINT('',(0.00979327918693826,0.00765260128455021,0.005));
#9041=CARTESIAN_POINT('',(0.00999611313395781,0.00733098404086678,0.005));
#9042=CARTESIAN_POINT('',(0.00960289571725208,0.00667755338933157,0.005));
#9043=CARTESIAN_POINT('',(0.00920967830054634,0.00602412273779637,0.005));
#9044=CARTESIAN_POINT('',(0.00996992857376363,0.00609557932933299,0.005));
#9045=CARTESIAN_POINT('',(0.0107301788469809,0.00616703592086961,0.005));
#9046=CARTESIAN_POINT('',(0.0109318537428746,0.00584725649000723,0.005));
#9047=CARTESIAN_POINT('',(0.0111335286387683,0.00552747705914485,0.005));
#9048=CARTESIAN_POINT('',(0.00998578579038543,0.00545267914989965,0.005));
#9049=CARTESIAN_POINT('',(0.0088380429420025,0.00537788124065444,0.005));
#9050=CARTESIAN_POINT('',(0.00829343774269856,0.00503441575703468,0.005));
#9051=CARTESIAN_POINT('',(0.00774883254339463,0.00469095027341492,0.005));
#9052=CARTESIAN_POINT('',(0.0075629980128872,0.0049856129290563,0.005));
#9053=CARTESIAN_POINT('',(0.00685892539049842,0.00885954902617252,0.005));
#9054=CARTESIAN_POINT('',(0.00689180822672976,0.00875059706751083,0.005));
#9055=CARTESIAN_POINT('',(0.00706073607944333,0.00840083564457503,0.005));
#9056=CARTESIAN_POINT('',(0.00685892539049842,0.00885954902617252,0.005));
#9057=CARTESIAN_POINT('',(0.00706073607944333,0.00840083564457503,0.005));
#9058=CARTESIAN_POINT('',(0.00706073607944333,0.00840083564457503,0.005));
#9059=CARTESIAN_POINT('',(0.00728397699570524,0.00793701483625185,0.005));
#9060=CARTESIAN_POINT('',(0.0072789404987582,0.00765565722581498,0.005));
#9061=CARTESIAN_POINT('',(0.0072789404987582,0.00765565722581498,0.005));
#9062=CARTESIAN_POINT('',(0.0072789404987582,0.00765565722581498,0.005));
#9063=CARTESIAN_POINT('',(0.00727390400181116,0.0073742996153781,0.005));
#9064=CARTESIAN_POINT('',(0.00707145699401374,0.00712166323322072,0.005));
#9065=CARTESIAN_POINT('',(0.00707145699401374,0.00712166323322072,0.005));
#9066=CARTESIAN_POINT('',(0.00707145699401374,0.00712166323322072,0.005));
#9067=CARTESIAN_POINT('',(0.00679111091386474,0.00677181553622874,0.005));
#9068=CARTESIAN_POINT('',(0.00637786289030569,0.00677209578619438,0.005));
#9069=CARTESIAN_POINT('',(0.00637786289030569,0.00677209578619438,0.005));
#9070=CARTESIAN_POINT('',(0.00637786289030569,0.00677209578619438,0.005));
#9071=CARTESIAN_POINT('',(0.00596461486674665,0.00677237603616003,0.005));
#9072=CARTESIAN_POINT('',(0.00551642549079407,0.00713152699182749,0.005));
#9073=CARTESIAN_POINT('',(0.00551642549079407,0.00713152699182749,0.005));
#9074=CARTESIAN_POINT('',(0.00551642549079407,0.00713152699182749,0.005));
#9075=CARTESIAN_POINT('',(0.005102712220684,0.00746305095090514,0.005));
#9076=CARTESIAN_POINT('',(0.00491008073831183,0.00787357189018386,0.005));
#9077=CARTESIAN_POINT('',(0.00491008073831183,0.00787357189018386,0.005));
#9078=CARTESIAN_POINT('',(0.00511388645085957,0.00812790381853021,0.005));
#9079=CARTESIAN_POINT('',(0.0053176921634073,0.00838223574687657,0.005));
#9080=CARTESIAN_POINT('',(0.00878319775668782,0.0100908765238783,0.005));
#9081=CARTESIAN_POINT('',(0.00562798125501363,0.00786325393159596,0.005));
#9082=CARTESIAN_POINT('',(0.00700486773297253,0.00885401067074209,0.005));
#9083=CARTESIAN_POINT('',(0.00592158831385344,0.00755027020552605,0.005));
#9084=CARTESIAN_POINT('',(0.00592158831385344,0.00755027020552605,0.005));
#9085=CARTESIAN_POINT('',(0.00610131620988486,0.00740624750199231,0.005));
#9086=CARTESIAN_POINT('',(0.00625270729401287,0.00739769740266941,0.005));
#9087=CARTESIAN_POINT('',(0.00625270729401287,0.00739769740266941,0.005));
#9088=CARTESIAN_POINT('',(0.00625270729401287,0.00739769740266941,0.005));
#9089=CARTESIAN_POINT('',(0.00640409837814088,0.0073891473033465,0.005));
#9090=CARTESIAN_POINT('',(0.00651324765974978,0.00752535618052755,0.005));
#9091=CARTESIAN_POINT('',(0.00651324765974978,0.00752535618052755,0.005));
#9092=CARTESIAN_POINT('',(0.00628958354929534,0.0077101824967862,0.005));
#9093=CARTESIAN_POINT('',(0.00657938632979647,0.00769439565029228,0.005));
#9094=CARTESIAN_POINT('',(0.00597239583571581,0.00770629733354991,0.005));
#9095=CARTESIAN_POINT('',(0.00654573950764073,0.00790815129718183,0.005));
#9096=CARTESIAN_POINT('',(0.00654573950764073,0.00790815129718183,0.005));
#9097=CARTESIAN_POINT('',(0.00650721052027732,0.00802858854665099,0.005));
#9098=CARTESIAN_POINT('',(0.00635104217539253,0.00835141933386568,0.005));
#9099=CARTESIAN_POINT('',(0.00635104217539253,0.00835141933386568,0.005));
#9100=CARTESIAN_POINT('',(0.00635104217539253,0.00835141933386568,0.005));
#9101=CARTESIAN_POINT('',(0.00620401768499948,0.00865207306215276,0.005));
#9102=CARTESIAN_POINT('',(0.00616758722940521,0.00884925389728485,0.005));
#9103=CARTESIAN_POINT('',(0.00616758722940521,0.00884925389728485,0.005));
#9104=CARTESIAN_POINT('',(0.00717336130727387,0.0090392553376597,0.005));
#9105=CARTESIAN_POINT('',(0.00616929244080897,0.0092393372434542,0.005));
#9106=CARTESIAN_POINT('',(0.00702218011416357,0.00904918384691782,0.005));
#9107=CARTESIAN_POINT('',(0.00635354122956482,0.00961350132485929,0.005));
#9108=CARTESIAN_POINT('',(0.00635354122956482,0.00961350132485929,0.005));
#9109=CARTESIAN_POINT('',(0.00662845249071254,0.00995656683709538,0.005));
#9110=CARTESIAN_POINT('',(0.00701767271726397,0.00996625987112847,0.005));
#9111=CARTESIAN_POINT('',(0.00701767271726397,0.00996625987112847,0.005));
#9112=CARTESIAN_POINT('',(0.00701767271726397,0.00996625987112847,0.005));
#9113=CARTESIAN_POINT('',(0.0074068929438154,0.00997595290516157,0.005));
#9114=CARTESIAN_POINT('',(0.00781664993948453,0.00964759925716799,0.005));
#9115=CARTESIAN_POINT('',(0.00781664993948453,0.00964759925716799,0.005));
#9116=CARTESIAN_POINT('',(0.00660421881188168,0.00811865414876952,0.005));
#9117=CARTESIAN_POINT('',(0.00816281053170739,0.00929249906391774,0.005));
#9118=CARTESIAN_POINT('',(0.00544993613577505,0.00729580120544858,0.005));
#9119=CARTESIAN_POINT('',(0.0084374490288368,0.00885192774245075,0.005));
#9120=CARTESIAN_POINT('',(0.0081787431098341,0.00870962027707234,0.005));
#9121=CARTESIAN_POINT('',(0.00791933054180655,0.00856692410110749,0.005));
#9122=CARTESIAN_POINT('',(0.00490855507414379,0.00695627510833122,0.005));
#9123=CARTESIAN_POINT('',(0.00767300771067642,0.00895977504605393,0.005));
#9124=CARTESIAN_POINT('',(0.00655031452424741,0.00811281303524664,0.005));
#9125=CARTESIAN_POINT('',(0.00743409061927961,0.00920610246348314,0.005));
#9126=CARTESIAN_POINT('',(0.00743409061927961,0.00920610246348314,0.005));
#9127=CARTESIAN_POINT('',(0.00727866555195684,0.00933065039892898,0.005));
#9128=CARTESIAN_POINT('',(0.00713761238601678,0.00932488362763161,0.005));
#9129=CARTESIAN_POINT('',(0.00713761238601678,0.00932488362763161,0.005));
#9130=CARTESIAN_POINT('',(0.00714811779533597,0.00902053163274629,0.005));
#9131=CARTESIAN_POINT('',(0.00690361272320418,0.0092024347758743,0.005));
#9132=CARTESIAN_POINT('',(0.00713263449290037,0.00900890876667221,0.005));
#9133=CARTESIAN_POINT('',(0.00683525483616533,0.00904946524761877,0.005));
#9134=CARTESIAN_POINT('',(0.00731260928459656,0.00901431281956579,0.005));
#9135=CARTESIAN_POINT('',(-0.00318701964707572,0.00981484915568305,0.005));
#9136=CARTESIAN_POINT('',(-0.00311704406932077,0.00954081946392975,0.005));
#9137=CARTESIAN_POINT('',(-0.00325699522483066,0.0100888788474363,0.005));
#9138=CARTESIAN_POINT('',(-0.00266823488838759,0.0102392233025872,0.005));
#9139=CARTESIAN_POINT('',(-0.00207947455194452,0.010389567757738,0.005));
#9140=CARTESIAN_POINT('',(-0.00200949897418958,0.0101155380659847,0.005));
#9141=CARTESIAN_POINT('',(-0.00193952339643463,0.00984150837423142,0.005));
#9142=CARTESIAN_POINT('',(-0.0025282837328777,0.00969116391908058,0.005));
#9143=CARTESIAN_POINT('',(-0.00470338391505574,0.010910311170128,0.005));
#9144=CARTESIAN_POINT('',(-0.00456172396452647,0.0110807988964407,0.005));
#9145=CARTESIAN_POINT('',(-0.00484504386558501,0.0107398234438152,0.005));
#9146=CARTESIAN_POINT('',(-0.00438314103415387,0.00977375222338098,0.005));
#9147=CARTESIAN_POINT('',(-0.00392123820272273,0.00880768100294676,0.005));
#9148=CARTESIAN_POINT('',(-0.00369960048767106,0.00881089498395608,0.005));
#9149=CARTESIAN_POINT('',(-0.00347796277261939,0.0088141089649654,0.005));
#9150=CARTESIAN_POINT('',(-0.00339204915838634,0.0086344203713777,0.005));
#9151=CARTESIAN_POINT('',(-0.00330613554415329,0.00845473177779001,0.005));
#9152=CARTESIAN_POINT('',(-0.00398503172138098,0.00813013452256042,0.005));
#9153=CARTESIAN_POINT('',(-0.00466392789860868,0.00780553726733082,0.005));
#9154=CARTESIAN_POINT('',(-0.00474984151284173,0.00798522586091852,0.005));
#9155=CARTESIAN_POINT('',(-0.00483575512707478,0.00816491445450621,0.005));
#9156=CARTESIAN_POINT('',(-0.00469376847001172,0.00833555838739032,0.005));
#9157=CARTESIAN_POINT('',(-0.00455178181294865,0.00850620232027443,0.005));
#9158=CARTESIAN_POINT('',(-0.00501368464437979,0.00947227354070864,0.005));
#9159=CARTESIAN_POINT('',(-0.00547558747581092,0.0104383447611429,0.005));
#9160=CARTESIAN_POINT('',(-0.00569755189739639,0.0104349745735622,0.005));
#9161=CARTESIAN_POINT('',(-0.00591951631898186,0.0104316043859816,0.005));
#9162=CARTESIAN_POINT('',(-0.00600542993321491,0.0106112929795692,0.005));
#9163=CARTESIAN_POINT('',(-0.00609134354744796,0.0107909815731569,0.005));
#9164=CARTESIAN_POINT('',(-0.00541244737022026,0.0111155788283865,0.005));
#9165=CARTESIAN_POINT('',(-0.00473355119299256,0.0114401760836161,0.005));
#9166=CARTESIAN_POINT('',(-0.00464763757875951,0.0112604874900284,0.005));
#9167=CARTESIAN_POINT('',(-0.00819768301605222,0.00926524183394709,0.005));
#9168=CARTESIAN_POINT('',(-0.0091418140974451,0.00844702278876899,0.005));
#9169=CARTESIAN_POINT('',(-0.00725355193465933,0.0100834608791252,0.005));
#9170=CARTESIAN_POINT('',(-0.00706239699251047,0.00986288996561718,0.005));
#9171=CARTESIAN_POINT('',(-0.00687124205036162,0.00964231905210916,0.005));
#9172=CARTESIAN_POINT('',(-0.00721058191729703,0.0093482345257263,0.005));
#9173=CARTESIAN_POINT('',(-0.00754992178423245,0.00905414999934345,0.005));
#9174=CARTESIAN_POINT('',(-0.00665747011263673,0.00802436296766767,0.005));
#9175=CARTESIAN_POINT('',(-0.00576501844104102,0.00699457593599189,0.005));
#9176=CARTESIAN_POINT('',(-0.00603019612738007,0.00676476310852013,0.005));
#9177=CARTESIAN_POINT('',(-0.00629537381371911,0.00653495028104836,0.005));
#9178=CARTESIAN_POINT('',(-0.00718782548531483,0.00756473731272414,0.005));
#9179=CARTESIAN_POINT('',(-0.00808027715691054,0.00859452434439992,0.005));
#9180=CARTESIAN_POINT('',(-0.00841989068502897,0.00830020265307643,0.005));
#9181=CARTESIAN_POINT('',(-0.00875950421314739,0.00800588096175295,0.005));
#9182=CARTESIAN_POINT('',(-0.00895065915529625,0.00822645187526097,0.005));
#9183=CARTESIAN_POINT('',(-0.00706239699251047,0.00986288996561718,0.005));
#9184=CARTESIAN_POINT('',(-0.00687124205036162,0.00964231905210916,0.005));
#9185=CARTESIAN_POINT('',(-0.00687124205036162,0.00964231905210915,0.007));
#9186=CARTESIAN_POINT('',(-0.00725355193465933,0.0100834608791252,0.005));
#9187=CARTESIAN_POINT('',(-0.00725355193465933,0.0100834608791252,0.007));
#9188=CARTESIAN_POINT('',(-0.00617919475359938,0.00884377572007888,0.007));
#9189=CARTESIAN_POINT('',(-0.00819768301605222,0.00926524183394709,0.005));
#9190=CARTESIAN_POINT('',(-0.0091418140974451,0.00844702278876899,0.005));
#9191=CARTESIAN_POINT('',(-0.0091418140974451,0.00844702278876898,0.007));
#9192=CARTESIAN_POINT('',(-0.00811914225652765,0.00933330817190828,0.007));
#9193=CARTESIAN_POINT('',(-0.00895065915529625,0.00822645187526097,0.005));
#9194=CARTESIAN_POINT('',(-0.00875950421314739,0.00800588096175295,0.005));
#9195=CARTESIAN_POINT('',(-0.00875950421314739,0.00800588096175295,0.007));
#9196=CARTESIAN_POINT('',(-0.00806745691638516,0.00720733762972267,0.007));
#9197=CARTESIAN_POINT('',(-0.00841989068502897,0.00830020265307643,0.005));
#9198=CARTESIAN_POINT('',(-0.00808027715691054,0.00859452434439992,0.005));
#9199=CARTESIAN_POINT('',(-0.00808027715691054,0.00859452434439992,0.007));
#9200=CARTESIAN_POINT('',(-0.00773683237222994,0.00889216634489224,0.007));
#9201=CARTESIAN_POINT('',(-0.00718782548531483,0.00756473731272414,0.005));
#9202=CARTESIAN_POINT('',(-0.00629537381371911,0.00653495028104836,0.005));
#9203=CARTESIAN_POINT('',(-0.00629537381371912,0.00653495028104836,0.007));
#9204=CARTESIAN_POINT('',(-0.0073882298601483,0.00779598101236965,0.007));
#9205=CARTESIAN_POINT('',(-0.00603019612738007,0.00676476310852013,0.005));
#9206=CARTESIAN_POINT('',(-0.00576501844104102,0.00699457593599189,0.005));
#9207=CARTESIAN_POINT('',(-0.00576501844104102,0.00699457593599189,0.007));
#9208=CARTESIAN_POINT('',(-0.00595192902903851,0.00683259228154069,0.007));
#9209=CARTESIAN_POINT('',(-0.00665747011263673,0.00802436296766767,0.005));
#9210=CARTESIAN_POINT('',(-0.00754992178423245,0.00905414999934345,0.005));
#9211=CARTESIAN_POINT('',(-0.00754992178423245,0.00905414999934344,0.007));
#9212=CARTESIAN_POINT('',(-0.00685787448747021,0.00825560666731317,0.007));
#9213=CARTESIAN_POINT('',(-0.00721058191729703,0.0093482345257263,0.005));
#9214=CARTESIAN_POINT('',(-0.00773683237222994,0.00889216634489224,0.007));
#9215=CARTESIAN_POINT('',(-0.0070447850754677,0.00809362301286197,0.007));
#9216=CARTESIAN_POINT('',(-0.00438314103415387,0.00977375222338098,0.005));
#9217=CARTESIAN_POINT('',(-0.00392123820272273,0.00880768100294676,0.005));
#9218=CARTESIAN_POINT('',(-0.00392123820272273,0.00880768100294676,0.007));
#9219=CARTESIAN_POINT('',(-0.00484504386558501,0.0107398234438152,0.005));
#9220=CARTESIAN_POINT('',(-0.00484504386558501,0.0107398234438152,0.007));
#9221=CARTESIAN_POINT('',(-0.00438923309043585,0.00978649377819901,0.007));
#9222=CARTESIAN_POINT('',(-0.00470338391505574,0.010910311170128,0.005));
#9223=CARTESIAN_POINT('',(-0.00456172396452647,0.0110807988964407,0.005));
#9224=CARTESIAN_POINT('',(-0.00456172396452647,0.0110807988964407,0.007));
#9225=CARTESIAN_POINT('',(-0.00470338391505574,0.010910311170128,0.007));
#9226=CARTESIAN_POINT('',(-0.00464763757875951,0.0112604874900284,0.005));
#9227=CARTESIAN_POINT('',(-0.00473355119299256,0.0114401760836161,0.005));
#9228=CARTESIAN_POINT('',(-0.00473355119299256,0.0114401760836161,0.007));
#9229=CARTESIAN_POINT('',(-0.0040259354248549,0.00996019548552111,0.007));
#9230=CARTESIAN_POINT('',(-0.00541244737022026,0.0111155788283865,0.005));
#9231=CARTESIAN_POINT('',(-0.00609134354744796,0.0107909815731569,0.005));
#9232=CARTESIAN_POINT('',(-0.00609134354744796,0.0107909815731569,0.007));
#9233=CARTESIAN_POINT('',(-0.00534416570465693,0.0111482260017951,0.007));
#9234=CARTESIAN_POINT('',(-0.00600542993321491,0.0106112929795692,0.005));
#9235=CARTESIAN_POINT('',(-0.00591951631898186,0.0104316043859816,0.005));
#9236=CARTESIAN_POINT('',(-0.00591951631898186,0.0104316043859816,0.007));
#9237=CARTESIAN_POINT('',(-0.0053837277793103,0.00931100097506192,0.007));
#9238=CARTESIAN_POINT('',(-0.00569755189739639,0.0104349745735622,0.005));
#9239=CARTESIAN_POINT('',(-0.00547558747581092,0.0104383447611429,0.005));
#9240=CARTESIAN_POINT('',(-0.00547558747581092,0.0104383447611429,0.007));
#9241=CARTESIAN_POINT('',(-0.00569755189739639,0.0104349745735622,0.007));
#9242=CARTESIAN_POINT('',(-0.00501368464437979,0.00947227354070864,0.005));
#9243=CARTESIAN_POINT('',(-0.00455178181294865,0.00850620232027443,0.005));
#9244=CARTESIAN_POINT('',(-0.00455178181294865,0.00850620232027443,0.007));
#9245=CARTESIAN_POINT('',(-0.00501977670066177,0.00948501509552668,0.007));
#9246=CARTESIAN_POINT('',(-0.00469376847001172,0.00833555838739032,0.005));
#9247=CARTESIAN_POINT('',(-0.00483575512707478,0.00816491445450621,0.005));
#9248=CARTESIAN_POINT('',(-0.00483575512707478,0.00816491445450622,0.007));
#9249=CARTESIAN_POINT('',(-0.00469376847001172,0.00833555838739032,0.007));
#9250=CARTESIAN_POINT('',(-0.00474984151284173,0.00798522586091852,0.005));
#9251=CARTESIAN_POINT('',(-0.00466392789860868,0.00780553726733082,0.005));
#9252=CARTESIAN_POINT('',(-0.00466392789860869,0.00780553726733083,0.007));
#9253=CARTESIAN_POINT('',(-0.0053837277793103,0.00931100097506192,0.007));
#9254=CARTESIAN_POINT('',(-0.00398503172138098,0.00813013452256042,0.005));
#9255=CARTESIAN_POINT('',(-0.00330613554415329,0.00845473177779001,0.005));
#9256=CARTESIAN_POINT('',(-0.00330613554415329,0.00845473177779001,0.007));
#9257=CARTESIAN_POINT('',(-0.00391675005581766,0.00816278169596898,0.007));
#9258=CARTESIAN_POINT('',(-0.00339204915838634,0.0086344203713777,0.005));
#9259=CARTESIAN_POINT('',(-0.00347796277261939,0.0088141089649654,0.005));
#9260=CARTESIAN_POINT('',(-0.00347796277261939,0.0088141089649654,0.007));
#9261=CARTESIAN_POINT('',(-0.0040259354248549,0.00996019548552111,0.007));
#9262=CARTESIAN_POINT('',(-0.00369960048767106,0.00881089498395608,0.005));
#9263=CARTESIAN_POINT('',(-0.00369960048767106,0.00881089498395608,0.007));
#9264=CARTESIAN_POINT('',(-0.00463654993651928,0.00966824540370007,0.007));
#9265=CARTESIAN_POINT('',(-0.00266823488838759,0.0102392233025872,0.005));
#9266=CARTESIAN_POINT('',(-0.00207947455194452,0.010389567757738,0.005));
#9267=CARTESIAN_POINT('',(-0.00207947455194452,0.010389567757738,0.007));
#9268=CARTESIAN_POINT('',(-0.00325699522483066,0.0100888788474363,0.005));
#9269=CARTESIAN_POINT('',(-0.00325699522483066,0.0100888788474363,0.007));
#9270=CARTESIAN_POINT('',(-0.00258963994478614,0.0102592931225835,0.007));
#9271=CARTESIAN_POINT('',(-0.00318701964707572,0.00981484915568305,0.005));
#9272=CARTESIAN_POINT('',(-0.00311704406932077,0.00954081946392975,0.005));
#9273=CARTESIAN_POINT('',(-0.00311704406932077,0.00954081946392975,0.007));
#9274=CARTESIAN_POINT('',(-0.00329247579946697,0.0102278234798746,0.007));
#9275=CARTESIAN_POINT('',(-0.0025282837328777,0.00969116391908058,0.005));
#9276=CARTESIAN_POINT('',(-0.00193952339643462,0.00984150837423142,0.005));
#9277=CARTESIAN_POINT('',(-0.00193952339643463,0.00984150837423142,0.007));
#9278=CARTESIAN_POINT('',(-0.00244968878927624,0.00971123373907688,0.007));
#9279=CARTESIAN_POINT('',(-0.00200949897418958,0.0101155380659847,0.005));
#9280=CARTESIAN_POINT('',(-0.00211495512658083,0.0105285123901763,0.007));
#9281=CARTESIAN_POINT('',(-0.00262512051942245,0.0103982377550218,0.007));
#9282=CARTESIAN_POINT('',(-0.000292616573612709,0.0112029080709777,0.005));
#9283=CARTESIAN_POINT('',(-0.000292616573612709,0.0112029080709777,0.007));
#9284=CARTESIAN_POINT('',(-0.00022979346299537,0.0111603684792091,0.005));
#9285=CARTESIAN_POINT('',(-0.00022979346299537,0.0111603684792091,0.007));
#9286=CARTESIAN_POINT('',(-8.11522798728285E-5,0.0110841395048778,0.005));
#9287=CARTESIAN_POINT('',(-8.11522798728285E-5,0.0110841395048778,0.007));
#9288=CARTESIAN_POINT('',(0.000153306975754916,0.0109742211479839,0.005));
#9289=CARTESIAN_POINT('',(0.000153306975754916,0.0109742211479839,0.007));
#9290=CARTESIAN_POINT('',(0.000153306975754916,0.0109742211479839,0.005));
#9291=CARTESIAN_POINT('',(0.000153306975754916,0.0109742211479839,0.007));
#9292=CARTESIAN_POINT('',(-0.000292330573797783,0.0112033646716731,0.007));
#9293=CARTESIAN_POINT('',(-0.000292330573797783,0.0112033646716731,0.00633333333333333));
#9294=CARTESIAN_POINT('',(-0.000292330573797783,0.0112033646716731,0.00566666666666667));
#9295=CARTESIAN_POINT('',(-0.000292330573797783,0.0112033646716731,0.005));
#9296=CARTESIAN_POINT('',(-0.000292616573612709,0.0112029080709777,0.007));
#9297=CARTESIAN_POINT('',(-0.000292616573612709,0.0112029080709777,0.007));
#9298=CARTESIAN_POINT('',(-0.000198381907686701,0.0111390986833248,0.007));
#9299=CARTESIAN_POINT('',(0.000153306975754916,0.0109742211479839,0.007));
#9300=CARTESIAN_POINT('',(-3.81597519100606E-5,0.0116091501580879,0.005));
#9301=CARTESIAN_POINT('',(-0.000430899183577298,0.0113352516248723,0.005));
#9302=CARTESIAN_POINT('',(-0.000430899183577298,0.0113352516248723,0.00566666666666667));
#9303=CARTESIAN_POINT('',(-0.000430899183577298,0.0113352516248723,0.00633333333333333));
#9304=CARTESIAN_POINT('',(-0.000430899183577298,0.0113352516248723,0.007));
#9305=CARTESIAN_POINT('',(-0.000430660361470012,0.0113354181806586,0.007));
#9306=CARTESIAN_POINT('',(-3.81597519100606E-5,0.0116091501580879,0.007));
#9307=CARTESIAN_POINT('',(-0.000174415366767152,0.011491444861561,0.005));
#9308=CARTESIAN_POINT('',(-0.000474325248764435,0.0114971490672384,0.00500000025));
#9309=CARTESIAN_POINT('',(-0.000474325248764435,0.0114971490672384,0.00566666675));
#9310=CARTESIAN_POINT('',(-0.000474325248764435,0.0114971490672384,0.00633333325));
#9311=CARTESIAN_POINT('',(-0.000474325248764435,0.0114971490672384,0.00699999975));
#9312=CARTESIAN_POINT('',(-0.000474352782646538,0.0114971574018948,0.00699999975));
#9313=CARTESIAN_POINT('',(-0.000174415366767152,0.011491444861561,0.007));
#9314=CARTESIAN_POINT('',(-0.000169730659205175,0.0115102298871172,0.005));
#9315=CARTESIAN_POINT('',(-0.000369899450152088,0.0117398548523451,0.005));
#9316=CARTESIAN_POINT('',(-0.000369899450152088,0.0117398548523451,0.00566666666666667));
#9317=CARTESIAN_POINT('',(-0.000369899450152088,0.0117398548523451,0.00633333333333333));
#9318=CARTESIAN_POINT('',(-0.000369899450152088,0.0117398548523451,0.007));
#9319=CARTESIAN_POINT('',(-0.000369840477999718,0.0117397872020467,0.007));
#9320=CARTESIAN_POINT('',(-0.000169730659205175,0.0115102298871172,0.007));
#9321=CARTESIAN_POINT('',(-6.48512070973657E-5,0.0118346020341647,0.005));
#9322=CARTESIAN_POINT('',(-6.48512070973657E-5,0.0118346020341647,0.007));
#9323=CARTESIAN_POINT('',(-0.000197628791682908,0.0118336845261204,0.005));
#9324=CARTESIAN_POINT('',(-0.000197628791682908,0.0118336845261204,0.007));
#9325=CARTESIAN_POINT('',(-0.000299291881983692,0.0118020795820811,0.005));
#9326=CARTESIAN_POINT('',(-0.000299291881983692,0.0118020795820811,0.007));
#9327=CARTESIAN_POINT('',(-0.000369840477999718,0.0117397872020467,0.005));
#9328=CARTESIAN_POINT('',(-0.000369840477999718,0.0117397872020467,0.007));
#9329=CARTESIAN_POINT('',(-6.48514995419155E-5,0.0118347125724597,0.007));
#9330=CARTESIAN_POINT('',(-6.48514995419155E-5,0.0118347125724597,0.00633333333333333));
#9331=CARTESIAN_POINT('',(-6.48514995419155E-5,0.0118347125724597,0.00566666666666667));
#9332=CARTESIAN_POINT('',(-6.48514995419155E-5,0.0118347125724597,0.005));
#9333=CARTESIAN_POINT('',(-6.48512070973657E-5,0.0118346020341647,0.007));
#9334=CARTESIAN_POINT('',(-6.48512070973657E-5,0.0118346020341647,0.007));
#9335=CARTESIAN_POINT('',(-0.000264017583975679,0.0118332257720983,0.007));
#9336=CARTESIAN_POINT('',(-0.000369840477999718,0.0117397872020467,0.007));
#9337=CARTESIAN_POINT('',(-6.11319149236844E-5,0.0104287826549728,0.005));
#9338=CARTESIAN_POINT('',(0.000275811163870348,0.0117937449730781,0.00500000025));
#9339=CARTESIAN_POINT('',(0.000275811163870348,0.0117937449730781,0.00566666675));
#9340=CARTESIAN_POINT('',(0.000275811163870348,0.0117937449730781,0.00633333325));
#9341=CARTESIAN_POINT('',(0.000275811163870348,0.0117937449730781,0.00699999975));
#9342=CARTESIAN_POINT('',(0.000275913995257993,0.0117941341456287,0.00699999975));
#9343=CARTESIAN_POINT('',(-6.11319149236844E-5,0.0104287826549728,0.007));
#9344=CARTESIAN_POINT('',(-0.000605731325075072,0.00849581458725874,0.005));
#9345=CARTESIAN_POINT('',(0.000714839843545021,0.0116446319657557,0.005));
#9346=CARTESIAN_POINT('',(0.000714839843545021,0.0116446319657557,0.007));
#9347=CARTESIAN_POINT('',(-0.000605731325075072,0.00849581458725874,0.007));
#9348=CARTESIAN_POINT('',(0.000826149424299106,0.0119189807516433,0.005));
#9349=CARTESIAN_POINT('',(0.000937155793234342,0.0121925822002954,0.005));
#9350=CARTESIAN_POINT('',(0.000937155793234342,0.0121925822002954,0.007));
#9351=CARTESIAN_POINT('',(0.000826149424299106,0.0119189807516433,0.007));
#9352=CARTESIAN_POINT('',(-0.000399750936635647,0.00910074723150735,0.005));
#9353=CARTESIAN_POINT('',(0.000446170268953817,0.0123612963252225,0.005));
#9354=CARTESIAN_POINT('',(0.000446170268953817,0.0123612963252225,0.00566666666666667));
#9355=CARTESIAN_POINT('',(0.000446170268953817,0.0123612963252225,0.00633333333333333));
#9356=CARTESIAN_POINT('',(0.000446170268953817,0.0123612963252225,0.007));
#9357=CARTESIAN_POINT('',(0.000446139621037481,0.0123611781947924,0.007));
#9358=CARTESIAN_POINT('',(-0.000399750936635647,0.00910074723150735,0.007));
#9359=CARTESIAN_POINT('',(-2.29851621401213E-5,0.0104673133710919,0.00500000000000004));
#9360=CARTESIAN_POINT('',(-4.64312663052119E-5,0.0124183162064657,0.005));
#9361=CARTESIAN_POINT('',(-4.64312663052119E-5,0.0124183162064658,0.00566666666666667));
#9362=CARTESIAN_POINT('',(-4.64312663052119E-5,0.0124183162064658,0.00633333333333333));
#9363=CARTESIAN_POINT('',(-4.64312663052119E-5,0.0124183162064657,0.007));
#9364=CARTESIAN_POINT('',(-4.64334236148265E-5,0.0124184957210301,0.007));
#9365=CARTESIAN_POINT('',(-2.29851621401213E-5,0.0104673133710919,0.007));
#9366=CARTESIAN_POINT('',(-0.000867437530261193,0.0121618608726818,0.005));
#9367=CARTESIAN_POINT('',(-0.000867437530261193,0.0121618608726818,0.007));
#9368=CARTESIAN_POINT('',(-0.000670151454889134,0.0123305318867367,0.005));
#9369=CARTESIAN_POINT('',(-0.000670151454889134,0.0123305318867367,0.007));
#9370=CARTESIAN_POINT('',(-0.000396483419340345,0.0124160768361861,0.005));
#9371=CARTESIAN_POINT('',(-0.000396483419340345,0.0124160768361861,0.007));
#9372=CARTESIAN_POINT('',(-4.64334236148265E-5,0.0124184957210301,0.005));
#9373=CARTESIAN_POINT('',(-4.64334236148265E-5,0.0124184957210301,0.007));
#9374=CARTESIAN_POINT('',(-0.000867437530261193,0.0121618608726818,0.005));
#9375=CARTESIAN_POINT('',(-0.000867437530261192,0.0121618608726818,0.007));
#9376=CARTESIAN_POINT('',(-0.000867437530261193,0.0121618608726818,0.007));
#9377=CARTESIAN_POINT('',(-0.000571508417203105,0.0124148673937641,0.007));
#9378=CARTESIAN_POINT('',(-4.64334236148265E-5,0.0124184957210301,0.007));
#9379=CARTESIAN_POINT('',(-0.00116032885759451,0.0114692398397263,0.005));
#9380=CARTESIAN_POINT('',(-0.00116032885759451,0.0114692398397263,0.007));
#9381=CARTESIAN_POINT('',(-0.00116235404807769,0.0117623161809751,0.005));
#9382=CARTESIAN_POINT('',(-0.00116235404807769,0.0117623161809751,0.007));
#9383=CARTESIAN_POINT('',(-0.00106472360563325,0.0119931898586269,0.005));
#9384=CARTESIAN_POINT('',(-0.00106472360563325,0.0119931898586269,0.007));
#9385=CARTESIAN_POINT('',(-0.000867437530261193,0.0121618608726818,0.005));
#9386=CARTESIAN_POINT('',(-0.000867437530261193,0.0121618608726818,0.007));
#9387=CARTESIAN_POINT('',(-0.00115954861521334,0.011469225386065,0.007));
#9388=CARTESIAN_POINT('',(-0.00115954861521334,0.011469225386065,0.00633333333333333));
#9389=CARTESIAN_POINT('',(-0.00115954861521334,0.011469225386065,0.00566666666666667));
#9390=CARTESIAN_POINT('',(-0.00115954861521334,0.011469225386065,0.005));
#9391=CARTESIAN_POINT('',(-0.0011603288575945,0.0114692398397263,0.007));
#9392=CARTESIAN_POINT('',(-0.00116032885759451,0.0114692398397263,0.007));
#9393=CARTESIAN_POINT('',(-0.00116336664331928,0.0119088543515995,0.007));
#9394=CARTESIAN_POINT('',(-0.000867437530261193,0.0121618608726818,0.007));
#9395=CARTESIAN_POINT('',(-0.000285531987461869,0.0114530345963148,0.00500000000000001));
#9396=CARTESIAN_POINT('',(-0.00106762409302242,0.0110625232063674,0.005));
#9397=CARTESIAN_POINT('',(-0.00106762409302242,0.0110625232063674,0.00566666666666667));
#9398=CARTESIAN_POINT('',(-0.00106762409302242,0.0110625232063674,0.00633333333333333));
#9399=CARTESIAN_POINT('',(-0.00106762409302242,0.0110625232063674,0.007));
#9400=CARTESIAN_POINT('',(-0.00106730574849211,0.011062683783435,0.007));
#9401=CARTESIAN_POINT('',(-0.000285531987461869,0.0114530345963148,0.007));
#9402=CARTESIAN_POINT('',(-0.000161950396013721,0.0115406811518745,0.00500000000000002));
#9403=CARTESIAN_POINT('',(-0.000822556284305241,0.0107589559321181,0.005));
#9404=CARTESIAN_POINT('',(-0.000822556284305241,0.0107589559321181,0.00566666666666667));
#9405=CARTESIAN_POINT('',(-0.000822556284305241,0.0107589559321181,0.00633333333333333));
#9406=CARTESIAN_POINT('',(-0.000822556284305241,0.0107589559321181,0.007));
#9407=CARTESIAN_POINT('',(-0.000822615431962012,0.0107588859399854,0.007));
#9408=CARTESIAN_POINT('',(-0.000161950396013721,0.0115406811518745,0.007));
#9409=CARTESIAN_POINT('',(-0.000366262237226575,0.0104882630817551,0.005));
#9410=CARTESIAN_POINT('',(-0.000366262237226575,0.0104882630817551,0.007));
#9411=CARTESIAN_POINT('',(-0.000568741435195588,0.0105819855028491,0.005));
#9412=CARTESIAN_POINT('',(-0.000568741435195588,0.0105819855028491,0.007));
#9413=CARTESIAN_POINT('',(-0.000720859166774068,0.0106721931222592,0.005));
#9414=CARTESIAN_POINT('',(-0.000720859166774068,0.0106721931222592,0.007));
#9415=CARTESIAN_POINT('',(-0.000822615431962013,0.0107588859399854,0.005));
#9416=CARTESIAN_POINT('',(-0.000822615431962013,0.0107588859399854,0.007));
#9417=CARTESIAN_POINT('',(-0.000366262237226575,0.0104882630817551,0.005));
#9418=CARTESIAN_POINT('',(-0.000366262237226575,0.0104882630817551,0.007));
#9419=CARTESIAN_POINT('',(-0.000366262237226575,0.0104882630817551,0.007));
#9420=CARTESIAN_POINT('',(-0.000669981034180095,0.0106288467133961,0.007));
#9421=CARTESIAN_POINT('',(-0.000822615431962013,0.0107588859399854,0.007));
#9422=CARTESIAN_POINT('',(6.43996951732617E-5,0.0102670755967752,0.005));
#9423=CARTESIAN_POINT('',(6.43996951732617E-5,0.0102670755967752,0.007));
#9424=CARTESIAN_POINT('',(-6.17367967571604E-6,0.0103131830131099,0.005));
#9425=CARTESIAN_POINT('',(-6.17367967571604E-6,0.0103131830131099,0.007));
#9426=CARTESIAN_POINT('',(-0.000149727657142328,0.0103869121747699,0.005));
#9427=CARTESIAN_POINT('',(-0.000149727657142328,0.0103869121747699,0.007));
#9428=CARTESIAN_POINT('',(-0.000366262237226575,0.0104882630817551,0.005));
#9429=CARTESIAN_POINT('',(-0.000366262237226575,0.0104882630817551,0.007));
#9430=CARTESIAN_POINT('',(6.41438457526698E-5,0.0102666581248261,0.007));
#9431=CARTESIAN_POINT('',(6.41438457526698E-5,0.0102666581248261,0.00633333333333333));
#9432=CARTESIAN_POINT('',(6.41438457526698E-5,0.0102666581248261,0.00566666666666667));
#9433=CARTESIAN_POINT('',(6.41438457526698E-5,0.0102666581248261,0.005));
#9434=CARTESIAN_POINT('',(6.43996951732616E-5,0.0102670755967752,0.007));
#9435=CARTESIAN_POINT('',(6.43996951732617E-5,0.0102670755967752,0.007));
#9436=CARTESIAN_POINT('',(-4.14603671002049E-5,0.0103362367212773,0.007));
#9437=CARTESIAN_POINT('',(-0.000366262237226575,0.0104882630817551,0.007));
#9438=CARTESIAN_POINT('',(-0.000253215306247831,0.00974882015817127,0.005));
#9439=CARTESIAN_POINT('',(0.000225517880711941,0.0101225681036787,0.005));
#9440=CARTESIAN_POINT('',(0.000225517880711941,0.0101225681036787,0.00566666666666667));
#9441=CARTESIAN_POINT('',(0.000225517880711941,0.0101225681036787,0.00633333333333333));
#9442=CARTESIAN_POINT('',(0.000225517880711941,0.0101225681036787,0.007));
#9443=CARTESIAN_POINT('',(0.000225309665891924,0.0101224074992413,0.007));
#9444=CARTESIAN_POINT('',(-0.000253215306247831,0.00974882015817127,0.007));
#9445=CARTESIAN_POINT('',(-9.52177379886481E-6,0.00995188813295262,0.005));
#9446=CARTESIAN_POINT('',(0.000280459242778703,0.00994952741793311,0.005));
#9447=CARTESIAN_POINT('',(0.000280459242778703,0.00994952741793311,0.00566666666666667));
#9448=CARTESIAN_POINT('',(0.000280459242778703,0.00994952741793311,0.00633333333333333));
#9449=CARTESIAN_POINT('',(0.000280459242778703,0.00994952741793311,0.007));
#9450=CARTESIAN_POINT('',(0.000280617541747067,0.00994952612923237,0.007));
#9451=CARTESIAN_POINT('',(-9.52177379886481E-6,0.00995188813295262,0.007));
#9452=CARTESIAN_POINT('',(0.000158948551715513,0.00968613534995705,0.005));
#9453=CARTESIAN_POINT('',(0.000158948551715513,0.00968613534995705,0.007));
#9454=CARTESIAN_POINT('',(0.000240865282422624,0.0097453677559523,0.005));
#9455=CARTESIAN_POINT('',(0.000240865282422624,0.0097453677559523,0.007));
#9456=CARTESIAN_POINT('',(0.000281421612433142,0.0098331646823774,0.005));
#9457=CARTESIAN_POINT('',(0.000281421612433142,0.0098331646823774,0.007));
#9458=CARTESIAN_POINT('',(0.000280617541747067,0.00994952612923237,0.005));
#9459=CARTESIAN_POINT('',(0.000280617541747067,0.00994952612923237,0.007));
#9460=CARTESIAN_POINT('',(0.000158948551715513,0.00968613534995705,0.005));
#9461=CARTESIAN_POINT('',(0.000158948551715513,0.00968613534995705,0.007));
#9462=CARTESIAN_POINT('',(0.000158948551715513,0.00968613534995705,0.007));
#9463=CARTESIAN_POINT('',(0.000281823647776179,0.00977498395894992,0.007));
#9464=CARTESIAN_POINT('',(0.000280617541747067,0.00994952612923237,0.007));
#9465=CARTESIAN_POINT('',(-0.000194235300153528,0.00959569528155648,0.005));
#9466=CARTESIAN_POINT('',(-0.000194235300153528,0.00959569528155648,0.007));
#9467=CARTESIAN_POINT('',(-4.06961296146109E-5,0.00959675625449495,0.005));
#9468=CARTESIAN_POINT('',(-4.06961296146109E-5,0.00959675625449495,0.007));
#9469=CARTESIAN_POINT('',(7.70318210084028E-5,0.00962690294396181,0.005));
#9470=CARTESIAN_POINT('',(7.70318210084028E-5,0.00962690294396181,0.007));
#9471=CARTESIAN_POINT('',(0.000158948551715513,0.00968613534995705,0.005));
#9472=CARTESIAN_POINT('',(0.000158948551715513,0.00968613534995705,0.007));
#9473=CARTESIAN_POINT('',(-0.000194240998457251,0.00959516939513316,0.007));
#9474=CARTESIAN_POINT('',(-0.000194240998457251,0.00959516939513316,0.00633333333333333));
#9475=CARTESIAN_POINT('',(-0.000194240998457251,0.00959516939513316,0.00566666666666667));
#9476=CARTESIAN_POINT('',(-0.000194240998457251,0.00959516939513316,0.005));
#9477=CARTESIAN_POINT('',(-0.000194235300153528,0.00959569528155648,0.007));
#9478=CARTESIAN_POINT('',(-0.000194235300153528,0.00959569528155648,0.007));
#9479=CARTESIAN_POINT('',(3.60734556548477E-5,0.00959728674096419,0.007));
#9480=CARTESIAN_POINT('',(0.000158948551715513,0.00968613534995705,0.007));
#9481=CARTESIAN_POINT('',(-0.000175869341528893,0.0112906572846976,0.005));
#9482=CARTESIAN_POINT('',(-0.000619292800899308,0.00965407782218503,0.005));
#9483=CARTESIAN_POINT('',(-0.000619292800899308,0.00965407782218503,0.00566666666666667));
#9484=CARTESIAN_POINT('',(-0.000619292800899308,0.00965407782218503,0.00633333333333333));
#9485=CARTESIAN_POINT('',(-0.000619292800899308,0.00965407782218503,0.007));
#9486=CARTESIAN_POINT('',(-0.000619423249436106,0.00965359636503221,0.007));
#9487=CARTESIAN_POINT('',(-0.000175869341528893,0.0112906572846976,0.007));
#9488=CARTESIAN_POINT('',(-0.00118759845732195,0.00986043451268538,0.005));
#9489=CARTESIAN_POINT('',(-0.00118759845732195,0.00986043451268538,0.007));
#9490=CARTESIAN_POINT('',(-0.000963841481890363,0.00976203061707537,0.005));
#9491=CARTESIAN_POINT('',(-0.000963841481890363,0.00976203061707537,0.007));
#9492=CARTESIAN_POINT('',(-0.000774449745928417,0.00969308456785765,0.005));
#9493=CARTESIAN_POINT('',(-0.000774449745928417,0.00969308456785765,0.007));
#9494=CARTESIAN_POINT('',(-0.000619423249436106,0.00965359636503221,0.005));
#9495=CARTESIAN_POINT('',(-0.000619423249436106,0.00965359636503221,0.007));
#9496=CARTESIAN_POINT('',(-0.00118759845732195,0.00986043451268538,0.005));
#9497=CARTESIAN_POINT('',(-0.00118759845732194,0.00986043451268538,0.007));
#9498=CARTESIAN_POINT('',(-0.00118759845732195,0.00986043451268538,0.007));
#9499=CARTESIAN_POINT('',(-0.000851962994174572,0.00971282866927037,0.007));
#9500=CARTESIAN_POINT('',(-0.000619423249436106,0.00965359636503221,0.007));
#9501=CARTESIAN_POINT('',(-0.00118534639212236,0.00953452589597541,0.005));
#9502=CARTESIAN_POINT('',(-0.00118309432692277,0.00920861727926544,0.005));
#9503=CARTESIAN_POINT('',(-0.00118309432692277,0.00920861727926545,0.007));
#9504=CARTESIAN_POINT('',(-0.0011934663383142,0.0107096075195575,0.007));
#9505=CARTESIAN_POINT('',(-0.00024454472688326,0.00901520259961281,0.005));
#9506=CARTESIAN_POINT('',(-0.00024454472688326,0.00901520259961281,0.007));
#9507=CARTESIAN_POINT('',(-0.000597974515670956,0.00901276036001859,0.005));
#9508=CARTESIAN_POINT('',(-0.000597974515670956,0.00901276036001859,0.007));
#9509=CARTESIAN_POINT('',(-0.000910824382350794,0.0090772319199028,0.005));
#9510=CARTESIAN_POINT('',(-0.000910824382350794,0.0090772319199028,0.007));
#9511=CARTESIAN_POINT('',(-0.00118309432692277,0.00920861727926544,0.005));
#9512=CARTESIAN_POINT('',(-0.00118309432692277,0.00920861727926544,0.007));
#9513=CARTESIAN_POINT('',(-0.00024454472688326,0.00901520259961281,0.005));
#9514=CARTESIAN_POINT('',(-0.00024454472688326,0.00901520259961281,0.007));
#9515=CARTESIAN_POINT('',(-0.00024454472688326,0.00901520259961281,0.007));
#9516=CARTESIAN_POINT('',(-0.000774689410064804,0.00901153924022148,0.007));
#9517=CARTESIAN_POINT('',(-0.00118309432692277,0.00920861727926544,0.007));
#9518=CARTESIAN_POINT('',(0.000650644074342608,0.00927959283207234,0.005));
#9519=CARTESIAN_POINT('',(0.000650644074342608,0.00927959283207234,0.007));
#9520=CARTESIAN_POINT('',(0.000436733811378701,0.00910597843665972,0.005));
#9521=CARTESIAN_POINT('',(0.000436733811378701,0.00910597843665972,0.007));
#9522=CARTESIAN_POINT('',(0.000138337544303411,0.00901784835917321,0.005));
#9523=CARTESIAN_POINT('',(0.000138337544303411,0.00901784835917321,0.007));
#9524=CARTESIAN_POINT('',(-0.00024454472688326,0.00901520259961281,0.005));
#9525=CARTESIAN_POINT('',(-0.00024454472688326,0.00901520259961281,0.007));
#9526=CARTESIAN_POINT('',(0.000650644074342608,0.00927959283207234,0.005));
#9527=CARTESIAN_POINT('',(0.000650644074342607,0.00927959283207234,0.007));
#9528=CARTESIAN_POINT('',(0.000650644074342608,0.00927959283207234,0.007));
#9529=CARTESIAN_POINT('',(0.000329778679896747,0.00901917123895341,0.007));
#9530=CARTESIAN_POINT('',(-0.00024454472688326,0.00901520259961281,0.007));
#9531=CARTESIAN_POINT('',(0.000968411627991705,0.00998831983351009,0.005));
#9532=CARTESIAN_POINT('',(0.000968411627991705,0.00998831983351009,0.007));
#9533=CARTESIAN_POINT('',(0.000970476855189548,0.00968944956129754,0.005));
#9534=CARTESIAN_POINT('',(0.000970476855189548,0.00968944956129754,0.007));
#9535=CARTESIAN_POINT('',(0.000864554337306515,0.00945320722748496,0.005));
#9536=CARTESIAN_POINT('',(0.000864554337306515,0.00945320722748496,0.007));
#9537=CARTESIAN_POINT('',(0.000650644074342608,0.00927959283207234,0.005));
#9538=CARTESIAN_POINT('',(0.000650644074342608,0.00927959283207234,0.007));
#9539=CARTESIAN_POINT('',(0.000968411627991705,0.00998831983351009,0.005));
#9540=CARTESIAN_POINT('',(0.000968411627991705,0.00998831983351009,0.007));
#9541=CARTESIAN_POINT('',(0.000968411627991705,0.00998831983351009,0.007));
#9542=CARTESIAN_POINT('',(0.000971509468788469,0.00954001442519127,0.007));
#9543=CARTESIAN_POINT('',(0.000650644074342608,0.00927959283207234,0.007));
#9544=CARTESIAN_POINT('',(0.000792628339854584,0.0105335713575607,0.005));
#9545=CARTESIAN_POINT('',(0.000792628339854584,0.0105335713575607,0.007));
#9546=CARTESIAN_POINT('',(0.000908325830991606,0.010385894269926,0.005));
#9547=CARTESIAN_POINT('',(0.000908325830991606,0.010385894269926,0.007));
#9548=CARTESIAN_POINT('',(0.000966920260370646,0.0102041437619091,0.005));
#9549=CARTESIAN_POINT('',(0.000966920260370646,0.0102041437619091,0.007));
#9550=CARTESIAN_POINT('',(0.000968411627991705,0.00998831983351009,0.005));
#9551=CARTESIAN_POINT('',(0.000968411627991705,0.00998831983351009,0.007));
#9552=CARTESIAN_POINT('',(0.000792628339854584,0.0105335713575607,0.005));
#9553=CARTESIAN_POINT('',(0.000792628339854584,0.0105335713575607,0.007));
#9554=CARTESIAN_POINT('',(0.000792628339854584,0.0105335713575607,0.007));
#9555=CARTESIAN_POINT('',(0.000966174576560117,0.0103120557261087,0.007));
#9556=CARTESIAN_POINT('',(0.000968411627991705,0.00998831983351009,0.007));
#9557=CARTESIAN_POINT('',(0.000153306975754916,0.0109742211479839,0.005));
#9558=CARTESIAN_POINT('',(0.000153306975754916,0.0109742211479839,0.007));
#9559=CARTESIAN_POINT('',(0.000463823727351007,0.0108281317086698,0.005));
#9560=CARTESIAN_POINT('',(0.000463823727351007,0.0108281317086698,0.007));
#9561=CARTESIAN_POINT('',(0.000676930848717563,0.0106812484451954,0.005));
#9562=CARTESIAN_POINT('',(0.000676930848717563,0.0106812484451954,0.007));
#9563=CARTESIAN_POINT('',(0.000792628339854584,0.0105335713575607,0.005));
#9564=CARTESIAN_POINT('',(0.000792628339854584,0.0105335713575607,0.007));
#9565=CARTESIAN_POINT('',(0.000153306975754916,0.0109742211479839,0.007));
#9566=CARTESIAN_POINT('',(0.000619082103149052,0.0107550869890127,0.007));
#9567=CARTESIAN_POINT('',(0.000792628339854584,0.0105335713575607,0.007));
#9568=CARTESIAN_POINT('',(-7.12543347762176E-5,0.010717362130728,0.007));
#9569=CARTESIAN_POINT('',(0.0039426387021254,0.0117331535153144,0.005));
#9570=CARTESIAN_POINT('',(0.00434720616454942,0.0115911631183026,0.005));
#9571=CARTESIAN_POINT('',(0.00434720616454942,0.0115911631183026,0.007));
#9572=CARTESIAN_POINT('',(0.00353807123970138,0.0118751439123263,0.005));
#9573=CARTESIAN_POINT('',(0.00353807123970138,0.0118751439123263,0.007));
#9574=CARTESIAN_POINT('',(0.00408649250422043,0.0116826653758364,0.007));
#9575=CARTESIAN_POINT('',(0.00243670362282608,0.0105008829264975,0.005));
#9576=CARTESIAN_POINT('',(0.00133533600595079,0.00912662194066875,0.005));
#9577=CARTESIAN_POINT('',(0.00133533600595079,0.00912662194066875,0.007));
#9578=CARTESIAN_POINT('',(0.00243670362282608,0.0105008829264975,0.007));
#9579=CARTESIAN_POINT('',(0.0016920660995071,0.00900142094870897,0.005));
#9580=CARTESIAN_POINT('',(0.00204879619306341,0.00887621995674918,0.005));
#9581=CARTESIAN_POINT('',(0.00204879619306341,0.00887621995674919,0.007));
#9582=CARTESIAN_POINT('',(0.00298606692737852,0.00854726754205026,0.007));
#9583=CARTESIAN_POINT('',(0.00229237506300535,0.00920828970143365,0.005));
#9584=CARTESIAN_POINT('',(0.00253595393294729,0.00954035944611811,0.005));
#9585=CARTESIAN_POINT('',(0.00253595393294729,0.00954035944611811,0.007));
#9586=CARTESIAN_POINT('',(0.00229237506300535,0.00920828970143365,0.007));
#9587=CARTESIAN_POINT('',(0.00310521862247297,0.00934056552599838,0.005));
#9588=CARTESIAN_POINT('',(0.00367448331199866,0.00914077160587865,0.005));
#9589=CARTESIAN_POINT('',(0.00367448331199866,0.00914077160587866,0.007));
#9590=CARTESIAN_POINT('',(0.00324702225161652,0.00929079693245115,0.007));
#9591=CARTESIAN_POINT('',(0.00365710685770258,0.00872931196016222,0.005));
#9592=CARTESIAN_POINT('',(0.00363973040340651,0.00831785231444579,0.005));
#9593=CARTESIAN_POINT('',(0.00363973040340651,0.00831785231444579,0.007));
#9594=CARTESIAN_POINT('',(0.00365710685770258,0.00872931196016222,0.007));
#9595=CARTESIAN_POINT('',(0.00399646049696282,0.00819265132248601,0.005));
#9596=CARTESIAN_POINT('',(0.00435319059051913,0.00806745033052623,0.005));
#9597=CARTESIAN_POINT('',(0.00435319059051913,0.00806745033052623,0.007));
#9598=CARTESIAN_POINT('',(0.00298606692737852,0.00854726754205026,0.007));
#9599=CARTESIAN_POINT('',(0.00731296754511821,0.0108797744326491,0.00500000000000487));
#9600=CARTESIAN_POINT('',(0.00377488589752144,0.0112470066408108,0.007));
#9601=CARTESIAN_POINT('',(0.00377488589752144,0.0112470066408108,0.00633333333333333));
#9602=CARTESIAN_POINT('',(0.00377488589752144,0.0112470066408108,0.00566666666666667));
#9603=CARTESIAN_POINT('',(0.00377488589752144,0.0112470066408108,0.005));
#9604=CARTESIAN_POINT('',(0.00377507972910391,0.0112469865222247,0.005));
#9605=CARTESIAN_POINT('',(0.00377507972910391,0.0112469865222247,0.007));
#9606=CARTESIAN_POINT('',(0.00731296754511821,0.0108797744326491,0.005));
#9607=CARTESIAN_POINT('',(0.00375824061061089,0.0110179675041781,0.00500000024999991));
#9608=CARTESIAN_POINT('',(0.00375791760206182,0.0110179796340493,0.00699999975000009));
#9609=CARTESIAN_POINT('',(0.00375791760206182,0.0110179796340493,0.00633333325000003));
#9610=CARTESIAN_POINT('',(0.00375791760206182,0.0110179796340493,0.00566666674999997));
#9611=CARTESIAN_POINT('',(0.00375791760206182,0.0110179796340493,0.00500000024999991));
#9612=CARTESIAN_POINT('',(0.00375824061061089,0.0110179675041781,0.00699999975000009));
#9613=CARTESIAN_POINT('',(0.00731296754511821,0.0108797744326491,0.007));
#9614=CARTESIAN_POINT('',(0.00373990731601433,0.0105383804431151,0.00499999999849024));
#9615=CARTESIAN_POINT('',(0.00373990731601433,0.0105383804431151,0.005));
#9616=CARTESIAN_POINT('',(0.00371035583068936,0.00975144855233926,0.005));
#9617=CARTESIAN_POINT('',(0.00371035583068936,0.00975144855233926,0.005));
#9618=CARTESIAN_POINT('',(0.00371035583068936,0.00975144855233926,0.007));
#9619=CARTESIAN_POINT('',(0.00373990731601433,0.0105383804431151,0.007));
#9620=CARTESIAN_POINT('',(0.00330407606698002,0.00989403991300215,0.005));
#9621=CARTESIAN_POINT('',(0.00330407606698002,0.00989403991300215,0.005));
#9622=CARTESIAN_POINT('',(0.00289745843160453,0.0100367498559448,0.005));
#9623=CARTESIAN_POINT('',(0.00289745843160453,0.0100367498559448,0.005));
#9624=CARTESIAN_POINT('',(0.00289745843160453,0.0100367498559448,0.007));
#9625=CARTESIAN_POINT('',(0.00344177935022063,0.00984571041131653,0.007));
#9626=CARTESIAN_POINT('',(0.00377507972910391,0.0112469865222247,0.005));
#9627=CARTESIAN_POINT('',(0.00377507972910391,0.0112469865222247,0.007));
#9628=CARTESIAN_POINT('',(0.003664193909921,0.0110812185333988,0.005));
#9629=CARTESIAN_POINT('',(0.003664193909921,0.0110812185333988,0.007));
#9630=CARTESIAN_POINT('',(0.00337165347742121,0.0106778063113055,0.005));
#9631=CARTESIAN_POINT('',(0.00337165347742121,0.0106778063113055,0.007));
#9632=CARTESIAN_POINT('',(0.00289745843160453,0.0100367498559448,0.005));
#9633=CARTESIAN_POINT('',(0.00289745843160453,0.0100367498559448,0.007));
#9634=CARTESIAN_POINT('',(0.00377507972910391,0.0112469865222247,0.005));
#9635=CARTESIAN_POINT('',(0.00360875100032955,0.0109983345389859,0.005));
#9636=CARTESIAN_POINT('',(0.00289745843160453,0.0100367498559448,0.005));
#9637=CARTESIAN_POINT('',(0.00377507972910391,0.0112469865222247,0.007));
#9638=CARTESIAN_POINT('',(0.00360875100032955,0.0109983345389859,0.007));
#9639=CARTESIAN_POINT('',(0.00289745843160453,0.0100367498559448,0.007));
#9640=CARTESIAN_POINT('',(0.00435019837753428,0.00982930672441439,0.005));
#9641=CARTESIAN_POINT('',(0.00435019837753428,0.00982930672441439,0.007));
#9642=CARTESIAN_POINT('',(0.00353867820223548,0.0101218003687816,0.007));
#9643=CARTESIAN_POINT('',(0.,0.,0.005));
#9644=CARTESIAN_POINT('',(0.013101183685522,-0.000781465412865859,0.005));
#9645=CARTESIAN_POINT('',(0.0114057889777504,0.00234596447266109,0.005));
#9646=CARTESIAN_POINT('',(0.0116113289636771,0.00244836861154191,0.005));
#9647=CARTESIAN_POINT('',(0.0116113289636771,0.00244836861154191,0.005));
#9648=CARTESIAN_POINT('',(0.0113126102304623,0.0024644984971844,0.005));
#9649=CARTESIAN_POINT('',(0.0101226680357842,0.00258541083860345,0.005));
#9650=CARTESIAN_POINT('',(0.0101226680357842,0.00258541083860345,0.005));
#9651=CARTESIAN_POINT('',(0.0102074705068271,0.00216290335923998,0.005));
#9652=CARTESIAN_POINT('',(0.0102922025127704,0.00174074695492489,0.005));
#9653=CARTESIAN_POINT('',(0.0109840096345286,0.00211696231517685,0.005));
#9654=CARTESIAN_POINT('',(0.,2.29621274840129E-18,0.005));
#9655=CARTESIAN_POINT('',(0.,2.29621274840129E-18,0.004));
#9656=CARTESIAN_POINT('',(0.0375,2.29621274840129E-18,0.004));
#9657=CARTESIAN_POINT('',(0.,2.29621274840129E-18,0.));
#9658=CARTESIAN_POINT('',(0.0375,2.29621274840129E-18,0.));
#9659=CARTESIAN_POINT('',(0.,0.,0.));
#9660=CARTESIAN_POINT('',(-0.024,3.67394039744206E-19,0.0025));
#9661=CARTESIAN_POINT('',(-0.024,3.67394039744206E-19,0.004));
#9662=CARTESIAN_POINT('',(-0.018,3.67394039744206E-19,0.004));
#9663=CARTESIAN_POINT('',(-0.024,3.67394039744206E-19,0.0025));
#9664=CARTESIAN_POINT('',(-0.018,3.67394039744206E-19,0.0025));
#9665=CARTESIAN_POINT('',(0.,0.,0.0025));
#9666=CARTESIAN_POINT('',(-0.012,-0.0207846096908266,0.0025));
#9667=CARTESIAN_POINT('',(-0.012,-0.0207846096908266,0.004));
#9668=CARTESIAN_POINT('',(-0.006,-0.0207846096908266,0.004));
#9669=CARTESIAN_POINT('',(-0.012,-0.0207846096908266,0.0025));
#9670=CARTESIAN_POINT('',(-0.006,-0.0207846096908266,0.0025));
#9671=CARTESIAN_POINT('',(0.,0.,0.0025));
#9672=CARTESIAN_POINT('',(0.012,-0.0207846096908266,0.0025));
#9673=CARTESIAN_POINT('',(0.012,-0.0207846096908266,0.004));
#9674=CARTESIAN_POINT('',(0.018,-0.0207846096908266,0.004));
#9675=CARTESIAN_POINT('',(0.012,-0.0207846096908266,0.0025));
#9676=CARTESIAN_POINT('',(0.018,-0.0207846096908266,0.0025));
#9677=CARTESIAN_POINT('',(0.,0.,0.0025));
#9678=CARTESIAN_POINT('',(0.024,-3.30654635769785E-18,0.0025));
#9679=CARTESIAN_POINT('',(0.024,-3.30654635769785E-18,0.004));
#9680=CARTESIAN_POINT('',(0.03,-3.30654635769785E-18,0.004));
#9681=CARTESIAN_POINT('',(0.024,-3.30654635769785E-18,0.0025));
#9682=CARTESIAN_POINT('',(0.03,-3.30654635769785E-18,0.0025));
#9683=CARTESIAN_POINT('',(0.,0.,0.0025));
#9684=CARTESIAN_POINT('',(0.012,0.0207846096908265,0.0025));
#9685=CARTESIAN_POINT('',(0.012,0.0207846096908265,0.004));
#9686=CARTESIAN_POINT('',(0.018,0.0207846096908265,0.004));
#9687=CARTESIAN_POINT('',(0.012,0.0207846096908265,0.0025));
#9688=CARTESIAN_POINT('',(0.018,0.0207846096908265,0.0025));
#9689=CARTESIAN_POINT('',(0.,0.,0.0025));
#9690=CARTESIAN_POINT('',(-0.012,0.0207846096908266,0.0025));
#9691=CARTESIAN_POINT('',(-0.012,0.0207846096908266,0.004));
#9692=CARTESIAN_POINT('',(-0.006,0.0207846096908266,0.004));
#9693=CARTESIAN_POINT('',(-0.012,0.0207846096908266,0.0025));
#9694=CARTESIAN_POINT('',(-0.006,0.0207846096908266,0.0025));
#9695=CARTESIAN_POINT('',(0.,0.,0.0025));
#9696=CARTESIAN_POINT('',(0.,2.11251572852918E-19,0.0255));
#9697=CARTESIAN_POINT('',(0.,2.11251572852918E-19,0.0255));
#9698=CARTESIAN_POINT('',(0.00345,2.11251572852918E-19,0.0255));
#9699=CARTESIAN_POINT('',(0.,4.89858719658941E-19,0.0275));
#9700=CARTESIAN_POINT('',(0.,4.89858719658941E-19,0.0275));
#9701=CARTESIAN_POINT('',(0.005,4.89858719658941E-19,0.0275));
#9702=CARTESIAN_POINT('',(0.,4.89858719658941E-19,0.0255));
#9703=CARTESIAN_POINT('',(0.005,4.89858719658941E-19,0.0255));
#9704=CARTESIAN_POINT('',(0.,0.,0.0275));
#9705=CARTESIAN_POINT('',(0.,2.11251572852918E-19,0.0275));
#9706=CARTESIAN_POINT('',(0.00345,2.11251572852918E-19,0.0275));
#9707=CARTESIAN_POINT('',(0.,0.,0.0255));
#9708=CARTESIAN_POINT('',(0.,2.11251572852918E-19,0.0335));
#9709=CARTESIAN_POINT('',(0.,2.11251572852918E-19,0.0325));
#9710=CARTESIAN_POINT('',(0.00345,2.11251572852918E-19,0.0325));
#9711=CARTESIAN_POINT('',(0.,8.67361737988404E-19,0.0335));
#9712=CARTESIAN_POINT('',(0.,2.11251572852918E-19,0.0335));
#9713=CARTESIAN_POINT('',(0.00245,2.11251572852918E-19,0.0335));
#9714=CARTESIAN_POINT('',(0.,2.29621274840129E-18,0.004));
#9715=CARTESIAN_POINT('',(0.,2.11251572852918E-19,0.0325));
#9716=CARTESIAN_POINT('',(0.024,-3.30654635769785E-18,0.004));
#9717=CARTESIAN_POINT('',(0.012,-0.0207846096908266,0.004));
#9718=CARTESIAN_POINT('',(-0.012,-0.0207846096908266,0.004));
#9719=CARTESIAN_POINT('',(-0.024,3.67394039744206E-19,0.004));
#9720=CARTESIAN_POINT('',(-0.012,0.0207846096908266,0.004));
#9721=CARTESIAN_POINT('',(0.012,0.0207846096908265,0.004));
#9722=CARTESIAN_POINT('',(0.0105230683548573,0.00207739905875189,0.007));
#9723=CARTESIAN_POINT('',(0.0102361893268526,0.00201981889353957,0.007));
#9724=CARTESIAN_POINT('',(0.0101226680357842,0.00258541083860345,0.007));
#9725=CARTESIAN_POINT('',(0.0102922025127704,0.00174074695492489,0.007));
#9726=CARTESIAN_POINT('',(0.0116113289636771,0.00244836861154191,0.007));
#9727=CARTESIAN_POINT('',(0.0113126102304623,0.0024644984971844,0.007));
#9728=CARTESIAN_POINT('',(0.0101226680357842,0.00258541083860345,0.007));
#9729=CARTESIAN_POINT('',(0.0116113289636771,0.00244836861154191,0.007));
#9730=CARTESIAN_POINT('',(0.013101183685522,-0.000781465412865859,0.007));
#9731=CARTESIAN_POINT('',(0.0114057891209565,0.00234596455007529,0.0069999999999997));
#9732=CARTESIAN_POINT('',(0.0109840096345286,0.00211696231517685,0.007));
#9733=CARTESIAN_POINT('',(0.00888700577930534,0.00174902108684801,0.007));
#9734=CARTESIAN_POINT('',(0.00917212736471928,0.000328472830601581,0.007));
#9735=CARTESIAN_POINT('',(0.00902333109620033,0.00106981368514858,0.007));
#9736=CARTESIAN_POINT('',(0.0106857148560648,0.00123024875180681,0.007));
#9737=CARTESIAN_POINT('',(0.0121993023474103,0.00213202467301204,0.007));
#9738=CARTESIAN_POINT('',(0.0121449289983299,0.00240292652742744,0.007));
#9739=CARTESIAN_POINT('',(0.012030552556293,0.00297277905211514,0.007));
#9740=CARTESIAN_POINT('',(0.0102866444040983,0.00321851924292902,0.007));
#9741=CARTESIAN_POINT('',(0.0085427362519035,0.0034642594337429,0.007));
#9742=CARTESIAN_POINT('',(0.00888700577930534,0.00174902108684801,0.007));
#9743=CARTESIAN_POINT('',(0.00869153252042245,0.0027229185791959,0.007));
#9744=CARTESIAN_POINT('',(0.00910141298719779,0.00268293127904914,0.007));
#9745=CARTESIAN_POINT('',(0.00951129345397313,0.00264294397890237,0.007));
#9746=CARTESIAN_POINT('',(0.00965959088442712,0.00190408846246929,0.007));
#9747=CARTESIAN_POINT('',(0.00974874037289321,0.00145992303668466,0.007));
#9748=CARTESIAN_POINT('',(0.00938603573454677,0.00126486836091662,0.007));
#9749=CARTESIAN_POINT('',(0.0106857148560648,0.00123024875180681,0.005));
#9750=CARTESIAN_POINT('',(0.0121993023474103,0.00213202467301204,0.005));
#9751=CARTESIAN_POINT('',(0.00917212736471928,0.000328472830601579,0.005));
#9752=CARTESIAN_POINT('',(0.0116113289636771,0.00244836861154191,0.005));
#9753=CARTESIAN_POINT('',(0.0116113289636771,0.00244836861154191,0.007));
#9754=CARTESIAN_POINT('',(0.0114121831415339,0.0024591218686369,0.005));
#9755=CARTESIAN_POINT('',(0.0114121831415339,0.0024591218686369,0.007));
#9756=CARTESIAN_POINT('',(0.0109159628322363,0.00250480261099075,0.005));
#9757=CARTESIAN_POINT('',(0.0109159628322363,0.00250480261099075,0.007));
#9758=CARTESIAN_POINT('',(0.0101226680357842,0.00258541083860345,0.005));
#9759=CARTESIAN_POINT('',(0.0101226680357842,0.00258541083860345,0.007));
#9760=CARTESIAN_POINT('',(0.0116112473384494,0.00244854556566612,0.007));
#9761=CARTESIAN_POINT('',(0.0116112473384494,0.00244854556566612,0.00633333333333333));
#9762=CARTESIAN_POINT('',(0.0116112473384494,0.00244854556566612,0.00566666666666667));
#9763=CARTESIAN_POINT('',(0.0116112473384494,0.00244854556566612,0.005));
#9764=CARTESIAN_POINT('',(0.0101226680357842,0.00258541083860345,0.005));
#9765=CARTESIAN_POINT('',(0.0102074705068271,0.00216290335923998,0.005));
#9766=CARTESIAN_POINT('',(0.0102922025127704,0.00174074695492489,0.005));
#9767=CARTESIAN_POINT('',(0.0109840096345286,0.00211696231517685,0.00499999999849024));
#9768=CARTESIAN_POINT('',(0.0114056347872014,0.00234624856233331,0.007));
#9769=CARTESIAN_POINT('',(0.0114056347872014,0.00234624856233331,0.00633333333333333));
#9770=CARTESIAN_POINT('',(0.0114056347872014,0.00234624856233331,0.00566666666666667));
#9771=CARTESIAN_POINT('',(0.0114056347872014,0.00234624856233331,0.005));
#9772=CARTESIAN_POINT('',(0.013101183685522,-0.000781465412865859,0.005));
#9773=CARTESIAN_POINT('',(0.00909772923045981,0.000699143257875078,0.005));
#9774=CARTESIAN_POINT('',(0.00902333109620033,0.00106981368514858,0.005));
#9775=CARTESIAN_POINT('',(0.00938603573454677,0.00126486836091662,0.005));
#9776=CARTESIAN_POINT('',(0.00974874037289321,0.00145992303668466,0.005));
#9777=CARTESIAN_POINT('',(0.00963001691343317,0.00205143350779352,0.005));
#9778=CARTESIAN_POINT('',(0.00951129345397312,0.00264294397890238,0.005));
#9779=CARTESIAN_POINT('',(0.00910141298719779,0.00268293127904914,0.005));
#9780=CARTESIAN_POINT('',(0.00869153252042245,0.0027229185791959,0.005));
#9781=CARTESIAN_POINT('',(0.00861713438616298,0.0030935890064694,0.005));
#9782=CARTESIAN_POINT('',(0.0085427362519035,0.0034642594337429,0.005));
#9783=CARTESIAN_POINT('',(0.0102866444040983,0.00321851924292902,0.005));
#9784=CARTESIAN_POINT('',(0.012030552556293,0.00297277905211514,0.005));
#9785=CARTESIAN_POINT('',(0.0121149274518517,0.0025524018625636,0.005));
#9786=CARTESIAN_POINT('',(0.00905460596232181,0.00574864880690148,0.007));
#9787=CARTESIAN_POINT('',(0.00960289571725208,0.00667755338933157,0.007));
#9788=CARTESIAN_POINT('',(0.00999611313395781,0.00733098404086678,0.007));
#9789=CARTESIAN_POINT('',(0.00920967830054634,0.00602412273779637,0.007));
#9790=CARTESIAN_POINT('',(0.0104421546422132,0.00662373240690008,0.007));
#9791=CARTESIAN_POINT('',(0.00959044523991872,0.00797421852823363,0.007));
#9792=CARTESIAN_POINT('',(0.0090189141942111,0.00696472410926865,0.007));
#9793=CARTESIAN_POINT('',(0.00844738314850348,0.00595522969030368,0.007));
#9794=CARTESIAN_POINT('',(0.00878860372894475,0.00617042684933203,0.007));
#9795=CARTESIAN_POINT('',(0.00737716348237977,0.00528027558469769,0.007));
#9796=CARTESIAN_POINT('',(0.00764316571575683,0.00485849754226714,0.007));
#9797=CARTESIAN_POINT('',(0.00774883254339463,0.00469095027341492,0.007));
#9798=CARTESIAN_POINT('',(0.00916027278995961,0.00558110153804925,0.007));
#9799=CARTESIAN_POINT('',(0.0088380429420025,0.00537788124065444,0.007));
#9800=CARTESIAN_POINT('',(0.00998578579038543,0.00545267914989965,0.007));
#9801=CARTESIAN_POINT('',(0.0111335286387683,0.00552747705914485,0.007));
#9802=CARTESIAN_POINT('',(0.0104421546422132,0.00662373240690008,0.007));
#9803=CARTESIAN_POINT('',(0.0107301788469809,0.00616703592086961,0.007));
#9804=CARTESIAN_POINT('',(0.00996992857376363,0.00609557932933299,0.007));
#9805=CARTESIAN_POINT('',(0.00979327918693826,0.00765260128455021,0.005));
#9806=CARTESIAN_POINT('',(0.00959044523991872,0.00797421852823363,0.005));
#9807=CARTESIAN_POINT('',(0.00999611313395781,0.00733098404086678,0.005));
#9808=CARTESIAN_POINT('',(0.00960289571725208,0.00667755338933157,0.005));
#9809=CARTESIAN_POINT('',(0.00920967830054634,0.00602412273779637,0.005));
#9810=CARTESIAN_POINT('',(0.00996992857376363,0.00609557932933299,0.005));
#9811=CARTESIAN_POINT('',(0.0107301788469809,0.00616703592086961,0.005));
#9812=CARTESIAN_POINT('',(0.0109318537428746,0.00584725649000723,0.005));
#9813=CARTESIAN_POINT('',(0.0111335286387683,0.00552747705914485,0.005));
#9814=CARTESIAN_POINT('',(0.00998578579038543,0.00545267914989965,0.005));
#9815=CARTESIAN_POINT('',(0.0088380429420025,0.00537788124065444,0.005));
#9816=CARTESIAN_POINT('',(0.00829343774269856,0.00503441575703468,0.005));
#9817=CARTESIAN_POINT('',(0.00774883254339463,0.00469095027341492,0.005));
#9818=CARTESIAN_POINT('',(0.0075629980128872,0.0049856129290563,0.005));
#9819=CARTESIAN_POINT('',(0.00737716348237977,0.00528027558469769,0.005));
#9820=CARTESIAN_POINT('',(0.00791227331544162,0.00561775263750068,0.005));
#9821=CARTESIAN_POINT('',(0.00844738314850348,0.00595522969030368,0.005));
#9822=CARTESIAN_POINT('',(0.0090189141942111,0.00696472410926865,0.005));
#9823=CARTESIAN_POINT('',(0.00672446887659597,0.0083431407121952,0.007));
#9824=CARTESIAN_POINT('',(0.0072789404987582,0.00765565722581498,0.007));
#9825=CARTESIAN_POINT('',(0.00727390400181116,0.0073742996153781,0.007));
#9826=CARTESIAN_POINT('',(0.00707145699401374,0.00712166323322072,0.007));
#9827=CARTESIAN_POINT('',(0.0072789404987582,0.00765565722581498,0.007));
#9828=CARTESIAN_POINT('',(0.00707145699401374,0.00712166323322073,0.007));
#9829=CARTESIAN_POINT('',(0.00706073607944333,0.00840083564457503,0.007));
#9830=CARTESIAN_POINT('',(0.00728397699570524,0.00793701483625185,0.007));
#9831=CARTESIAN_POINT('',(0.0072789404987582,0.00765565722581498,0.007));
#9832=CARTESIAN_POINT('',(0.00706073607944333,0.00840083564457503,0.007));
#9833=CARTESIAN_POINT('',(0.00685892539049842,0.00885954902617252,0.007));
#9834=CARTESIAN_POINT('',(0.00689180822672976,0.00875059706751083,0.007));
#9835=CARTESIAN_POINT('',(0.00706073607944333,0.00840083564457503,0.007));
#9836=CARTESIAN_POINT('',(0.00685892539049842,0.00885954902617252,0.007));
#9837=CARTESIAN_POINT('',(0.00731260928459656,0.00901431281956579,0.007));
#9838=CARTESIAN_POINT('',(0.00683537650255148,0.00904945248142699,0.00699999975000011));
#9839=CARTESIAN_POINT('',(0.00713263449290037,0.00900890876667221,0.007));
#9840=CARTESIAN_POINT('',(0.00690348573972903,0.00920252252652828,0.007));
#9841=CARTESIAN_POINT('',(0.00714811779533597,0.00902053163274629,0.007));
#9842=CARTESIAN_POINT('',(0.00713761238601678,0.00932488362763161,0.007));
#9843=CARTESIAN_POINT('',(0.00743409061927961,0.00920610246348314,0.007));
#9844=CARTESIAN_POINT('',(0.00727866555195684,0.00933065039892898,0.007));
#9845=CARTESIAN_POINT('',(0.00713761238601678,0.00932488362763161,0.007));
#9846=CARTESIAN_POINT('',(0.00743409061927961,0.00920610246348314,0.007));
#9847=CARTESIAN_POINT('',(0.00655031452424741,0.00811281303524664,0.007));
#9848=CARTESIAN_POINT('',(0.00767300771067179,0.00895977504605056,0.00699999975));
#9849=CARTESIAN_POINT('',(0.00490855507414379,0.00695627510833122,0.007));
#9850=CARTESIAN_POINT('',(0.00791933054180655,0.00856692410110749,0.007));
#9851=CARTESIAN_POINT('',(0.0081787431098341,0.00870962027707234,0.007));
#9852=CARTESIAN_POINT('',(0.0084374490288368,0.00885192774245075,0.007));
#9853=CARTESIAN_POINT('',(0.00544993613577505,0.00729580120544858,0.007));
#9854=CARTESIAN_POINT('',(0.00816274517907516,0.00929245039767227,0.00699999975));
#9855=CARTESIAN_POINT('',(0.00660421881188168,0.00811865414876952,0.007));
#9856=CARTESIAN_POINT('',(0.00781664993948453,0.00964759925716799,0.007));
#9857=CARTESIAN_POINT('',(0.00701767271726397,0.00996625987112847,0.007));
#9858=CARTESIAN_POINT('',(0.0074068929438154,0.00997595290516157,0.007));
#9859=CARTESIAN_POINT('',(0.00781664993948453,0.00964759925716799,0.007));
#9860=CARTESIAN_POINT('',(0.00701767271726397,0.00996625987112847,0.007));
#9861=CARTESIAN_POINT('',(0.00635354122956482,0.00961350132485929,0.007));
#9862=CARTESIAN_POINT('',(0.00662845249071254,0.00995656683709538,0.007));
#9863=CARTESIAN_POINT('',(0.00701767271726397,0.00996625987112847,0.007));
#9864=CARTESIAN_POINT('',(0.00635354122956482,0.00961350132485929,0.007));
#9865=CARTESIAN_POINT('',(0.00702218011416357,0.00904918384691782,0.007));
#9866=CARTESIAN_POINT('',(0.00616931020475474,0.00923933349370825,0.00699999975));
#9867=CARTESIAN_POINT('',(0.00717336130727387,0.0090392553376597,0.007));
#9868=CARTESIAN_POINT('',(0.00616758722940521,0.00884925389728485,0.007));
#9869=CARTESIAN_POINT('',(0.00635104217539253,0.00835141933386568,0.007));
#9870=CARTESIAN_POINT('',(0.00620401768499948,0.00865207306215276,0.007));
#9871=CARTESIAN_POINT('',(0.00616758722940521,0.00884925389728485,0.007));
#9872=CARTESIAN_POINT('',(0.00635104217539253,0.00835141933386568,0.007));
#9873=CARTESIAN_POINT('',(0.00654573950764073,0.00790815129718183,0.007));
#9874=CARTESIAN_POINT('',(0.00650721052027732,0.00802858854665099,0.007));
#9875=CARTESIAN_POINT('',(0.00635104217539253,0.00835141933386568,0.007));
#9876=CARTESIAN_POINT('',(0.00654573950764073,0.00790815129718183,0.007));
#9877=CARTESIAN_POINT('',(0.00597239583571581,0.00770629733354991,0.007));
#9878=CARTESIAN_POINT('',(0.00657936537265985,0.00769439642644999,0.00699999975));
#9879=CARTESIAN_POINT('',(0.00628958354929534,0.0077101824967862,0.007));
#9880=CARTESIAN_POINT('',(0.00651324765974978,0.00752535618052755,0.007));
#9881=CARTESIAN_POINT('',(0.00625270729401287,0.00739769740266941,0.007));
#9882=CARTESIAN_POINT('',(0.00640409837814088,0.0073891473033465,0.007));
#9883=CARTESIAN_POINT('',(0.00651324765974978,0.00752535618052755,0.007));
#9884=CARTESIAN_POINT('',(0.00625270729401287,0.00739769740266941,0.007));
#9885=CARTESIAN_POINT('',(0.00592158831385344,0.00755027020552605,0.007));
#9886=CARTESIAN_POINT('',(0.00610131620988486,0.00740624750199231,0.007));
#9887=CARTESIAN_POINT('',(0.00625270729401287,0.00739769740266941,0.007));
#9888=CARTESIAN_POINT('',(0.00592158831385344,0.00755027020552605,0.007));
#9889=CARTESIAN_POINT('',(0.00700486773297253,0.00885401067074209,0.007));
#9890=CARTESIAN_POINT('',(0.00562798125501564,0.00786325393159739,0.00699999975));
#9891=CARTESIAN_POINT('',(0.00878319775668782,0.0100908765238783,0.007));
#9892=CARTESIAN_POINT('',(0.00531769216340731,0.00838223574687657,0.007));
#9893=CARTESIAN_POINT('',(0.00584871926999002,0.00904491171573457,0.007));
#9894=CARTESIAN_POINT('',(0.00491008073831183,0.00787357189018386,0.007));
#9895=CARTESIAN_POINT('',(0.00551642549079407,0.00713152699182749,0.007));
#9896=CARTESIAN_POINT('',(0.005102712220684,0.00746305095090514,0.007));
#9897=CARTESIAN_POINT('',(0.00491008073831183,0.00787357189018386,0.007));
#9898=CARTESIAN_POINT('',(0.00551642549079407,0.00713152699182749,0.007));
#9899=CARTESIAN_POINT('',(0.00637786289030569,0.00677209578619438,0.007));
#9900=CARTESIAN_POINT('',(0.00596461486674665,0.00677237603616003,0.007));
#9901=CARTESIAN_POINT('',(0.00551642549079407,0.00713152699182749,0.007));
#9902=CARTESIAN_POINT('',(0.00637786289030569,0.00677209578619439,0.007));
#9903=CARTESIAN_POINT('',(0.00707145699401374,0.00712166323322072,0.007));
#9904=CARTESIAN_POINT('',(0.00679111091386474,0.00677181553622874,0.007));
#9905=CARTESIAN_POINT('',(0.00637786289030569,0.00677209578619438,0.007));
#9906=CARTESIAN_POINT('',(0.00706073607944333,0.00840083564457503,0.005));
#9907=CARTESIAN_POINT('',(0.00706073607944333,0.00840083564457503,0.007));
#9908=CARTESIAN_POINT('',(0.00720956335695127,0.00809162177235958,0.005));
#9909=CARTESIAN_POINT('',(0.00720956335695127,0.00809162177235958,0.007));
#9910=CARTESIAN_POINT('',(0.00728229816338956,0.00784322896610623,0.005));
#9911=CARTESIAN_POINT('',(0.00728229816338956,0.00784322896610623,0.007));
#9912=CARTESIAN_POINT('',(0.0072789404987582,0.00765565722581498,0.005));
#9913=CARTESIAN_POINT('',(0.0072789404987582,0.00765565722581498,0.007));
#9914=CARTESIAN_POINT('',(0.00706073607944333,0.00840083564457503,0.005));
#9915=CARTESIAN_POINT('',(0.0072789404987582,0.00765565722581498,0.005));
#9916=CARTESIAN_POINT('',(0.0072789404987582,0.00765565722581498,0.005));
#9917=CARTESIAN_POINT('',(0.0072789404987582,0.00765565722581498,0.007));
#9918=CARTESIAN_POINT('',(0.00727558283412684,0.00746808548552373,0.005));
#9919=CARTESIAN_POINT('',(0.00727558283412684,0.00746808548552373,0.007));
#9920=CARTESIAN_POINT('',(0.00720642166587869,0.00729008748799231,0.005));
#9921=CARTESIAN_POINT('',(0.00720642166587869,0.00729008748799231,0.007));
#9922=CARTESIAN_POINT('',(0.00707145699401374,0.00712166323322072,0.005));
#9923=CARTESIAN_POINT('',(0.00707145699401374,0.00712166323322072,0.007));
#9924=CARTESIAN_POINT('',(0.00707145699401374,0.00712166323322072,0.005));
#9925=CARTESIAN_POINT('',(0.00707145699401374,0.00712166323322072,0.005));
#9926=CARTESIAN_POINT('',(0.00707145699401374,0.00712166323322072,0.007));
#9927=CARTESIAN_POINT('',(0.00688455960724774,0.00688843143522607,0.005));
#9928=CARTESIAN_POINT('',(0.00688455960724774,0.00688843143522607,0.007));
#9929=CARTESIAN_POINT('',(0.00665336157267839,0.00677190895288395,0.005));
#9930=CARTESIAN_POINT('',(0.00665336157267839,0.00677190895288395,0.007));
#9931=CARTESIAN_POINT('',(0.00637786289030569,0.00677209578619438,0.005));
#9932=CARTESIAN_POINT('',(0.00637786289030569,0.00677209578619438,0.007));
#9933=CARTESIAN_POINT('',(0.00637786289030569,0.00677209578619438,0.005));
#9934=CARTESIAN_POINT('',(0.00637786289030569,0.00677209578619438,0.005));
#9935=CARTESIAN_POINT('',(0.00637786289030569,0.00677209578619438,0.007));
#9936=CARTESIAN_POINT('',(0.006102364207933,0.00677228261950481,0.005));
#9937=CARTESIAN_POINT('',(0.006102364207933,0.00677228261950481,0.007));
#9938=CARTESIAN_POINT('',(0.00581521840809579,0.00689209302138252,0.005));
#9939=CARTESIAN_POINT('',(0.00581521840809579,0.00689209302138252,0.007));
#9940=CARTESIAN_POINT('',(0.00551642549079407,0.00713152699182749,0.005));
#9941=CARTESIAN_POINT('',(0.00551642549079407,0.00713152699182749,0.007));
#9942=CARTESIAN_POINT('',(0.00551642549079407,0.00713152699182749,0.005));
#9943=CARTESIAN_POINT('',(0.00551642549079407,0.00713152699182749,0.005));
#9944=CARTESIAN_POINT('',(0.00551642549079407,0.00713152699182749,0.007));
#9945=CARTESIAN_POINT('',(0.00524061664405402,0.00735254296454592,0.005));
#9946=CARTESIAN_POINT('',(0.00524061664405402,0.00735254296454592,0.007));
#9947=CARTESIAN_POINT('',(0.00503850172655994,0.00759989126399805,0.005));
#9948=CARTESIAN_POINT('',(0.00503850172655994,0.00759989126399805,0.007));
#9949=CARTESIAN_POINT('',(0.00491008073831183,0.00787357189018386,0.005));
#9950=CARTESIAN_POINT('',(0.00491008073831183,0.00787357189018386,0.007));
#9951=CARTESIAN_POINT('',(0.00491008073831183,0.00787357189018386,0.005));
#9952=CARTESIAN_POINT('',(0.00511388645085957,0.00812790381853021,0.005));
#9953=CARTESIAN_POINT('',(0.00531823044813474,0.00838290747972947,0.005));
#9954=CARTESIAN_POINT('',(0.00878319775668782,0.0100908765238783,0.005));
#9955=CARTESIAN_POINT('',(0.00562740485330999,0.00786284424042674,0.00699999975));
#9956=CARTESIAN_POINT('',(0.00562740485330999,0.00786284424042674,0.00633333316666667));
#9957=CARTESIAN_POINT('',(0.00562740485330999,0.00786284424042674,0.00566666658333333));
#9958=CARTESIAN_POINT('',(0.00562740485330999,0.00786284424042674,0.005));
#9959=CARTESIAN_POINT('',(0.00700486773297253,0.00885401067074209,0.005));
#9960=CARTESIAN_POINT('',(0.00592125221077967,0.00754986570123102,0.007));
#9961=CARTESIAN_POINT('',(0.00592125221077967,0.00754986570123102,0.00633333333333333));
#9962=CARTESIAN_POINT('',(0.00592125221077967,0.00754986570123102,0.00566666666666667));
#9963=CARTESIAN_POINT('',(0.00592125221077967,0.00754986570123102,0.005));
#9964=CARTESIAN_POINT('',(0.00592158831385344,0.00755027020552605,0.005));
#9965=CARTESIAN_POINT('',(0.00592158831385344,0.00755027020552605,0.007));
#9966=CARTESIAN_POINT('',(0.00604140691120772,0.00745425506983689,0.005));
#9967=CARTESIAN_POINT('',(0.00604140691120772,0.00745425506983689,0.007));
#9968=CARTESIAN_POINT('',(0.0061517799045942,0.00740339746888468,0.005));
#9969=CARTESIAN_POINT('',(0.0061517799045942,0.00740339746888468,0.007));
#9970=CARTESIAN_POINT('',(0.00625270729401287,0.00739769740266941,0.005));
#9971=CARTESIAN_POINT('',(0.00625270729401287,0.00739769740266941,0.007));
#9972=CARTESIAN_POINT('',(0.00625270729401287,0.00739769740266941,0.005));
#9973=CARTESIAN_POINT('',(0.00625270729401287,0.00739769740266941,0.005));
#9974=CARTESIAN_POINT('',(0.00625270729401287,0.00739769740266941,0.007));
#9975=CARTESIAN_POINT('',(0.00635363468343154,0.00739199733645414,0.005));
#9976=CARTESIAN_POINT('',(0.00635363468343154,0.00739199733645414,0.007));
#9977=CARTESIAN_POINT('',(0.00644048147201051,0.00743455026240685,0.005));
#9978=CARTESIAN_POINT('',(0.00644048147201051,0.00743455026240685,0.007));
#9979=CARTESIAN_POINT('',(0.00651324765974978,0.00752535618052755,0.005));
#9980=CARTESIAN_POINT('',(0.00651324765974978,0.00752535618052755,0.007));
#9981=CARTESIAN_POINT('',(0.00651312562941453,0.00752545702110179,0.005));
#9982=CARTESIAN_POINT('',(0.00651312562941453,0.00752545702110179,0.00566666666666667));
#9983=CARTESIAN_POINT('',(0.00651312562941453,0.00752545702110179,0.00633333333333333));
#9984=CARTESIAN_POINT('',(0.00651312562941453,0.00752545702110179,0.007));
#9985=CARTESIAN_POINT('',(0.00628958354929534,0.0077101824967862,0.005));
#9986=CARTESIAN_POINT('',(0.00657914438340195,0.00769440002859116,0.00699999975));
#9987=CARTESIAN_POINT('',(0.00657914438340195,0.00769440002859116,0.00633333316666667));
#9988=CARTESIAN_POINT('',(0.00657914438340195,0.00769440002859116,0.00566666658333333));
#9989=CARTESIAN_POINT('',(0.00657914438340195,0.00769440002859116,0.005));
#9990=CARTESIAN_POINT('',(0.00597239583571581,0.00770629733354991,0.005));
#9991=CARTESIAN_POINT('',(0.00654527766029219,0.00790798869711757,0.007));
#9992=CARTESIAN_POINT('',(0.00654527766029219,0.00790798869711757,0.00633333333333333));
#9993=CARTESIAN_POINT('',(0.00654527766029219,0.00790798869711757,0.00566666666666667));
#9994=CARTESIAN_POINT('',(0.00654527766029219,0.00790798869711757,0.005));
#9995=CARTESIAN_POINT('',(0.00654573950764073,0.00790815129718183,0.005));
#9996=CARTESIAN_POINT('',(0.00654573950764073,0.00790815129718183,0.007));
#9997=CARTESIAN_POINT('',(0.00652005351606512,0.00798844279682794,0.005));
#9998=CARTESIAN_POINT('',(0.00652005351606512,0.00798844279682794,0.007));
#9999=CARTESIAN_POINT('',(0.00645515440531572,0.00813619880905589,0.005));
#10000=CARTESIAN_POINT('',(0.00645515440531572,0.00813619880905589,0.007));
#10001=CARTESIAN_POINT('',(0.00635104217539253,0.00835141933386568,0.005));
#10002=CARTESIAN_POINT('',(0.00635104217539253,0.00835141933386568,0.007));
#10003=CARTESIAN_POINT('',(0.00635104217539253,0.00835141933386568,0.005));
#10004=CARTESIAN_POINT('',(0.00635104217539253,0.00835141933386568,0.005));
#10005=CARTESIAN_POINT('',(0.00635104217539253,0.00835141933386568,0.007));
#10006=CARTESIAN_POINT('',(0.00625302584846383,0.00855185515272373,0.005));
#10007=CARTESIAN_POINT('',(0.00625302584846383,0.00855185515272373,0.007));
#10008=CARTESIAN_POINT('',(0.00619187419980139,0.00871780000719679,0.005));
#10009=CARTESIAN_POINT('',(0.00619187419980139,0.00871780000719679,0.007));
#10010=CARTESIAN_POINT('',(0.00616758722940521,0.00884925389728485,0.005));
#10011=CARTESIAN_POINT('',(0.00616758722940521,0.00884925389728485,0.007));
#10012=CARTESIAN_POINT('',(0.00616767727379489,0.00884927090762953,0.005));
#10013=CARTESIAN_POINT('',(0.00616767727379489,0.00884927090762953,0.00566666666666667));
#10014=CARTESIAN_POINT('',(0.00616767727379489,0.00884927090762953,0.00633333333333333));
#10015=CARTESIAN_POINT('',(0.00616767727379489,0.00884927090762953,0.007));
#10016=CARTESIAN_POINT('',(0.00717336130727387,0.0090392553376597,0.00500000000000002));
#10017=CARTESIAN_POINT('',(0.00616962267997631,0.00923926340479512,0.00699999975));
#10018=CARTESIAN_POINT('',(0.00616962267997631,0.00923926340479512,0.00633333316666667));
#10019=CARTESIAN_POINT('',(0.00616962267997631,0.00923926340479512,0.00566666658333333));
#10020=CARTESIAN_POINT('',(0.00616962267997631,0.00923926340479512,0.005));
#10021=CARTESIAN_POINT('',(0.00702218011416357,0.00904918384691782,0.00500000000000001));
#10022=CARTESIAN_POINT('',(0.00635413759703397,0.0096129980029708,0.007));
#10023=CARTESIAN_POINT('',(0.00635413759703397,0.0096129980029708,0.00633333333333333));
#10024=CARTESIAN_POINT('',(0.00635413759703397,0.0096129980029708,0.00566666666666667));
#10025=CARTESIAN_POINT('',(0.00635413759703397,0.0096129980029708,0.005));
#10026=CARTESIAN_POINT('',(0.00635354122956482,0.00961350132485929,0.005));
#10027=CARTESIAN_POINT('',(0.00635354122956482,0.00961350132485929,0.007));
#10028=CARTESIAN_POINT('',(0.0065368154036633,0.00984221166635002,0.005));
#10029=CARTESIAN_POINT('',(0.0065368154036633,0.00984221166635002,0.007));
#10030=CARTESIAN_POINT('',(0.00675819256622968,0.00995979784843974,0.005));
#10031=CARTESIAN_POINT('',(0.00675819256622968,0.00995979784843974,0.007));
#10032=CARTESIAN_POINT('',(0.00701767271726397,0.00996625987112847,0.005));
#10033=CARTESIAN_POINT('',(0.00701767271726397,0.00996625987112847,0.007));
#10034=CARTESIAN_POINT('',(0.00701767271726397,0.00996625987112847,0.005));
#10035=CARTESIAN_POINT('',(0.00701767271726397,0.00996625987112847,0.005));
#10036=CARTESIAN_POINT('',(0.00701767271726397,0.00996625987112847,0.007));
#10037=CARTESIAN_POINT('',(0.00727715286829826,0.0099727218938172,0.005));
#10038=CARTESIAN_POINT('',(0.00727715286829826,0.0099727218938172,0.007));
#10039=CARTESIAN_POINT('',(0.00754347860903844,0.00986650168916371,0.005));
#10040=CARTESIAN_POINT('',(0.00754347860903844,0.00986650168916371,0.007));
#10041=CARTESIAN_POINT('',(0.00781664993948453,0.00964759925716799,0.005));
#10042=CARTESIAN_POINT('',(0.00781664993948453,0.00964759925716799,0.007));
#10043=CARTESIAN_POINT('',(0.00781653839222413,0.00964745858968242,0.005));
#10044=CARTESIAN_POINT('',(0.00781653839222413,0.00964745858968242,0.00566666666666667));
#10045=CARTESIAN_POINT('',(0.00781653839222413,0.00964745858968242,0.00633333333333333));
#10046=CARTESIAN_POINT('',(0.00781653839222413,0.00964745858968242,0.007));
#10047=CARTESIAN_POINT('',(0.00660421881188168,0.00811865414876952,0.00500000000000004));
#10048=CARTESIAN_POINT('',(0.00816277759915758,0.00929247538304746,0.00699999975));
#10049=CARTESIAN_POINT('',(0.00816277759915757,0.00929247538304746,0.00633333316666667));
#10050=CARTESIAN_POINT('',(0.00816277759915758,0.00929247538304746,0.00566666658333333));
#10051=CARTESIAN_POINT('',(0.00816277759915758,0.00929247538304746,0.005));
#10052=CARTESIAN_POINT('',(0.00544993613577505,0.00729580120544858,0.005));
#10053=CARTESIAN_POINT('',(0.00843744903018336,0.00885192774204328,0.005));
#10054=CARTESIAN_POINT('',(0.0081787431098341,0.00870962027707234,0.005));
#10055=CARTESIAN_POINT('',(0.00791933054180655,0.00856692410110749,0.005));
#10056=CARTESIAN_POINT('',(0.00490855507414379,0.00695627510833122,0.005));
#10057=CARTESIAN_POINT('',(0.00767333296433217,0.00896001219501116,0.00699999975));
#10058=CARTESIAN_POINT('',(0.00767333296433217,0.00896001219501116,0.00633333316666667));
#10059=CARTESIAN_POINT('',(0.00767333296433217,0.00896001219501116,0.00566666658333333));
#10060=CARTESIAN_POINT('',(0.00767333296433217,0.00896001219501116,0.005));
#10061=CARTESIAN_POINT('',(0.00655031452424741,0.00811281303524664,0.005));
#10062=CARTESIAN_POINT('',(0.00743416010978754,0.00920618842783328,0.007));
#10063=CARTESIAN_POINT('',(0.00743416010978754,0.00920618842783328,0.00633333333333333));
#10064=CARTESIAN_POINT('',(0.00743416010978754,0.00920618842783328,0.00566666666666667));
#10065=CARTESIAN_POINT('',(0.00743416010978754,0.00920618842783328,0.005));
#10066=CARTESIAN_POINT('',(0.00743409061927961,0.00920610246348314,0.005));
#10067=CARTESIAN_POINT('',(0.00743409061927961,0.00920610246348314,0.007));
#10068=CARTESIAN_POINT('',(0.0073304739077311,0.00928913442044703,0.005));
#10069=CARTESIAN_POINT('',(0.0073304739077311,0.00928913442044703,0.007));
#10070=CARTESIAN_POINT('',(0.00723164782997682,0.00932872814182986,0.005));
#10071=CARTESIAN_POINT('',(0.00723164782997682,0.00932872814182986,0.007));
#10072=CARTESIAN_POINT('',(0.00713761238601678,0.00932488362763161,0.005));
#10073=CARTESIAN_POINT('',(0.00713761238601678,0.00932488362763161,0.007));
#10074=CARTESIAN_POINT('',(0.00713760929008374,0.00932497331984324,0.005));
#10075=CARTESIAN_POINT('',(0.00713760929008374,0.00932497331984324,0.00566666666666667));
#10076=CARTESIAN_POINT('',(0.00713760929008374,0.00932497331984324,0.00633333333333333));
#10077=CARTESIAN_POINT('',(0.00713760929008374,0.00932497331984324,0.007));
#10078=CARTESIAN_POINT('',(0.00714811779533597,0.00902053163274629,0.005));
#10079=CARTESIAN_POINT('',(0.00690370998556985,0.00920235570169866,0.007));
#10080=CARTESIAN_POINT('',(0.00690370998556985,0.00920235570169866,0.00633333333333333));
#10081=CARTESIAN_POINT('',(0.00690370998556985,0.00920235570169866,0.00566666666666667));
#10082=CARTESIAN_POINT('',(0.00690370998556985,0.00920235570169866,0.005));
#10083=CARTESIAN_POINT('',(0.00713263449290037,0.00900890876667221,0.005));
#10084=CARTESIAN_POINT('',(0.00683542354849604,0.00904945663724907,0.00699999975000011));
#10085=CARTESIAN_POINT('',(0.00683542354849604,0.00904945663724907,0.00633333316666674));
#10086=CARTESIAN_POINT('',(0.00683542354849604,0.00904945663724907,0.00566666658333337));
#10087=CARTESIAN_POINT('',(0.00683542354849604,0.00904945663724907,0.005));
#10088=CARTESIAN_POINT('',(0.00731260928459656,0.00901431281956579,0.00500000000000003));
#10089=CARTESIAN_POINT('',(0.00685943531398299,0.00885972297480468,0.007));
#10090=CARTESIAN_POINT('',(0.00685943531398299,0.00885972297480468,0.00633333333333333));
#10091=CARTESIAN_POINT('',(0.00685943531398299,0.00885972297480468,0.00566666666666667));
#10092=CARTESIAN_POINT('',(0.00685943531398299,0.00885972297480468,0.005));
#10093=CARTESIAN_POINT('',(0.00685892539049842,0.00885954902617252,0.005));
#10094=CARTESIAN_POINT('',(0.00685892539049842,0.00885954902617252,0.007));
#10095=CARTESIAN_POINT('',(0.00688084728131931,0.00878691438706473,0.005));
#10096=CARTESIAN_POINT('',(0.00688084728131931,0.00878691438706473,0.007));
#10097=CARTESIAN_POINT('',(0.00694811751096762,0.00863400992653223,0.005));
#10098=CARTESIAN_POINT('',(0.00694811751096762,0.00863400992653223,0.007));
#10099=CARTESIAN_POINT('',(0.00706073607944333,0.00840083564457503,0.005));
#10100=CARTESIAN_POINT('',(0.00706073607944333,0.00840083564457503,0.007));
#10101=CARTESIAN_POINT('',(0.,0.,0.005));
#10102=CARTESIAN_POINT('',(-0.00370375174591624,-0.0100623751788344,0.007));
#10103=CARTESIAN_POINT('',(-0.00360244231603162,-0.00978787299022507,0.007));
#10104=CARTESIAN_POINT('',(-0.00306125173873631,-0.00998760804196541,0.007));
#10105=CARTESIAN_POINT('',(-0.00386947423698436,-0.00968932058228336,0.007));
#10106=CARTESIAN_POINT('',(-0.00395814862881369,-0.0111836297385923,0.007));
#10107=CARTESIAN_POINT('',(-0.00378785779371318,-0.0109376742827369,0.007));
#10108=CARTESIAN_POINT('',(-0.00306125173873631,-0.00998760804196541,0.007));
#10109=CARTESIAN_POINT('',(-0.00395814862881369,-0.0111836297385923,0.007));
#10110=CARTESIAN_POINT('',(-0.00748969961583199,-0.0107597871457328,0.007));
#10111=CARTESIAN_POINT('',(-0.00393764274945852,-0.0109549099806738,0.0069999999999997));
#10112=CARTESIAN_POINT('',(-0.00391162872680399,-0.0104756780645985,0.007));
#10113=CARTESIAN_POINT('',(-0.00312598707647525,-0.00849689735072588,0.007));
#10114=CARTESIAN_POINT('',(-0.00448524853269532,-0.00799524013665614,0.007));
#10115=CARTESIAN_POINT('',(-0.00377589139183366,-0.00825703975249658,0.007));
#10116=CARTESIAN_POINT('',(-0.00451048197446781,-0.00975691836477825,0.007));
#10117=CARTESIAN_POINT('',(-0.00453571541624029,-0.0115185965929004,0.007));
#10118=CARTESIAN_POINT('',(-0.00427650109704611,-0.011614263789685,0.007));
#10119=CARTESIAN_POINT('',(-0.00373123375457343,-0.0118155034369186,0.007));
#10120=CARTESIAN_POINT('',(-0.00260799155836374,-0.010459062928335,0.007));
#10121=CARTESIAN_POINT('',(-0.00148474936215405,-0.00910262241975136,0.007));
#10122=CARTESIAN_POINT('',(-0.00312598707647525,-0.00849689735072588,0.007));
#10123=CARTESIAN_POINT('',(-0.0021941065030157,-0.00884082280391091,0.007));
#10124=CARTESIAN_POINT('',(-0.00244297393388717,-0.0091689477543009,0.007));
#10125=CARTESIAN_POINT('',(-0.00269184136475863,-0.00949707270469089,0.007));
#10126=CARTESIAN_POINT('',(-0.00339882039260016,-0.00923615076955489,0.007));
#10127=CARTESIAN_POINT('',(-0.00382382316234055,-0.00907929668937462,0.007));
#10128=CARTESIAN_POINT('',(-0.00379985727708711,-0.0086681682209356,0.007));
#10129=CARTESIAN_POINT('',(-0.00451048197446781,-0.00975691836477825,0.005));
#10130=CARTESIAN_POINT('',(-0.00453571541624029,-0.0115185965929004,0.005));
#10131=CARTESIAN_POINT('',(-0.00448524853269532,-0.00799524013665613,0.005));
#10132=CARTESIAN_POINT('',(-0.00395814862881369,-0.0111836297385923,0.005));
#10133=CARTESIAN_POINT('',(-0.00395814862881369,-0.0111836297385923,0.007));
#10134=CARTESIAN_POINT('',(-0.00384462140541335,-0.0110196594346887,0.005));
#10135=CARTESIAN_POINT('',(-0.00384462140541335,-0.0110196594346887,0.007));
#10136=CARTESIAN_POINT('',(-0.00354565577538755,-0.010620985535813,0.005));
#10137=CARTESIAN_POINT('',(-0.00354565577538755,-0.010620985535813,0.007));
#10138=CARTESIAN_POINT('',(-0.00306125173873631,-0.00998760804196541,0.005));
#10139=CARTESIAN_POINT('',(-0.00306125173873631,-0.00998760804196541,0.007));
#10140=CARTESIAN_POINT('',(-0.00395795514440944,-0.0111836529598149,0.007));
#10141=CARTESIAN_POINT('',(-0.00395795514440944,-0.0111836529598149,0.00633333333333333));
#10142=CARTESIAN_POINT('',(-0.00395795514440944,-0.0111836529598149,0.00566666666666667));
#10143=CARTESIAN_POINT('',(-0.00395795514440944,-0.0111836529598149,0.005));
#10144=CARTESIAN_POINT('',(-0.00306125173873631,-0.00998760804196541,0.005));
#10145=CARTESIAN_POINT('',(-0.00346553095215842,-0.0098384023222096,0.005));
#10146=CARTESIAN_POINT('',(-0.00386947423698436,-0.00968932058228336,0.005));
#10147=CARTESIAN_POINT('',(-0.00391162872680399,-0.0104756780645985,0.00499999999849024));
#10148=CARTESIAN_POINT('',(-0.00393731998184756,-0.0109549273858455,0.007));
#10149=CARTESIAN_POINT('',(-0.00393731998184756,-0.0109549273858455,0.00633333333333333));
#10150=CARTESIAN_POINT('',(-0.00393731998184756,-0.0109549273858455,0.00566666666666667));
#10151=CARTESIAN_POINT('',(-0.00393731998184756,-0.0109549273858455,0.005));
#10152=CARTESIAN_POINT('',(-0.00748969961583199,-0.0107597871457328,0.005));
#10153=CARTESIAN_POINT('',(-0.00413056996226449,-0.00812613994457635,0.005));
#10154=CARTESIAN_POINT('',(-0.00377589139183366,-0.00825703975249658,0.005));
#10155=CARTESIAN_POINT('',(-0.00379985727708711,-0.0086681682209356,0.005));
#10156=CARTESIAN_POINT('',(-0.00382382316234055,-0.00907929668937462,0.005));
#10157=CARTESIAN_POINT('',(-0.00325783226354959,-0.00928818469703275,0.005));
#10158=CARTESIAN_POINT('',(-0.00269184136475863,-0.00949707270469089,0.005));
#10159=CARTESIAN_POINT('',(-0.00244297393388717,-0.0091689477543009,0.005));
#10160=CARTESIAN_POINT('',(-0.0021941065030157,-0.00884082280391091,0.005));
#10161=CARTESIAN_POINT('',(-0.00183942793258488,-0.00897172261183114,0.005));
#10162=CARTESIAN_POINT('',(-0.00148474936215405,-0.00910262241975136,0.005));
#10163=CARTESIAN_POINT('',(-0.00260799155836374,-0.010459062928335,0.005));
#10164=CARTESIAN_POINT('',(-0.00373123375457343,-0.0118155034369186,0.005));
#10165=CARTESIAN_POINT('',(-0.00413347458540686,-0.0116670500149095,0.005));
#10166=CARTESIAN_POINT('',(0.000842508136161575,-0.0106967761145244,0.007));
#10167=CARTESIAN_POINT('',(0.000707572954902994,-0.00903354872766111,0.007));
#10168=CARTESIAN_POINT('',(0.000375504987039655,-0.00906048891141933,0.007));
#10169=CARTESIAN_POINT('',(0.00101654054239323,-0.00900848264364259,0.007));
#10170=CARTESIAN_POINT('',(5.50874993699916E-5,-0.010386439699987,0.007));
#10171=CARTESIAN_POINT('',(-0.000265329988299672,-0.0117123904885546,0.007));
#10172=CARTESIAN_POINT('',(0.000917120732048481,-0.0116164600081286,0.007));
#10173=CARTESIAN_POINT('',(-0.000285704495827334,-0.0117140434422773,0.007));
#10174=CARTESIAN_POINT('',(-0.0761638198284188,-0.0144310733908147,0.007));
#10175=CARTESIAN_POINT('',(-0.000317301844445604,-0.0109449215339074,0.00699999975));
#10176=CARTESIAN_POINT('',(-0.0107506860497169,-0.0115117479991372,0.007));
#10177=CARTESIAN_POINT('',(-0.000334465889180634,-0.0106898063297939,0.00699999975));
#10178=CARTESIAN_POINT('',(-0.000326226733340049,-0.01079159384823,0.007));
#10179=CARTESIAN_POINT('',(-0.000461161914598629,-0.00912836646136668,0.007));
#10180=CARTESIAN_POINT('',(0.000707572954902995,-0.00903354872766111,0.007));
#10181=CARTESIAN_POINT('',(-0.0011130257732521,-0.00918125121339641,0.007));
#10182=CARTESIAN_POINT('',(-0.000978090591993518,-0.0108444786002597,0.007));
#10183=CARTESIAN_POINT('',(-0.0008454394697927,-0.0124795523985434,0.007));
#10184=CARTESIAN_POINT('',(0.000975159258362393,-0.0123318499128081,0.007));
#10185=CARTESIAN_POINT('',(0.000106007446824435,-0.0124023629155144,0.007));
#10186=CARTESIAN_POINT('',(0.000417695443659237,-0.0111076391432479,0.007));
#10187=CARTESIAN_POINT('',(0.000729383440494038,-0.00981291537098134,0.007));
#10188=CARTESIAN_POINT('',(0.000770530993033626,-0.00980957713082,0.007));
#10189=CARTESIAN_POINT('',(0.000743099291340567,-0.00981180262426089,0.007));
#10190=CARTESIAN_POINT('',(0.00123559328624438,-0.011041284299339,0.007));
#10191=CARTESIAN_POINT('',(0.00172808728114819,-0.0122707659744171,0.007));
#10192=CARTESIAN_POINT('',(0.000975159258362393,-0.0123318499128081,0.007));
#10193=CARTESIAN_POINT('',(0.00268025608465198,-0.0121935179257713,0.007));
#10194=CARTESIAN_POINT('',(0.00254760496245116,-0.0105584441274876,0.007));
#10195=CARTESIAN_POINT('',(0.00241266978119258,-0.00889521674062432,0.007));
#10196=CARTESIAN_POINT('',(0.000707572954902995,-0.00903354872766111,0.007));
#10197=CARTESIAN_POINT('',(0.00178751573734551,-0.00894593456483002,0.007));
#10198=CARTESIAN_POINT('',(0.00192245091860409,-0.0106091619516933,0.007));
#10199=CARTESIAN_POINT('',(0.00191196767318513,-0.0104799441989813,0.007));
#10200=CARTESIAN_POINT('',(0.00204072812139176,-0.0115296632296055,0.007));
#10201=CARTESIAN_POINT('',(0.00193340268895797,-0.0107441547994987,0.007));
#10202=CARTESIAN_POINT('',(0.00191196767318513,-0.0104799441989813,0.007));
#10203=CARTESIAN_POINT('',(0.00204072812139176,-0.0115296632296055,0.007));
#10204=CARTESIAN_POINT('',(0.000917472125749675,-0.0116207913294485,0.007));
#10205=CARTESIAN_POINT('',(0.00202051528856529,-0.0115313030668777,0.007));
#10206=CARTESIAN_POINT('',(0.00151852791547927,-0.0102698928552601,0.007));
#10207=CARTESIAN_POINT('',(5.50874993699916E-5,-0.010386439699987,0.005));
#10208=CARTESIAN_POINT('',(-0.000265329988299672,-0.0117123904885546,0.005));
#10209=CARTESIAN_POINT('',(0.000375504987039655,-0.00906048891141933,0.005));
#10210=CARTESIAN_POINT('',(0.000696022764716444,-0.00903448577753095,0.005));
#10211=CARTESIAN_POINT('',(0.00101654054239323,-0.00900848264364258,0.005));
#10212=CARTESIAN_POINT('',(0.00151852791547927,-0.0102698928552601,0.005));
#10213=CARTESIAN_POINT('',(0.00202051528856529,-0.0115313030668777,0.005));
#10214=CARTESIAN_POINT('',(0.00203062170497853,-0.0115304831482416,0.005));
#10215=CARTESIAN_POINT('',(0.00204072812139176,-0.0115296632296055,0.005));
#10216=CARTESIAN_POINT('',(0.00204072812139176,-0.0115296632296055,0.005));
#10217=CARTESIAN_POINT('',(0.00204072812139176,-0.0115296632296055,0.007));
#10218=CARTESIAN_POINT('',(0.00196917783310257,-0.0110059909428676,0.005));
#10219=CARTESIAN_POINT('',(0.00196917783310257,-0.0110059909428676,0.007));
#10220=CARTESIAN_POINT('',(0.00192625768370036,-0.0106560845993262,0.005));
#10221=CARTESIAN_POINT('',(0.00192625768370036,-0.0106560845993262,0.007));
#10222=CARTESIAN_POINT('',(0.00191196767318513,-0.0104799441989813,0.005));
#10223=CARTESIAN_POINT('',(0.00191196767318513,-0.0104799441989813,0.007));
#10224=CARTESIAN_POINT('',(0.00191196767318513,-0.0104799441989813,0.005));
#10225=CARTESIAN_POINT('',(0.00184974170526532,-0.00971293938190566,0.005));
#10226=CARTESIAN_POINT('',(0.00178751573734551,-0.00894593456483001,0.005));
#10227=CARTESIAN_POINT('',(0.00210009275926905,-0.00892057565272716,0.005));
#10228=CARTESIAN_POINT('',(0.00241266978119258,-0.00889521674062432,0.005));
#10229=CARTESIAN_POINT('',(0.00254646293292228,-0.0105443673331978,0.005));
#10230=CARTESIAN_POINT('',(0.00268025608465198,-0.0121935179257713,0.005));
#10231=CARTESIAN_POINT('',(0.00220417168290008,-0.0122321419500942,0.005));
#10232=CARTESIAN_POINT('',(0.00172808728114819,-0.0122707659744171,0.005));
#10233=CARTESIAN_POINT('',(0.00123559328624438,-0.011041284299339,0.005));
#10234=CARTESIAN_POINT('',(0.000743099291340567,-0.00981180262426089,0.005));
#10235=CARTESIAN_POINT('',(0.000736241365917303,-0.00981235899762112,0.005));
#10236=CARTESIAN_POINT('',(0.000729383440494038,-0.00981291537098134,0.005));
#10237=CARTESIAN_POINT('',(0.000417695443659237,-0.0111076391432479,0.005));
#10238=CARTESIAN_POINT('',(0.000106007446824435,-0.0124023629155144,0.005));
#10239=CARTESIAN_POINT('',(-0.000369716011484132,-0.0124409576570289,0.005));
#10240=CARTESIAN_POINT('',(-0.000845439469792701,-0.0124795523985434,0.005));
#10241=CARTESIAN_POINT('',(-0.0009792326215224,-0.0108304018059699,0.005));
#10242=CARTESIAN_POINT('',(-0.0011130257732521,-0.00918125121339641,0.005));
#10243=CARTESIAN_POINT('',(-0.000787093843925365,-0.00915480883738154,0.005));
#10244=CARTESIAN_POINT('',(-0.00046116191459863,-0.00912836646136668,0.005));
#10245=CARTESIAN_POINT('',(-0.000397823199958372,-0.00990908712928886,0.005));
#10246=CARTESIAN_POINT('',(-0.000334484485318113,-0.010689807797211,0.00699999975));
#10247=CARTESIAN_POINT('',(-0.000334484485318113,-0.010689807797211,0.00633333316666667));
#10248=CARTESIAN_POINT('',(-0.000334484485318113,-0.010689807797211,0.00566666658333334));
#10249=CARTESIAN_POINT('',(-0.000334484485318113,-0.010689807797211,0.005));
#10250=CARTESIAN_POINT('',(-0.0107506860497169,-0.0115117479991372,0.005));
#10251=CARTESIAN_POINT('',(-0.000317453759095216,-0.0109449285163972,0.00699999975));
#10252=CARTESIAN_POINT('',(-0.000317453759095216,-0.0109449285163972,0.00633333316666667));
#10253=CARTESIAN_POINT('',(-0.000317453759095216,-0.0109449285163972,0.00566666658333333));
#10254=CARTESIAN_POINT('',(-0.000317453759095216,-0.0109449285163972,0.005));
#10255=CARTESIAN_POINT('',(-0.0761638198284188,-0.0144310733908147,0.005));
#10256=CARTESIAN_POINT('',(-0.00028570449580596,-0.0117140434422963,0.005));
#10257=CARTESIAN_POINT('',(-0.000275436404712905,-0.0117132104071907,0.005));
#10258=CARTESIAN_POINT('',(0.00516601825151375,-0.00939716123383306,0.007));
#10259=CARTESIAN_POINT('',(0.00403157957069249,-0.00906617765503456,0.007));
#10260=CARTESIAN_POINT('',(0.00492229503269675,-0.00952961998736201,0.007));
#10261=CARTESIAN_POINT('',(0.00314086410868824,-0.00860273532270711,0.007));
#10262=CARTESIAN_POINT('',(0.00486040297146726,-0.0104987406799498,0.007));
#10263=CARTESIAN_POINT('',(0.00479851091023777,-0.0114678613725377,0.007));
#10264=CARTESIAN_POINT('',(0.00595311580065286,-0.0108364458110428,0.007));
#10265=CARTESIAN_POINT('',(0.00546128080605667,-0.0111054142450533,0.007));
#10266=CARTESIAN_POINT('',(0.00548255244640986,-0.0104152332125144,0.007));
#10267=CARTESIAN_POINT('',(0.00550382408676305,-0.00972505217997548,0.007));
#10268=CARTESIAN_POINT('',(0.00610211203262599,-0.010076416386726,0.007));
#10269=CARTESIAN_POINT('',(0.00670039997848894,-0.0104277805934766,0.007));
#10270=CARTESIAN_POINT('',(0.00595311580065286,-0.0108364458110428,0.007));
#10271=CARTESIAN_POINT('',(0.0073796914632736,-0.0100562983506378,0.007));
#10272=CARTESIAN_POINT('',(0.00654432905901189,-0.00959973204884164,0.007));
#10273=CARTESIAN_POINT('',(0.00570896665475018,-0.00914316574704542,0.007));
#10274=CARTESIAN_POINT('',(0.00578127429123545,-0.00813120231472729,0.007));
#10275=CARTESIAN_POINT('',(0.00585358192772073,-0.00711923888240915,0.007));
#10276=CARTESIAN_POINT('',(0.0043653680293431,-0.00793309427317463,0.007));
#10277=CARTESIAN_POINT('',(0.00519398926054909,-0.00747994848770999,0.007));
#10278=CARTESIAN_POINT('',(0.00515681141152383,-0.00821349845384779,0.007));
#10279=CARTESIAN_POINT('',(0.00511963356249858,-0.0089470484199856,0.007));
#10280=CARTESIAN_POINT('',(0.00448165032398061,-0.00858272191784793,0.007));
#10281=CARTESIAN_POINT('',(0.00384366708546265,-0.00821839541571026,0.007));
#10282=CARTESIAN_POINT('',(0.0043653680293431,-0.00793309427317463,0.007));
#10283=CARTESIAN_POINT('',(0.00486040297146726,-0.0104987406799498,0.005));
#10284=CARTESIAN_POINT('',(0.00479851091023777,-0.0114678613725377,0.005));
#10285=CARTESIAN_POINT('',(0.00492229503269675,-0.00952961998736201,0.005));
#10286=CARTESIAN_POINT('',(0.00403157957069249,-0.00906617765503456,0.005));
#10287=CARTESIAN_POINT('',(0.00314086410868824,-0.00860273532270711,0.005));
#10288=CARTESIAN_POINT('',(0.00349226559707544,-0.00841056536920868,0.005));
#10289=CARTESIAN_POINT('',(0.00384366708546264,-0.00821839541571026,0.005));
#10290=CARTESIAN_POINT('',(0.00448165032398061,-0.00858272191784793,0.005));
#10291=CARTESIAN_POINT('',(0.00511963356249858,-0.0089470484199856,0.005));
#10292=CARTESIAN_POINT('',(0.00515681141152383,-0.00821349845384779,0.005));
#10293=CARTESIAN_POINT('',(0.00519398926054909,-0.00747994848770999,0.005));
#10294=CARTESIAN_POINT('',(0.00552378559413491,-0.00729959368505957,0.005));
#10295=CARTESIAN_POINT('',(0.00585358192772073,-0.00711923888240915,0.005));
#10296=CARTESIAN_POINT('',(0.00578127429123545,-0.00813120231472729,0.005));
#10297=CARTESIAN_POINT('',(0.00570896665475018,-0.00914316574704542,0.005));
#10298=CARTESIAN_POINT('',(0.00654432905901189,-0.00959973204884164,0.005));
#10299=CARTESIAN_POINT('',(0.0073796914632736,-0.0100562983506378,0.005));
#10300=CARTESIAN_POINT('',(0.00704004572088127,-0.0102420394720572,0.005));
#10301=CARTESIAN_POINT('',(0.00670039997848894,-0.0104277805934766,0.005));
#10302=CARTESIAN_POINT('',(0.00610211203262599,-0.010076416386726,0.005));
#10303=CARTESIAN_POINT('',(0.00550382408676305,-0.00972505217997548,0.005));
#10304=CARTESIAN_POINT('',(0.00548255244640986,-0.0104152332125144,0.005));
#10305=CARTESIAN_POINT('',(0.00546128080605667,-0.0111054142450533,0.005));
#10306=CARTESIAN_POINT('',(0.00512989585814722,-0.0112866378087955,0.005));
#10307=CARTESIAN_POINT('',(0.,0.,0.005));
#10308=CARTESIAN_POINT('',(-0.00163033713200192,-0.000415306301018183,0.000788953885524031));
#10309=CARTESIAN_POINT('',(0.0223696628679981,-0.000415306301018187,0.00328895388552403));
#10310=CARTESIAN_POINT('',(-0.0136303371320019,-0.0211999159918447,0.00328895388552403));
#10311=CARTESIAN_POINT('',(0.,5.20474889637625E-19,0.006));
#10312=CARTESIAN_POINT('',(0.,5.20474889637625E-19,0.001));
#10313=CARTESIAN_POINT('',(0.0085,5.20474889637625E-19,0.001));
#10314=CARTESIAN_POINT('',(0.,5.20474889637625E-19,0.006));
#10315=CARTESIAN_POINT('',(0.0085,5.20474889637625E-19,0.006));
#10316=CARTESIAN_POINT('',(0.,0.,0.006));
#10317=CARTESIAN_POINT('',(-0.024,4.62304166678126E-19,0.006));
#10318=CARTESIAN_POINT('',(-0.01545,4.62304166678126E-19,0.006));
#10319=CARTESIAN_POINT('',(-0.0169705627484771,-0.0169705627484771,0.006));
#10320=CARTESIAN_POINT('',(-0.00842056274847715,-0.0169705627484771,0.006));
#10321=CARTESIAN_POINT('',(-1.93188032565495E-18,-0.024,0.006));
#10322=CARTESIAN_POINT('',(0.00855,-0.024,0.006));
#10323=CARTESIAN_POINT('',(0.0169705627484771,-0.0169705627484771,0.006));
#10324=CARTESIAN_POINT('',(0.0255205627484772,-0.0169705627484771,0.006));
#10325=CARTESIAN_POINT('',(0.024,-3.40145648463177E-18,0.006));
#10326=CARTESIAN_POINT('',(0.03255,-3.40145648463177E-18,0.006));
#10327=CARTESIAN_POINT('',(0.0169705627484771,0.0169705627484771,0.006));
#10328=CARTESIAN_POINT('',(0.0255205627484772,0.0169705627484771,0.006));
#10329=CARTESIAN_POINT('',(4.8710326436086E-18,0.024,0.006));
#10330=CARTESIAN_POINT('',(0.00855000000000001,0.024,0.006));
#10331=CARTESIAN_POINT('',(-0.0169705627484771,0.0169705627484771,0.006));
#10332=CARTESIAN_POINT('',(-0.00842056274847715,0.0169705627484771,0.006));
#10333=CARTESIAN_POINT('',(0.,2.29621274840128E-18,0.006));
#10334=CARTESIAN_POINT('',(0.0345,2.29621274840128E-18,0.006));
#10335=CARTESIAN_POINT('',(0.,0.,0.));
#10336=CARTESIAN_POINT('',(-0.024,2.47990976827339E-19,0.));
#10337=CARTESIAN_POINT('',(-0.01895,2.47990976827339E-19,0.));
#10338=CARTESIAN_POINT('',(-0.0169705627484771,0.0169705627484771,0.));
#10339=CARTESIAN_POINT('',(-0.0119205627484772,0.0169705627484771,0.));
#10340=CARTESIAN_POINT('',(4.65671945375781E-18,0.024,0.));
#10341=CARTESIAN_POINT('',(0.00505,0.024,0.));
#10342=CARTESIAN_POINT('',(0.0169705627484771,0.0169705627484771,0.));
#10343=CARTESIAN_POINT('',(0.0220205627484771,0.0169705627484771,0.));
#10344=CARTESIAN_POINT('',(0.024,-3.18714329478098E-18,0.));
#10345=CARTESIAN_POINT('',(0.02905,-3.18714329478098E-18,0.));
#10346=CARTESIAN_POINT('',(0.0169705627484771,-0.0169705627484771,0.));
#10347=CARTESIAN_POINT('',(0.0220205627484771,-0.0169705627484771,0.));
#10348=CARTESIAN_POINT('',(-1.71756713580416E-18,-0.024,0.));
#10349=CARTESIAN_POINT('',(0.00505,-0.024,0.));
#10350=CARTESIAN_POINT('',(-0.0169705627484771,-0.0169705627484771,0.));
#10351=CARTESIAN_POINT('',(-0.0119205627484772,-0.0169705627484771,0.));
#10352=CARTESIAN_POINT('',(0.,5.20474889637625E-19,0.));
#10353=CARTESIAN_POINT('',(0.0095,5.20474889637625E-19,0.));
#10354=CARTESIAN_POINT('',(0.,2.29621274840128E-18,0.));
#10355=CARTESIAN_POINT('',(0.0345,2.29621274840128E-18,0.));
#10356=CARTESIAN_POINT('',(0.,2.29621274840128E-18,0.003));
#10357=CARTESIAN_POINT('',(0.,5.20474889637625E-19,0.001));
#10358=CARTESIAN_POINT('',(-0.024,4.62304166678126E-19,0.0048));
#10359=CARTESIAN_POINT('',(-0.024,4.62304166678126E-19,0.005));
#10360=CARTESIAN_POINT('',(-0.01645,4.62304166678126E-19,0.005));
#10361=CARTESIAN_POINT('',(-0.024,4.62304166678126E-19,0.0048));
#10362=CARTESIAN_POINT('',(-0.01645,4.62304166678126E-19,0.0048));
#10363=CARTESIAN_POINT('',(0.,0.,0.0048));
#10364=CARTESIAN_POINT('',(-0.0169705627484771,-0.0169705627484771,0.0048));
#10365=CARTESIAN_POINT('',(-0.0169705627484771,-0.0169705627484771,0.005));
#10366=CARTESIAN_POINT('',(-0.00942056274847715,-0.0169705627484771,0.005));
#10367=CARTESIAN_POINT('',(-0.0169705627484771,-0.0169705627484771,0.0048));
#10368=CARTESIAN_POINT('',(-0.00942056274847715,-0.0169705627484771,0.0048));
#10369=CARTESIAN_POINT('',(0.,0.,0.0048));
#10370=CARTESIAN_POINT('',(-1.93188032565495E-18,-0.024,0.0048));
#10371=CARTESIAN_POINT('',(-1.93188032565495E-18,-0.024,0.005));
#10372=CARTESIAN_POINT('',(0.00755,-0.024,0.005));
#10373=CARTESIAN_POINT('',(-1.93188032565495E-18,-0.024,0.0048));
#10374=CARTESIAN_POINT('',(0.00755,-0.024,0.0048));
#10375=CARTESIAN_POINT('',(0.,0.,0.0048));
#10376=CARTESIAN_POINT('',(0.0169705627484771,-0.0169705627484771,0.0048));
#10377=CARTESIAN_POINT('',(0.0169705627484771,-0.0169705627484771,0.005));
#10378=CARTESIAN_POINT('',(0.0245205627484772,-0.0169705627484771,0.005));
#10379=CARTESIAN_POINT('',(0.0169705627484771,-0.0169705627484771,0.0048));
#10380=CARTESIAN_POINT('',(0.0245205627484772,-0.0169705627484771,0.0048));
#10381=CARTESIAN_POINT('',(0.,0.,0.0048));
#10382=CARTESIAN_POINT('',(0.024,-3.40145648463177E-18,0.0048));
#10383=CARTESIAN_POINT('',(0.024,-3.40145648463177E-18,0.005));
#10384=CARTESIAN_POINT('',(0.03155,-3.40145648463177E-18,0.005));
#10385=CARTESIAN_POINT('',(0.024,-3.40145648463177E-18,0.0048));
#10386=CARTESIAN_POINT('',(0.03155,-3.40145648463177E-18,0.0048));
#10387=CARTESIAN_POINT('',(0.,0.,0.0048));
#10388=CARTESIAN_POINT('',(0.0169705627484771,0.0169705627484771,0.0048));
#10389=CARTESIAN_POINT('',(0.0169705627484771,0.0169705627484771,0.005));
#10390=CARTESIAN_POINT('',(0.0245205627484772,0.0169705627484771,0.005));
#10391=CARTESIAN_POINT('',(0.0169705627484771,0.0169705627484771,0.0048));
#10392=CARTESIAN_POINT('',(0.0245205627484772,0.0169705627484771,0.0048));
#10393=CARTESIAN_POINT('',(0.,0.,0.0048));
#10394=CARTESIAN_POINT('',(4.8710326436086E-18,0.024,0.0048));
#10395=CARTESIAN_POINT('',(4.8710326436086E-18,0.024,0.005));
#10396=CARTESIAN_POINT('',(0.00755000000000001,0.024,0.005));
#10397=CARTESIAN_POINT('',(4.8710326436086E-18,0.024,0.0048));
#10398=CARTESIAN_POINT('',(0.00755000000000001,0.024,0.0048));
#10399=CARTESIAN_POINT('',(0.,0.,0.0048));
#10400=CARTESIAN_POINT('',(-0.0169705627484771,0.0169705627484771,0.0048));
#10401=CARTESIAN_POINT('',(-0.0169705627484771,0.0169705627484771,0.005));
#10402=CARTESIAN_POINT('',(-0.00942056274847715,0.0169705627484771,0.005));
#10403=CARTESIAN_POINT('',(-0.0169705627484771,0.0169705627484771,0.0048));
#10404=CARTESIAN_POINT('',(-0.00942056274847715,0.0169705627484771,0.0048));
#10405=CARTESIAN_POINT('',(0.,0.,0.0048));
#10406=CARTESIAN_POINT('',(-0.024,2.47990976827339E-19,0.0025));
#10407=CARTESIAN_POINT('',(-0.024,2.47990976827339E-19,0.001));
#10408=CARTESIAN_POINT('',(-0.01995,2.47990976827339E-19,0.001));
#10409=CARTESIAN_POINT('',(-0.024,2.47990976827339E-19,0.0025));
#10410=CARTESIAN_POINT('',(-0.01995,2.47990976827339E-19,0.0025));
#10411=CARTESIAN_POINT('',(0.,0.,0.0025));
#10412=CARTESIAN_POINT('',(-0.0169705627484771,-0.0169705627484771,0.0025));
#10413=CARTESIAN_POINT('',(-0.0169705627484771,-0.0169705627484771,0.001));
#10414=CARTESIAN_POINT('',(-0.0129205627484772,-0.0169705627484771,0.001));
#10415=CARTESIAN_POINT('',(-0.0169705627484771,-0.0169705627484771,0.0025));
#10416=CARTESIAN_POINT('',(-0.0129205627484772,-0.0169705627484771,0.0025));
#10417=CARTESIAN_POINT('',(0.,0.,0.0025));
#10418=CARTESIAN_POINT('',(-1.71756713580416E-18,-0.024,0.0025));
#10419=CARTESIAN_POINT('',(-1.71756713580416E-18,-0.024,0.001));
#10420=CARTESIAN_POINT('',(0.00405,-0.024,0.001));
#10421=CARTESIAN_POINT('',(-1.71756713580416E-18,-0.024,0.0025));
#10422=CARTESIAN_POINT('',(0.00405,-0.024,0.0025));
#10423=CARTESIAN_POINT('',(0.,0.,0.0025));
#10424=CARTESIAN_POINT('',(0.0169705627484771,-0.0169705627484771,0.0025));
#10425=CARTESIAN_POINT('',(0.0169705627484771,-0.0169705627484771,0.001));
#10426=CARTESIAN_POINT('',(0.0210205627484771,-0.0169705627484771,0.001));
#10427=CARTESIAN_POINT('',(0.0169705627484771,-0.0169705627484771,0.0025));
#10428=CARTESIAN_POINT('',(0.0210205627484771,-0.0169705627484771,0.0025));
#10429=CARTESIAN_POINT('',(0.,0.,0.0025));
#10430=CARTESIAN_POINT('',(0.024,-3.18714329478098E-18,0.0025));
#10431=CARTESIAN_POINT('',(0.024,-3.18714329478098E-18,0.001));
#10432=CARTESIAN_POINT('',(0.02805,-3.18714329478098E-18,0.001));
#10433=CARTESIAN_POINT('',(0.024,-3.18714329478098E-18,0.0025));
#10434=CARTESIAN_POINT('',(0.02805,-3.18714329478098E-18,0.0025));
#10435=CARTESIAN_POINT('',(0.,0.,0.0025));
#10436=CARTESIAN_POINT('',(0.0169705627484771,0.0169705627484771,0.0025));
#10437=CARTESIAN_POINT('',(0.0169705627484771,0.0169705627484771,0.001));
#10438=CARTESIAN_POINT('',(0.0210205627484771,0.0169705627484771,0.001));
#10439=CARTESIAN_POINT('',(0.0169705627484771,0.0169705627484771,0.0025));
#10440=CARTESIAN_POINT('',(0.0210205627484771,0.0169705627484771,0.0025));
#10441=CARTESIAN_POINT('',(0.,0.,0.0025));
#10442=CARTESIAN_POINT('',(4.65671945375781E-18,0.024,0.0025));
#10443=CARTESIAN_POINT('',(4.65671945375781E-18,0.024,0.001));
#10444=CARTESIAN_POINT('',(0.00405,0.024,0.001));
#10445=CARTESIAN_POINT('',(4.65671945375781E-18,0.024,0.0025));
#10446=CARTESIAN_POINT('',(0.00405,0.024,0.0025));
#10447=CARTESIAN_POINT('',(0.,0.,0.0025));
#10448=CARTESIAN_POINT('',(-0.0169705627484771,0.0169705627484771,0.0025));
#10449=CARTESIAN_POINT('',(-0.0169705627484771,0.0169705627484771,0.001));
#10450=CARTESIAN_POINT('',(-0.0129205627484772,0.0169705627484771,0.001));
#10451=CARTESIAN_POINT('',(-0.0169705627484771,0.0169705627484771,0.0025));
#10452=CARTESIAN_POINT('',(-0.0129205627484772,0.0169705627484771,0.0025));
#10453=CARTESIAN_POINT('',(0.,0.,0.0025));
#10454=CARTESIAN_POINT('',(-0.024,4.62304166678126E-19,0.005));
#10455=CARTESIAN_POINT('',(-0.0169705627484771,-0.0169705627484771,0.005));
#10456=CARTESIAN_POINT('',(-1.93188032565495E-18,-0.024,0.005));
#10457=CARTESIAN_POINT('',(0.0169705627484771,-0.0169705627484771,0.005));
#10458=CARTESIAN_POINT('',(0.024,-3.40145648463177E-18,0.005));
#10459=CARTESIAN_POINT('',(0.0169705627484771,0.0169705627484771,0.005));
#10460=CARTESIAN_POINT('',(4.8710326436086E-18,0.024,0.005));
#10461=CARTESIAN_POINT('',(-0.0169705627484771,0.0169705627484771,0.005));
#10462=CARTESIAN_POINT('',(-0.024,2.47990976827339E-19,0.001));
#10463=CARTESIAN_POINT('',(-0.0169705627484771,0.0169705627484771,0.001));
#10464=CARTESIAN_POINT('',(4.65671945375781E-18,0.024,0.001));
#10465=CARTESIAN_POINT('',(0.0169705627484771,0.0169705627484771,0.001));
#10466=CARTESIAN_POINT('',(0.024,-3.18714329478098E-18,0.001));
#10467=CARTESIAN_POINT('',(0.0169705627484771,-0.0169705627484771,0.001));
#10468=CARTESIAN_POINT('',(-1.71756713580416E-18,-0.024,0.001));
#10469=CARTESIAN_POINT('',(-0.0169705627484771,-0.0169705627484771,0.001));
#10470=CARTESIAN_POINT('',(-0.00132165591684382,-0.0144801699226198,0.0433501787257233));
#10471=CARTESIAN_POINT('',(-0.025630337132002,-0.000415306301018187,0.00328895388552403));
#10472=CARTESIAN_POINT('',(0.0103696628679981,0.0203693033898083,0.00328895388552403));
#10473=MECHANICAL_DESIGN_GEOMETRIC_PRESENTATION_REPRESENTATION('',(#6068,
#6069,#6070),#10474);
#10474=(
GEOMETRIC_REPRESENTATION_CONTEXT(3)
GLOBAL_UNCERTAINTY_ASSIGNED_CONTEXT((#10478))
GLOBAL_UNIT_ASSIGNED_CONTEXT((#10484,#10483,#10482))
REPRESENTATION_CONTEXT('Assembly 1','TOP_LEVEL_ASSEMBLY_PART')
);
#10475=(
GEOMETRIC_REPRESENTATION_CONTEXT(3)
GLOBAL_UNCERTAINTY_ASSIGNED_CONTEXT((#10479))
GLOBAL_UNIT_ASSIGNED_CONTEXT((#10484,#10483,#10482))
REPRESENTATION_CONTEXT('Part 1','COMPONENT_PART')
);
#10476=(
GEOMETRIC_REPRESENTATION_CONTEXT(3)
GLOBAL_UNCERTAINTY_ASSIGNED_CONTEXT((#10480))
GLOBAL_UNIT_ASSIGNED_CONTEXT((#10484,#10483,#10482))
REPRESENTATION_CONTEXT('Part 1','COMPONENT_PART')
);
#10477=(
GEOMETRIC_REPRESENTATION_CONTEXT(3)
GLOBAL_UNCERTAINTY_ASSIGNED_CONTEXT((#10481))
GLOBAL_UNIT_ASSIGNED_CONTEXT((#10484,#10483,#10482))
REPRESENTATION_CONTEXT('Part 1','COMPONENT_PART')
);
#10478=UNCERTAINTY_MEASURE_WITH_UNIT(LENGTH_MEASURE(1.E-8),#10484,
'DISTANCE_ACCURACY_VALUE','Maximum Tolerance applied to model');
#10479=UNCERTAINTY_MEASURE_WITH_UNIT(LENGTH_MEASURE(1.E-8),#10484,
'DISTANCE_ACCURACY_VALUE','Maximum Tolerance applied to model');
#10480=UNCERTAINTY_MEASURE_WITH_UNIT(LENGTH_MEASURE(2.E-5),#10484,
'DISTANCE_ACCURACY_VALUE','Maximum Tolerance applied to model');
#10481=UNCERTAINTY_MEASURE_WITH_UNIT(LENGTH_MEASURE(1.E-8),#10484,
'DISTANCE_ACCURACY_VALUE','Maximum Tolerance applied to model');
#10482=(
NAMED_UNIT(*)
SI_UNIT($,.STERADIAN.)
SOLID_ANGLE_UNIT()
);
#10483=(
NAMED_UNIT(*)
PLANE_ANGLE_UNIT()
SI_UNIT($,.RADIAN.)
);
#10484=(
LENGTH_UNIT()
NAMED_UNIT(*)
SI_UNIT($,.METRE.)
);
#10485=PRODUCT_DEFINITION_SHAPE('','',#10497);
#10486=PRODUCT_DEFINITION_SHAPE('','',#10498);
#10487=PRODUCT_DEFINITION_SHAPE(' ','NAUO PRDDFN',#1271);
#10488=PRODUCT_DEFINITION_SHAPE(' ','NAUO PRDDFN',#1272);
#10489=PRODUCT_DEFINITION_SHAPE('','',#10499);
#10490=PRODUCT_DEFINITION_SHAPE(' ','NAUO PRDDFN',#1273);
#10491=PRODUCT_DEFINITION_SHAPE(' ','NAUO PRDDFN',#1274);
#10492=PRODUCT_DEFINITION_SHAPE(' ','NAUO PRDDFN',#1275);
#10493=PRODUCT_DEFINITION_SHAPE('','',#10500);
#10494=PRODUCT_DEFINITION_SHAPE(' ','NAUO PRDDFN',#1276);
#10495=PRODUCT_DEFINITION_SHAPE(' ','NAUO PRDDFN',#1277);
#10496=PRODUCT_DEFINITION_SHAPE(' ','NAUO PRDDFN',#1278);
#10497=PRODUCT_DEFINITION('','',#10505,#10501);
#10498=PRODUCT_DEFINITION('','',#10506,#10502);
#10499=PRODUCT_DEFINITION('','',#10507,#10503);
#10500=PRODUCT_DEFINITION('','',#10508,#10504);
#10501=PRODUCT_DEFINITION_CONTEXT('',#10526,'design');
#10502=PRODUCT_DEFINITION_CONTEXT('',#10526,'design');
#10503=PRODUCT_DEFINITION_CONTEXT('',#10526,'design');
#10504=PRODUCT_DEFINITION_CONTEXT('',#10526,'design');
#10505=PRODUCT_DEFINITION_FORMATION_WITH_SPECIFIED_SOURCE('','',#10513,
 .NOT_KNOWN.);
#10506=PRODUCT_DEFINITION_FORMATION_WITH_SPECIFIED_SOURCE('','',#10514,
 .NOT_KNOWN.);
#10507=PRODUCT_DEFINITION_FORMATION_WITH_SPECIFIED_SOURCE('','',#10515,
 .NOT_KNOWN.);
#10508=PRODUCT_DEFINITION_FORMATION_WITH_SPECIFIED_SOURCE('','',#10516,
 .NOT_KNOWN.);
#10509=PRODUCT_RELATED_PRODUCT_CATEGORY('','',(#10513));
#10510=PRODUCT_RELATED_PRODUCT_CATEGORY('','',(#10514));
#10511=PRODUCT_RELATED_PRODUCT_CATEGORY('','',(#10515));
#10512=PRODUCT_RELATED_PRODUCT_CATEGORY('','',(#10516));
#10513=PRODUCT('Assembly 1','Assembly 1','Assembly 1',(#10521));
#10514=PRODUCT('Part 1','Part 1','Part 1',(#10522));
#10515=PRODUCT('Part 1','Part 1','Part 1',(#10523));
#10516=PRODUCT('Part 1','Part 1','Part 1',(#10524));
#10517=PRODUCT_CATEGORY('','');
#10518=PRODUCT_CATEGORY('','');
#10519=PRODUCT_CATEGORY('','');
#10520=PRODUCT_CATEGORY('','');
#10521=PRODUCT_CONTEXT('',#10526,'mechanical');
#10522=PRODUCT_CONTEXT('',#10526,'mechanical');
#10523=PRODUCT_CONTEXT('',#10526,'mechanical');
#10524=PRODUCT_CONTEXT('',#10526,'mechanical');
#10525=APPLICATION_PROTOCOL_DEFINITION('international standard',
'ap242_managed_model_based_3d_engineering',2020,#10526);
#10526=APPLICATION_CONTEXT('managed model based 3d engineering');
ENDSEC;
END-ISO-10303-21;
