ISO-10303-21;
HEADER;
/* Generated by software containing ST-Developer
 * from STEP Tools, Inc. (www.steptools.com) 
 */
/* OPTION: using custom renumber hook */

FILE_DESCRIPTION(
/* description */ ('STEP AP242 Edition 2',
'CAx-IF Rec.Pracs.---Representation and Presentation of Product Manufa
cturing Information (PMI)---4.0---2014-10-13',
'CAx-IF Rec.Pracs.---3D Tessellated Geometry---0.4---2014-09-14','2;1',
'CAx-IF Rec.Pracs.---User Defined Attributes---1.5---2016-08-15'),
/* implementation_level */ '2;1');

FILE_NAME(
/* name */ 'Part Studio 2',
/* time_stamp */ '2026-09-05T09:00:52Z',
/* author */ (''),
/* organization */ (''),
/* preprocessor_version */ 'ST-DEVELOPER v20',
/* originating_system */ 'ONSHAPE BY PTC INC, 1.220',
/* authorisation */ '  ');

FILE_SCHEMA (('AP242_MANAGED_MODEL_BASED_3D_ENGINEERING_MIM_LF { 1 0 10303 442 3 1 4 }'));
ENDSEC;

DATA;
#10=SHAPE_REPRESENTATION_RELATIONSHIP('','',#5369,#11);
#11=ADVANCED_BREP_SHAPE_REPRESENTATION('',(#5367),#9161);
#12=TOROIDAL_SURFACE('',#5606,0.0365,0.001);
#13=TOROIDAL_SURFACE('',#5607,0.00245,0.001);
#14=TOROIDAL_SURFACE('',#5608,0.007,0.001);
#15=TOROIDAL_SURFACE('',#5609,0.007,0.001);
#16=TOROIDAL_SURFACE('',#5610,0.007,0.001);
#17=TOROIDAL_SURFACE('',#5611,0.007,0.001);
#18=TOROIDAL_SURFACE('',#5612,0.007,0.001);
#19=TOROIDAL_SURFACE('',#5613,0.007,0.001);
#20=B_SPLINE_SURFACE_WITH_KNOTS('',3,1,((#7058,#7059),(#7060,#7061),(#7062,
#7063),(#7064,#7065)),.SURF_OF_LINEAR_EXTRUSION.,.F.,.F.,.F.,(4,4),(2,2),
(0.,1.),(0.,1.),.PIECEWISE_BEZIER_KNOTS.);
#21=B_SPLINE_SURFACE_WITH_KNOTS('',3,1,((#7141,#7142),(#7143,#7144),(#7145,
#7146),(#7147,#7148)),.SURF_OF_LINEAR_EXTRUSION.,.F.,.F.,.F.,(4,4),(2,2),
(0.,1.),(0.,1.),.PIECEWISE_BEZIER_KNOTS.);
#22=B_SPLINE_SURFACE_WITH_KNOTS('',3,1,((#7290,#7291),(#7292,#7293),(#7294,
#7295),(#7296,#7297)),.SURF_OF_LINEAR_EXTRUSION.,.F.,.F.,.F.,(4,4),(2,2),
(0.,1.),(0.,1.),.PIECEWISE_BEZIER_KNOTS.);
#23=B_SPLINE_SURFACE_WITH_KNOTS('',3,1,((#7310,#7311),(#7312,#7313),(#7314,
#7315),(#7316,#7317)),.SURF_OF_LINEAR_EXTRUSION.,.F.,.F.,.F.,(4,4),(2,2),
(0.,1.),(0.,1.),.PIECEWISE_BEZIER_KNOTS.);
#24=B_SPLINE_SURFACE_WITH_KNOTS('',3,1,((#7327,#7328),(#7329,#7330),(#7331,
#7332),(#7333,#7334)),.SURF_OF_LINEAR_EXTRUSION.,.F.,.F.,.F.,(4,4),(2,2),
(0.,1.),(0.,1.),.PIECEWISE_BEZIER_KNOTS.);
#25=B_SPLINE_SURFACE_WITH_KNOTS('',3,1,((#7344,#7345),(#7346,#7347),(#7348,
#7349),(#7350,#7351)),.SURF_OF_LINEAR_EXTRUSION.,.F.,.F.,.F.,(4,4),(2,2),
(0.,1.),(0.,1.),.PIECEWISE_BEZIER_KNOTS.);
#26=B_SPLINE_SURFACE_WITH_KNOTS('',3,1,((#7388,#7389),(#7390,#7391),(#7392,
#7393),(#7394,#7395)),.SURF_OF_LINEAR_EXTRUSION.,.F.,.F.,.F.,(4,4),(2,2),
(0.,1.),(0.,1.),.PIECEWISE_BEZIER_KNOTS.);
#27=B_SPLINE_SURFACE_WITH_KNOTS('',3,1,((#7417,#7418),(#7419,#7420),(#7421,
#7422),(#7423,#7424)),.SURF_OF_LINEAR_EXTRUSION.,.F.,.F.,.F.,(4,4),(2,2),
(0.,1.),(0.,1.),.PIECEWISE_BEZIER_KNOTS.);
#28=B_SPLINE_SURFACE_WITH_KNOTS('',3,1,((#7434,#7435),(#7436,#7437),(#7438,
#7439),(#7440,#7441)),.SURF_OF_LINEAR_EXTRUSION.,.F.,.F.,.F.,(4,4),(2,2),
(0.,1.),(0.,1.),.PIECEWISE_BEZIER_KNOTS.);
#29=B_SPLINE_SURFACE_WITH_KNOTS('',3,1,((#7489,#7490),(#7491,#7492),(#7493,
#7494),(#7495,#7496)),.SURF_OF_LINEAR_EXTRUSION.,.F.,.F.,.F.,(4,4),(2,2),
(0.,1.),(0.,1.),.PIECEWISE_BEZIER_KNOTS.);
#30=B_SPLINE_SURFACE_WITH_KNOTS('',3,1,((#7509,#7510),(#7511,#7512),(#7513,
#7514),(#7515,#7516)),.SURF_OF_LINEAR_EXTRUSION.,.F.,.F.,.F.,(4,4),(2,2),
(0.,1.),(0.,1.),.PIECEWISE_BEZIER_KNOTS.);
#31=B_SPLINE_SURFACE_WITH_KNOTS('',3,1,((#7526,#7527),(#7528,#7529),(#7530,
#7531),(#7532,#7533)),.SURF_OF_LINEAR_EXTRUSION.,.F.,.F.,.F.,(4,4),(2,2),
(0.,1.),(0.,1.),.PIECEWISE_BEZIER_KNOTS.);
#32=B_SPLINE_SURFACE_WITH_KNOTS('',3,1,((#7543,#7544),(#7545,#7546),(#7547,
#7548),(#7549,#7550)),.SURF_OF_LINEAR_EXTRUSION.,.F.,.F.,.F.,(4,4),(2,2),
(0.,1.),(0.,1.),.PIECEWISE_BEZIER_KNOTS.);
#33=B_SPLINE_SURFACE_WITH_KNOTS('',3,1,((#7578,#7579),(#7580,#7581),(#7582,
#7583),(#7584,#7585)),.SURF_OF_LINEAR_EXTRUSION.,.F.,.F.,.F.,(4,4),(2,2),
(0.,1.),(0.,1.),.PIECEWISE_BEZIER_KNOTS.);
#34=B_SPLINE_SURFACE_WITH_KNOTS('',3,1,((#7595,#7596),(#7597,#7598),(#7599,
#7600),(#7601,#7602)),.SURF_OF_LINEAR_EXTRUSION.,.F.,.F.,.F.,(4,4),(2,2),
(0.,1.),(0.,1.),.PIECEWISE_BEZIER_KNOTS.);
#35=B_SPLINE_SURFACE_WITH_KNOTS('',3,1,((#7612,#7613),(#7614,#7615),(#7616,
#7617),(#7618,#7619)),.SURF_OF_LINEAR_EXTRUSION.,.F.,.F.,.F.,(4,4),(2,2),
(0.,1.),(0.,1.),.PIECEWISE_BEZIER_KNOTS.);
#36=B_SPLINE_SURFACE_WITH_KNOTS('',3,1,((#7641,#7642),(#7643,#7644),(#7645,
#7646),(#7647,#7648)),.SURF_OF_LINEAR_EXTRUSION.,.F.,.F.,.F.,(4,4),(2,2),
(0.,1.),(0.,1.),.PIECEWISE_BEZIER_KNOTS.);
#37=B_SPLINE_SURFACE_WITH_KNOTS('',3,1,((#8134,#8135),(#8136,#8137),(#8138,
#8139),(#8140,#8141)),.SURF_OF_LINEAR_EXTRUSION.,.F.,.F.,.F.,(4,4),(2,2),
(0.,1.),(0.,1.),.PIECEWISE_BEZIER_KNOTS.);
#38=B_SPLINE_SURFACE_WITH_KNOTS('',3,1,((#8173,#8174),(#8175,#8176),(#8177,
#8178),(#8179,#8180)),.SURF_OF_LINEAR_EXTRUSION.,.F.,.F.,.F.,(4,4),(2,2),
(0.,1.),(0.,1.),.PIECEWISE_BEZIER_KNOTS.);
#39=B_SPLINE_SURFACE_WITH_KNOTS('',3,1,((#8218,#8219),(#8220,#8221),(#8222,
#8223),(#8224,#8225)),.SURF_OF_LINEAR_EXTRUSION.,.F.,.F.,.F.,(4,4),(2,2),
(0.,1.),(0.,1.),.PIECEWISE_BEZIER_KNOTS.);
#40=B_SPLINE_SURFACE_WITH_KNOTS('',3,1,((#8231,#8232),(#8233,#8234),(#8235,
#8236),(#8237,#8238)),.SURF_OF_LINEAR_EXTRUSION.,.F.,.F.,.F.,(4,4),(2,2),
(0.,1.),(0.,1.),.PIECEWISE_BEZIER_KNOTS.);
#41=B_SPLINE_SURFACE_WITH_KNOTS('',3,1,((#8261,#8262),(#8263,#8264),(#8265,
#8266),(#8267,#8268)),.SURF_OF_LINEAR_EXTRUSION.,.F.,.F.,.F.,(4,4),(2,2),
(0.,1.),(0.,1.),.PIECEWISE_BEZIER_KNOTS.);
#42=B_SPLINE_SURFACE_WITH_KNOTS('',3,1,((#8274,#8275),(#8276,#8277),(#8278,
#8279),(#8280,#8281)),.SURF_OF_LINEAR_EXTRUSION.,.F.,.F.,.F.,(4,4),(2,2),
(0.,1.),(0.,1.),.PIECEWISE_BEZIER_KNOTS.);
#43=B_SPLINE_SURFACE_WITH_KNOTS('',3,1,((#8304,#8305),(#8306,#8307),(#8308,
#8309),(#8310,#8311)),.SURF_OF_LINEAR_EXTRUSION.,.F.,.F.,.F.,(4,4),(2,2),
(0.,1.),(0.,1.),.PIECEWISE_BEZIER_KNOTS.);
#44=B_SPLINE_SURFACE_WITH_KNOTS('',3,1,((#8317,#8318),(#8319,#8320),(#8321,
#8322),(#8323,#8324)),.SURF_OF_LINEAR_EXTRUSION.,.F.,.F.,.F.,(4,4),(2,2),
(0.,1.),(0.,1.),.PIECEWISE_BEZIER_KNOTS.);
#45=B_SPLINE_SURFACE_WITH_KNOTS('',3,1,((#8340,#8341),(#8342,#8343),(#8344,
#8345),(#8346,#8347)),.SURF_OF_LINEAR_EXTRUSION.,.F.,.F.,.F.,(4,4),(2,2),
(0.,1.),(0.,1.),.PIECEWISE_BEZIER_KNOTS.);
#46=B_SPLINE_SURFACE_WITH_KNOTS('',3,1,((#8357,#8358),(#8359,#8360),(#8361,
#8362),(#8363,#8364)),.SURF_OF_LINEAR_EXTRUSION.,.F.,.F.,.F.,(4,4),(2,2),
(0.,1.),(0.,1.),.PIECEWISE_BEZIER_KNOTS.);
#47=B_SPLINE_SURFACE_WITH_KNOTS('',3,1,((#8370,#8371),(#8372,#8373),(#8374,
#8375),(#8376,#8377)),.SURF_OF_LINEAR_EXTRUSION.,.F.,.F.,.F.,(4,4),(2,2),
(0.,1.),(0.,1.),.PIECEWISE_BEZIER_KNOTS.);
#48=B_SPLINE_SURFACE_WITH_KNOTS('',3,1,((#8383,#8384),(#8385,#8386),(#8387,
#8388),(#8389,#8390)),.SURF_OF_LINEAR_EXTRUSION.,.F.,.F.,.F.,(4,4),(2,2),
(0.,1.),(0.,1.),.PIECEWISE_BEZIER_KNOTS.);
#49=B_SPLINE_SURFACE_WITH_KNOTS('',3,1,((#8396,#8397),(#8398,#8399),(#8400,
#8401),(#8402,#8403)),.SURF_OF_LINEAR_EXTRUSION.,.F.,.F.,.F.,(4,4),(2,2),
(0.,1.),(0.,1.),.PIECEWISE_BEZIER_KNOTS.);
#50=B_SPLINE_SURFACE_WITH_KNOTS('',3,1,((#8409,#8410),(#8411,#8412),(#8413,
#8414),(#8415,#8416)),.SURF_OF_LINEAR_EXTRUSION.,.F.,.F.,.F.,(4,4),(2,2),
(0.,1.),(0.,1.),.PIECEWISE_BEZIER_KNOTS.);
#51=B_SPLINE_SURFACE_WITH_KNOTS('',3,1,((#8478,#8479),(#8480,#8481),(#8482,
#8483),(#8484,#8485)),.SURF_OF_LINEAR_EXTRUSION.,.F.,.F.,.F.,(4,4),(2,2),
(0.,1.),(0.,1.),.PIECEWISE_BEZIER_KNOTS.);
#52=B_SPLINE_SURFACE_WITH_KNOTS('',3,1,((#8604,#8605),(#8606,#8607),(#8608,
#8609),(#8610,#8611)),.SURF_OF_LINEAR_EXTRUSION.,.F.,.F.,.F.,(4,4),(2,2),
(0.,1.),(0.,1.),.PIECEWISE_BEZIER_KNOTS.);
#53=B_SPLINE_SURFACE_WITH_KNOTS('',3,1,((#8758,#8759),(#8760,#8761),(#8762,
#8763),(#8764,#8765)),.SURF_OF_LINEAR_EXTRUSION.,.F.,.F.,.F.,(4,4),(2,2),
(0.,1.),(0.,1.),.PIECEWISE_BEZIER_KNOTS.);
#54=B_SPLINE_SURFACE_WITH_KNOTS('',3,1,((#8768,#8769),(#8770,#8771),(#8772,
#8773),(#8774,#8775)),.SURF_OF_LINEAR_EXTRUSION.,.F.,.F.,.F.,(4,4),(2,2),
(0.,1.),(0.,1.),.PIECEWISE_BEZIER_KNOTS.);
#55=B_SPLINE_SURFACE_WITH_KNOTS('',3,1,((#8777,#8778),(#8779,#8780),(#8781,
#8782),(#8783,#8784)),.SURF_OF_LINEAR_EXTRUSION.,.F.,.F.,.F.,(4,4),(2,2),
(0.,1.),(0.,1.),.PIECEWISE_BEZIER_KNOTS.);
#56=B_SPLINE_SURFACE_WITH_KNOTS('',3,1,((#8786,#8787),(#8788,#8789),(#8790,
#8791),(#8792,#8793)),.SURF_OF_LINEAR_EXTRUSION.,.F.,.F.,.F.,(4,4),(2,2),
(0.,1.),(0.,1.),.PIECEWISE_BEZIER_KNOTS.);
#57=B_SPLINE_SURFACE_WITH_KNOTS('',3,1,((#8795,#8796),(#8797,#8798),(#8799,
#8800),(#8801,#8802)),.SURF_OF_LINEAR_EXTRUSION.,.F.,.F.,.F.,(4,4),(2,2),
(0.,1.),(0.,1.),.PIECEWISE_BEZIER_KNOTS.);
#58=B_SPLINE_SURFACE_WITH_KNOTS('',3,1,((#8816,#8817),(#8818,#8819),(#8820,
#8821),(#8822,#8823)),.SURF_OF_LINEAR_EXTRUSION.,.F.,.F.,.F.,(4,4),(2,2),
(0.,1.),(0.,1.),.PIECEWISE_BEZIER_KNOTS.);
#59=B_SPLINE_SURFACE_WITH_KNOTS('',3,1,((#8825,#8826),(#8827,#8828),(#8829,
#8830),(#8831,#8832)),.SURF_OF_LINEAR_EXTRUSION.,.F.,.F.,.F.,(4,4),(2,2),
(0.,1.),(0.,1.),.PIECEWISE_BEZIER_KNOTS.);
#60=B_SPLINE_SURFACE_WITH_KNOTS('',3,1,((#8847,#8848),(#8849,#8850),(#8851,
#8852),(#8853,#8854)),.SURF_OF_LINEAR_EXTRUSION.,.F.,.F.,.F.,(4,4),(2,2),
(0.,1.),(0.,1.),.PIECEWISE_BEZIER_KNOTS.);
#61=B_SPLINE_SURFACE_WITH_KNOTS('',3,1,((#8856,#8857),(#8858,#8859),(#8860,
#8861),(#8862,#8863)),.SURF_OF_LINEAR_EXTRUSION.,.F.,.F.,.F.,(4,4),(2,2),
(0.,1.),(0.,1.),.PIECEWISE_BEZIER_KNOTS.);
#62=B_SPLINE_SURFACE_WITH_KNOTS('',3,1,((#8878,#8879),(#8880,#8881),(#8882,
#8883),(#8884,#8885)),.SURF_OF_LINEAR_EXTRUSION.,.F.,.F.,.F.,(4,4),(2,2),
(0.,1.),(0.,1.),.PIECEWISE_BEZIER_KNOTS.);
#63=B_SPLINE_SURFACE_WITH_KNOTS('',3,1,((#8887,#8888),(#8889,#8890),(#8891,
#8892),(#8893,#8894)),.SURF_OF_LINEAR_EXTRUSION.,.F.,.F.,.F.,(4,4),(2,2),
(0.,1.),(0.,1.),.PIECEWISE_BEZIER_KNOTS.);
#64=B_SPLINE_SURFACE_WITH_KNOTS('',3,1,((#8918,#8919),(#8920,#8921),(#8922,
#8923),(#8924,#8925)),.SURF_OF_LINEAR_EXTRUSION.,.F.,.F.,.F.,(4,4),(2,2),
(0.,1.),(0.,1.),.PIECEWISE_BEZIER_KNOTS.);
#65=B_SPLINE_SURFACE_WITH_KNOTS('',3,1,((#8945,#8946),(#8947,#8948),(#8949,
#8950),(#8951,#8952)),.SURF_OF_LINEAR_EXTRUSION.,.F.,.F.,.F.,(4,4),(2,2),
(0.,1.),(0.,1.),.PIECEWISE_BEZIER_KNOTS.);
#66=B_SPLINE_SURFACE_WITH_KNOTS('',3,1,((#8984,#8985),(#8986,#8987),(#8988,
#8989),(#8990,#8991)),.SURF_OF_LINEAR_EXTRUSION.,.F.,.F.,.F.,(4,4),(2,2),
(0.,1.),(0.,1.),.PIECEWISE_BEZIER_KNOTS.);
#67=B_SPLINE_SURFACE_WITH_KNOTS('',3,1,((#9068,#9069),(#9070,#9071),(#9072,
#9073),(#9074,#9075)),.SURF_OF_LINEAR_EXTRUSION.,.F.,.F.,.F.,(4,4),(2,2),
(0.,1.),(0.,1.),.PIECEWISE_BEZIER_KNOTS.);
#68=CIRCLE('',#5391,0.00355708887150014);
#69=CIRCLE('',#5392,0.00355708887150014);
#70=CIRCLE('',#5398,0.0035570888715031);
#71=CIRCLE('',#5401,0.0216334601357787);
#72=CIRCLE('',#5402,0.0216334601357787);
#73=CIRCLE('',#5439,0.000877482499326694);
#74=CIRCLE('',#5440,0.000877482499326694);
#75=CIRCLE('',#5454,0.00106839155176091);
#76=CIRCLE('',#5455,0.00106839155176091);
#77=CIRCLE('',#5461,0.0759267452098677);
#78=CIRCLE('',#5462,0.010448618107486);
#79=CIRCLE('',#5463,0.00169558742075956);
#80=CIRCLE('',#5464,0.000289990625625662);
#81=CIRCLE('',#5465,0.000607349150874285);
#82=CIRCLE('',#5466,0.00102347176748975);
#83=CIRCLE('',#5467,0.000874166578667237);
#84=CIRCLE('',#5468,0.00195114371163101);
#85=CIRCLE('',#5469,0.00336849566996787);
#86=CIRCLE('',#5470,0.00341452179587643);
#87=CIRCLE('',#5471,0.00140593483781945);
#88=CIRCLE('',#5472,0.000304622995725996);
#89=CIRCLE('',#5473,0.00029996412332483);
#90=CIRCLE('',#5474,0.000478815901661598);
#91=CIRCLE('',#5475,0.00345);
#92=CIRCLE('',#5476,0.0365);
#93=CIRCLE('',#5477,0.007);
#94=CIRCLE('',#5478,0.007);
#95=CIRCLE('',#5479,0.007);
#96=CIRCLE('',#5480,0.007);
#97=CIRCLE('',#5481,0.007);
#98=CIRCLE('',#5482,0.007);
#99=CIRCLE('',#5483,0.00386305018154209);
#100=CIRCLE('',#5484,0.00169558742075964);
#101=CIRCLE('',#5485,0.000289990625625804);
#102=CIRCLE('',#5486,0.000607349150874317);
#103=CIRCLE('',#5487,0.00102347176748967);
#104=CIRCLE('',#5488,0.000874166578667126);
#105=CIRCLE('',#5489,0.00195114371163088);
#106=CIRCLE('',#5490,0.00336849566996828);
#107=CIRCLE('',#5491,0.00341452179589047);
#108=CIRCLE('',#5492,0.00140593483781886);
#109=CIRCLE('',#5493,0.000304622995725984);
#110=CIRCLE('',#5494,0.000299964123324822);
#111=CIRCLE('',#5495,0.000478815901725219);
#112=CIRCLE('',#5524,0.000478815901661598);
#113=CIRCLE('',#5526,0.00029996412332483);
#114=CIRCLE('',#5528,0.000304622995725996);
#115=CIRCLE('',#5530,0.00140593483781945);
#116=CIRCLE('',#5532,0.00341452179587643);
#117=CIRCLE('',#5535,0.00336849566996787);
#118=CIRCLE('',#5537,0.00195114371163101);
#119=CIRCLE('',#5539,0.000874166578667237);
#120=CIRCLE('',#5541,0.00102347176748975);
#121=CIRCLE('',#5543,0.000607349150874285);
#122=CIRCLE('',#5545,0.000289990625625662);
#123=CIRCLE('',#5547,0.00169558742075956);
#124=CIRCLE('',#5558,0.00355708887150327);
#125=CIRCLE('',#5559,0.00355708887150327);
#126=CIRCLE('',#5565,0.00355708887150226);
#127=CIRCLE('',#5567,0.0375);
#128=CIRCLE('',#5568,0.0375);
#129=CIRCLE('',#5571,0.006);
#130=CIRCLE('',#5572,0.006);
#131=CIRCLE('',#5575,0.006);
#132=CIRCLE('',#5576,0.006);
#133=CIRCLE('',#5579,0.006);
#134=CIRCLE('',#5580,0.006);
#135=CIRCLE('',#5583,0.006);
#136=CIRCLE('',#5584,0.006);
#137=CIRCLE('',#5587,0.006);
#138=CIRCLE('',#5588,0.006);
#139=CIRCLE('',#5591,0.006);
#140=CIRCLE('',#5592,0.006);
#141=CIRCLE('',#5595,0.00345);
#142=CIRCLE('',#5597,0.005);
#143=CIRCLE('',#5598,0.005);
#144=CIRCLE('',#5600,0.00345);
#145=CIRCLE('',#5603,0.00345);
#146=CIRCLE('',#5605,0.00245);
#147=CIRCLE('',#5615,0.00355708887150226);
#148=CIRCLE('',#5638,0.000478815901725219);
#149=CIRCLE('',#5639,0.000299964123324822);
#150=CIRCLE('',#5640,0.000304622995725984);
#151=CIRCLE('',#5641,0.00140593483781886);
#152=CIRCLE('',#5642,0.00341452179589047);
#153=CIRCLE('',#5643,0.00336849566996828);
#154=CIRCLE('',#5644,0.00195114371163088);
#155=CIRCLE('',#5645,0.000874166578667126);
#156=CIRCLE('',#5646,0.00102347176748967);
#157=CIRCLE('',#5647,0.000607349150874317);
#158=CIRCLE('',#5648,0.000289990625625804);
#159=CIRCLE('',#5649,0.00169558742075964);
#160=CIRCLE('',#5650,0.00386305018154209);
#161=CIRCLE('',#5668,0.0035570888715031);
#162=CIRCLE('',#5681,0.0759267452098677);
#163=CIRCLE('',#5682,0.010448618107486);
#164=B_SPLINE_CURVE_WITH_KNOTS('',3,(#7032,#7033,#7034,#7035),
 .UNSPECIFIED.,.F.,.F.,(4,4),(0.,1.),.UNSPECIFIED.);
#165=B_SPLINE_CURVE_WITH_KNOTS('',3,(#7040,#7041,#7042,#7043),
 .UNSPECIFIED.,.F.,.F.,(4,4),(1.24999953096672E-7,0.999999875000047),
 .UNSPECIFIED.);
#166=B_SPLINE_CURVE_WITH_KNOTS('',2,(#7066,#7067,#7068),.UNSPECIFIED.,.F.,
 .F.,(3,3),(0.,1.),.UNSPECIFIED.);
#167=B_SPLINE_CURVE_WITH_KNOTS('',2,(#7069,#7070,#7071),.UNSPECIFIED.,.F.,
 .F.,(3,3),(0.,1.),.UNSPECIFIED.);
#168=B_SPLINE_CURVE_WITH_KNOTS('',2,(#7080,#7081,#7082),.UNSPECIFIED.,.F.,
 .F.,(3,3),(0.,1.),.UNSPECIFIED.);
#169=B_SPLINE_CURVE_WITH_KNOTS('',3,(#7093,#7094,#7095,#7096),
 .UNSPECIFIED.,.F.,.F.,(4,4),(1.24999999934206E-7,0.999999875),
 .UNSPECIFIED.);
#170=B_SPLINE_CURVE_WITH_KNOTS('',2,(#7149,#7150,#7151),.UNSPECIFIED.,.F.,
 .F.,(3,3),(0.,1.),.UNSPECIFIED.);
#171=B_SPLINE_CURVE_WITH_KNOTS('',2,(#7155,#7156,#7157),.UNSPECIFIED.,.F.,
 .F.,(3,3),(0.,1.),.UNSPECIFIED.);
#172=B_SPLINE_CURVE_WITH_KNOTS('',2,(#7301,#7302,#7303),.UNSPECIFIED.,.F.,
 .F.,(3,3),(0.,1.),.UNSPECIFIED.);
#173=B_SPLINE_CURVE_WITH_KNOTS('',2,(#7307,#7308,#7309),.UNSPECIFIED.,.F.,
 .F.,(3,3),(0.,1.),.UNSPECIFIED.);
#174=B_SPLINE_CURVE_WITH_KNOTS('',2,(#7318,#7319,#7320),.UNSPECIFIED.,.F.,
 .F.,(3,3),(0.,1.),.UNSPECIFIED.);
#175=B_SPLINE_CURVE_WITH_KNOTS('',2,(#7324,#7325,#7326),.UNSPECIFIED.,.F.,
 .F.,(3,3),(0.,1.),.UNSPECIFIED.);
#176=B_SPLINE_CURVE_WITH_KNOTS('',2,(#7335,#7336,#7337),.UNSPECIFIED.,.F.,
 .F.,(3,3),(0.,1.),.UNSPECIFIED.);
#177=B_SPLINE_CURVE_WITH_KNOTS('',2,(#7341,#7342,#7343),.UNSPECIFIED.,.F.,
 .F.,(3,3),(0.,1.),.UNSPECIFIED.);
#178=B_SPLINE_CURVE_WITH_KNOTS('',2,(#7352,#7353,#7354),.UNSPECIFIED.,.F.,
 .F.,(3,3),(0.,1.),.UNSPECIFIED.);
#179=B_SPLINE_CURVE_WITH_KNOTS('',2,(#7358,#7359,#7360),.UNSPECIFIED.,.F.,
 .F.,(3,3),(0.,1.),.UNSPECIFIED.);
#180=B_SPLINE_CURVE_WITH_KNOTS('',2,(#7396,#7397,#7398),.UNSPECIFIED.,.F.,
 .F.,(3,3),(0.,1.),.UNSPECIFIED.);
#181=B_SPLINE_CURVE_WITH_KNOTS('',3,(#7400,#7401,#7402,#7403),
 .UNSPECIFIED.,.F.,.F.,(4,4),(0.,1.),.UNSPECIFIED.);
#182=B_SPLINE_CURVE_WITH_KNOTS('',2,(#7405,#7406,#7407),.UNSPECIFIED.,.F.,
 .F.,(3,3),(0.,1.),.UNSPECIFIED.);
#183=B_SPLINE_CURVE_WITH_KNOTS('',3,(#7411,#7412,#7413,#7414),
 .UNSPECIFIED.,.F.,.F.,(4,4),(0.,1.),.UNSPECIFIED.);
#184=B_SPLINE_CURVE_WITH_KNOTS('',2,(#7425,#7426,#7427),.UNSPECIFIED.,.F.,
 .F.,(3,3),(0.,1.),.UNSPECIFIED.);
#185=B_SPLINE_CURVE_WITH_KNOTS('',2,(#7431,#7432,#7433),.UNSPECIFIED.,.F.,
 .F.,(3,3),(0.,1.),.UNSPECIFIED.);
#186=B_SPLINE_CURVE_WITH_KNOTS('',2,(#7442,#7443,#7444),.UNSPECIFIED.,.F.,
 .F.,(3,3),(0.,1.),.UNSPECIFIED.);
#187=B_SPLINE_CURVE_WITH_KNOTS('',2,(#7448,#7449,#7450),.UNSPECIFIED.,.F.,
 .F.,(3,3),(0.,1.),.UNSPECIFIED.);
#188=B_SPLINE_CURVE_WITH_KNOTS('',2,(#7500,#7501,#7502),.UNSPECIFIED.,.F.,
 .F.,(3,3),(0.,1.),.UNSPECIFIED.);
#189=B_SPLINE_CURVE_WITH_KNOTS('',2,(#7506,#7507,#7508),.UNSPECIFIED.,.F.,
 .F.,(3,3),(0.,1.),.UNSPECIFIED.);
#190=B_SPLINE_CURVE_WITH_KNOTS('',2,(#7517,#7518,#7519),.UNSPECIFIED.,.F.,
 .F.,(3,3),(0.,1.),.UNSPECIFIED.);
#191=B_SPLINE_CURVE_WITH_KNOTS('',2,(#7523,#7524,#7525),.UNSPECIFIED.,.F.,
 .F.,(3,3),(0.,1.),.UNSPECIFIED.);
#192=B_SPLINE_CURVE_WITH_KNOTS('',2,(#7534,#7535,#7536),.UNSPECIFIED.,.F.,
 .F.,(3,3),(0.,1.),.UNSPECIFIED.);
#193=B_SPLINE_CURVE_WITH_KNOTS('',2,(#7540,#7541,#7542),.UNSPECIFIED.,.F.,
 .F.,(3,3),(0.,1.),.UNSPECIFIED.);
#194=B_SPLINE_CURVE_WITH_KNOTS('',2,(#7551,#7552,#7553),.UNSPECIFIED.,.F.,
 .F.,(3,3),(0.,1.),.UNSPECIFIED.);
#195=B_SPLINE_CURVE_WITH_KNOTS('',2,(#7557,#7558,#7559),.UNSPECIFIED.,.F.,
 .F.,(3,3),(0.,1.),.UNSPECIFIED.);
#196=B_SPLINE_CURVE_WITH_KNOTS('',2,(#7586,#7587,#7588),.UNSPECIFIED.,.F.,
 .F.,(3,3),(0.,1.),.UNSPECIFIED.);
#197=B_SPLINE_CURVE_WITH_KNOTS('',2,(#7592,#7593,#7594),.UNSPECIFIED.,.F.,
 .F.,(3,3),(0.,1.),.UNSPECIFIED.);
#198=B_SPLINE_CURVE_WITH_KNOTS('',2,(#7603,#7604,#7605),.UNSPECIFIED.,.F.,
 .F.,(3,3),(0.,1.),.UNSPECIFIED.);
#199=B_SPLINE_CURVE_WITH_KNOTS('',2,(#7609,#7610,#7611),.UNSPECIFIED.,.F.,
 .F.,(3,3),(0.,1.),.UNSPECIFIED.);
#200=B_SPLINE_CURVE_WITH_KNOTS('',2,(#7620,#7621,#7622),.UNSPECIFIED.,.F.,
 .F.,(3,3),(0.,1.),.UNSPECIFIED.);
#201=B_SPLINE_CURVE_WITH_KNOTS('',3,(#7624,#7625,#7626,#7627),
 .UNSPECIFIED.,.F.,.F.,(4,4),(0.,1.),.UNSPECIFIED.);
#202=B_SPLINE_CURVE_WITH_KNOTS('',2,(#7629,#7630,#7631),.UNSPECIFIED.,.F.,
 .F.,(3,3),(0.,1.),.UNSPECIFIED.);
#203=B_SPLINE_CURVE_WITH_KNOTS('',3,(#7635,#7636,#7637,#7638),
 .UNSPECIFIED.,.F.,.F.,(4,4),(0.,1.),.UNSPECIFIED.);
#204=B_SPLINE_CURVE_WITH_KNOTS('',2,(#7649,#7650,#7651),.UNSPECIFIED.,.F.,
 .F.,(3,3),(0.,1.),.UNSPECIFIED.);
#205=B_SPLINE_CURVE_WITH_KNOTS('',2,(#7655,#7656,#7657),.UNSPECIFIED.,.F.,
 .F.,(3,3),(0.,1.),.UNSPECIFIED.);
#206=B_SPLINE_CURVE_WITH_KNOTS('',2,(#7712,#7713,#7714),.UNSPECIFIED.,.F.,
 .F.,(3,3),(0.,1.),.UNSPECIFIED.);
#207=B_SPLINE_CURVE_WITH_KNOTS('',2,(#7755,#7756,#7757),.UNSPECIFIED.,.F.,
 .F.,(3,3),(0.,1.),.UNSPECIFIED.);
#208=B_SPLINE_CURVE_WITH_KNOTS('',2,(#7760,#7761,#7762),.UNSPECIFIED.,.F.,
 .F.,(3,3),(0.,1.),.UNSPECIFIED.);
#209=B_SPLINE_CURVE_WITH_KNOTS('',2,(#7764,#7765,#7766),.UNSPECIFIED.,.F.,
 .F.,(3,3),(0.,1.),.UNSPECIFIED.);
#210=B_SPLINE_CURVE_WITH_KNOTS('',2,(#7768,#7769,#7770),.UNSPECIFIED.,.F.,
 .F.,(3,3),(0.,1.),.UNSPECIFIED.);
#211=B_SPLINE_CURVE_WITH_KNOTS('',2,(#7772,#7773,#7774),.UNSPECIFIED.,.F.,
 .F.,(3,3),(0.,1.),.UNSPECIFIED.);
#212=B_SPLINE_CURVE_WITH_KNOTS('',2,(#7776,#7777,#7778),.UNSPECIFIED.,.F.,
 .F.,(3,3),(0.,1.),.UNSPECIFIED.);
#213=B_SPLINE_CURVE_WITH_KNOTS('',2,(#7782,#7783,#7784),.UNSPECIFIED.,.F.,
 .F.,(3,3),(0.,1.),.UNSPECIFIED.);
#214=B_SPLINE_CURVE_WITH_KNOTS('',2,(#7788,#7789,#7790),.UNSPECIFIED.,.F.,
 .F.,(3,3),(0.,1.),.UNSPECIFIED.);
#215=B_SPLINE_CURVE_WITH_KNOTS('',2,(#7792,#7793,#7794),.UNSPECIFIED.,.F.,
 .F.,(3,3),(0.,1.),.UNSPECIFIED.);
#216=B_SPLINE_CURVE_WITH_KNOTS('',2,(#7800,#7801,#7802),.UNSPECIFIED.,.F.,
 .F.,(3,3),(0.,1.),.UNSPECIFIED.);
#217=B_SPLINE_CURVE_WITH_KNOTS('',2,(#7804,#7805,#7806),.UNSPECIFIED.,.F.,
 .F.,(3,3),(0.,1.),.UNSPECIFIED.);
#218=B_SPLINE_CURVE_WITH_KNOTS('',2,(#7812,#7813,#7814),.UNSPECIFIED.,.F.,
 .F.,(3,3),(0.,1.),.UNSPECIFIED.);
#219=B_SPLINE_CURVE_WITH_KNOTS('',2,(#7816,#7817,#7818),.UNSPECIFIED.,.F.,
 .F.,(3,3),(0.,1.),.UNSPECIFIED.);
#220=B_SPLINE_CURVE_WITH_KNOTS('',2,(#7830,#7831,#7832),.UNSPECIFIED.,.F.,
 .F.,(3,3),(0.,1.),.UNSPECIFIED.);
#221=B_SPLINE_CURVE_WITH_KNOTS('',2,(#7905,#7906,#7907),.UNSPECIFIED.,.F.,
 .F.,(3,3),(0.,1.),.UNSPECIFIED.);
#222=B_SPLINE_CURVE_WITH_KNOTS('',2,(#7910,#7911,#7912),.UNSPECIFIED.,.F.,
 .F.,(3,3),(0.,1.),.UNSPECIFIED.);
#223=B_SPLINE_CURVE_WITH_KNOTS('',2,(#7914,#7915,#7916),.UNSPECIFIED.,.F.,
 .F.,(3,3),(0.,1.),.UNSPECIFIED.);
#224=B_SPLINE_CURVE_WITH_KNOTS('',2,(#7918,#7919,#7920),.UNSPECIFIED.,.F.,
 .F.,(3,3),(0.,1.),.UNSPECIFIED.);
#225=B_SPLINE_CURVE_WITH_KNOTS('',2,(#7922,#7923,#7924),.UNSPECIFIED.,.F.,
 .F.,(3,3),(0.,1.),.UNSPECIFIED.);
#226=B_SPLINE_CURVE_WITH_KNOTS('',2,(#7926,#7927,#7928),.UNSPECIFIED.,.F.,
 .F.,(3,3),(0.,1.),.UNSPECIFIED.);
#227=B_SPLINE_CURVE_WITH_KNOTS('',2,(#7936,#7937,#7938),.UNSPECIFIED.,.F.,
 .F.,(3,3),(0.,1.),.UNSPECIFIED.);
#228=B_SPLINE_CURVE_WITH_KNOTS('',2,(#7940,#7941,#7942),.UNSPECIFIED.,.F.,
 .F.,(3,3),(0.,1.),.UNSPECIFIED.);
#229=B_SPLINE_CURVE_WITH_KNOTS('',2,(#7948,#7949,#7950),.UNSPECIFIED.,.F.,
 .F.,(3,3),(0.,1.),.UNSPECIFIED.);
#230=B_SPLINE_CURVE_WITH_KNOTS('',2,(#7952,#7953,#7954),.UNSPECIFIED.,.F.,
 .F.,(3,3),(0.,1.),.UNSPECIFIED.);
#231=B_SPLINE_CURVE_WITH_KNOTS('',2,(#7960,#7961,#7962),.UNSPECIFIED.,.F.,
 .F.,(3,3),(0.,1.),.UNSPECIFIED.);
#232=B_SPLINE_CURVE_WITH_KNOTS('',2,(#7964,#7965,#7966),.UNSPECIFIED.,.F.,
 .F.,(3,3),(0.,1.),.UNSPECIFIED.);
#233=B_SPLINE_CURVE_WITH_KNOTS('',2,(#7978,#7979,#7980),.UNSPECIFIED.,.F.,
 .F.,(3,3),(0.,1.),.UNSPECIFIED.);
#234=B_SPLINE_CURVE_WITH_KNOTS('',3,(#8144,#8145,#8146,#8147),
 .UNSPECIFIED.,.F.,.F.,(4,4),(0.,1.),.UNSPECIFIED.);
#235=B_SPLINE_CURVE_WITH_KNOTS('',2,(#8149,#8150,#8151),.UNSPECIFIED.,.F.,
 .F.,(3,3),(0.,1.),.UNSPECIFIED.);
#236=B_SPLINE_CURVE_WITH_KNOTS('',3,(#8153,#8154,#8155,#8156),
 .UNSPECIFIED.,.F.,.F.,(4,4),(0.,1.),.UNSPECIFIED.);
#237=B_SPLINE_CURVE_WITH_KNOTS('',3,(#8160,#8161,#8162,#8163),
 .UNSPECIFIED.,.F.,.F.,(4,4),(1.24999999934206E-7,0.999999875),
 .UNSPECIFIED.);
#238=B_SPLINE_CURVE_WITH_KNOTS('',3,(#8167,#8168,#8169,#8170),
 .UNSPECIFIED.,.F.,.F.,(4,4),(0.,1.),.UNSPECIFIED.);
#239=B_SPLINE_CURVE_WITH_KNOTS('',3,(#8181,#8182,#8183,#8184),
 .UNSPECIFIED.,.F.,.F.,(4,4),(0.,1.),.UNSPECIFIED.);
#240=B_SPLINE_CURVE_WITH_KNOTS('',2,(#8186,#8187,#8188),.UNSPECIFIED.,.F.,
 .F.,(3,3),(0.,1.),.UNSPECIFIED.);
#241=B_SPLINE_CURVE_WITH_KNOTS('',3,(#8190,#8191,#8192,#8193),
 .UNSPECIFIED.,.F.,.F.,(4,4),(1.24999999934206E-7,0.999999875),
 .UNSPECIFIED.);
#242=B_SPLINE_CURVE_WITH_KNOTS('',3,(#8205,#8206,#8207,#8208),
 .UNSPECIFIED.,.F.,.F.,(4,4),(0.,1.),.UNSPECIFIED.);
#243=B_SPLINE_CURVE_WITH_KNOTS('',3,(#8212,#8213,#8214,#8215),
 .UNSPECIFIED.,.F.,.F.,(4,4),(0.,1.),.UNSPECIFIED.);
#244=B_SPLINE_CURVE_WITH_KNOTS('',2,(#8228,#8229,#8230),.UNSPECIFIED.,.F.,
 .F.,(3,3),(0.,1.),.UNSPECIFIED.);
#245=B_SPLINE_CURVE_WITH_KNOTS('',3,(#8239,#8240,#8241,#8242),
 .UNSPECIFIED.,.F.,.F.,(4,4),(0.,1.),.UNSPECIFIED.);
#246=B_SPLINE_CURVE_WITH_KNOTS('',2,(#8244,#8245,#8246),.UNSPECIFIED.,.F.,
 .F.,(3,3),(0.,1.),.UNSPECIFIED.);
#247=B_SPLINE_CURVE_WITH_KNOTS('',3,(#8248,#8249,#8250,#8251),
 .UNSPECIFIED.,.F.,.F.,(4,4),(0.,1.),.UNSPECIFIED.);
#248=B_SPLINE_CURVE_WITH_KNOTS('',3,(#8255,#8256,#8257,#8258),
 .UNSPECIFIED.,.F.,.F.,(4,4),(0.,1.),.UNSPECIFIED.);
#249=B_SPLINE_CURVE_WITH_KNOTS('',2,(#8271,#8272,#8273),.UNSPECIFIED.,.F.,
 .F.,(3,3),(0.,1.),.UNSPECIFIED.);
#250=B_SPLINE_CURVE_WITH_KNOTS('',3,(#8282,#8283,#8284,#8285),
 .UNSPECIFIED.,.F.,.F.,(4,4),(0.,1.),.UNSPECIFIED.);
#251=B_SPLINE_CURVE_WITH_KNOTS('',2,(#8287,#8288,#8289),.UNSPECIFIED.,.F.,
 .F.,(3,3),(0.,1.),.UNSPECIFIED.);
#252=B_SPLINE_CURVE_WITH_KNOTS('',3,(#8291,#8292,#8293,#8294),
 .UNSPECIFIED.,.F.,.F.,(4,4),(0.,1.),.UNSPECIFIED.);
#253=B_SPLINE_CURVE_WITH_KNOTS('',3,(#8298,#8299,#8300,#8301),
 .UNSPECIFIED.,.F.,.F.,(4,4),(0.,1.),.UNSPECIFIED.);
#254=B_SPLINE_CURVE_WITH_KNOTS('',2,(#8314,#8315,#8316),.UNSPECIFIED.,.F.,
 .F.,(3,3),(0.,1.),.UNSPECIFIED.);
#255=B_SPLINE_CURVE_WITH_KNOTS('',3,(#8325,#8326,#8327,#8328),
 .UNSPECIFIED.,.F.,.F.,(4,4),(0.,1.),.UNSPECIFIED.);
#256=B_SPLINE_CURVE_WITH_KNOTS('',2,(#8330,#8331,#8332),.UNSPECIFIED.,.F.,
 .F.,(3,3),(0.,1.),.UNSPECIFIED.);
#257=B_SPLINE_CURVE_WITH_KNOTS('',3,(#8334,#8335,#8336,#8337),
 .UNSPECIFIED.,.F.,.F.,(4,4),(0.,1.),.UNSPECIFIED.);
#258=B_SPLINE_CURVE_WITH_KNOTS('',2,(#8350,#8351,#8352),.UNSPECIFIED.,.F.,
 .F.,(3,3),(0.,1.),.UNSPECIFIED.);
#259=B_SPLINE_CURVE_WITH_KNOTS('',2,(#8367,#8368,#8369),.UNSPECIFIED.,.F.,
 .F.,(3,3),(0.,1.),.UNSPECIFIED.);
#260=B_SPLINE_CURVE_WITH_KNOTS('',2,(#8380,#8381,#8382),.UNSPECIFIED.,.F.,
 .F.,(3,3),(0.,1.),.UNSPECIFIED.);
#261=B_SPLINE_CURVE_WITH_KNOTS('',2,(#8393,#8394,#8395),.UNSPECIFIED.,.F.,
 .F.,(3,3),(0.,1.),.UNSPECIFIED.);
#262=B_SPLINE_CURVE_WITH_KNOTS('',2,(#8406,#8407,#8408),.UNSPECIFIED.,.F.,
 .F.,(3,3),(0.,1.),.UNSPECIFIED.);
#263=B_SPLINE_CURVE_WITH_KNOTS('',2,(#8417,#8418,#8419),.UNSPECIFIED.,.F.,
 .F.,(3,3),(0.,1.),.UNSPECIFIED.);
#264=B_SPLINE_CURVE_WITH_KNOTS('',3,(#8452,#8453,#8454,#8455),
 .UNSPECIFIED.,.F.,.F.,(4,4),(0.,1.),.UNSPECIFIED.);
#265=B_SPLINE_CURVE_WITH_KNOTS('',3,(#8460,#8461,#8462,#8463),
 .UNSPECIFIED.,.F.,.F.,(4,4),(1.24999953096672E-7,0.999999875000047),
 .UNSPECIFIED.);
#266=B_SPLINE_CURVE_WITH_KNOTS('',2,(#8486,#8487,#8488),.UNSPECIFIED.,.F.,
 .F.,(3,3),(0.,1.),.UNSPECIFIED.);
#267=B_SPLINE_CURVE_WITH_KNOTS('',2,(#8489,#8490,#8491),.UNSPECIFIED.,.F.,
 .F.,(3,3),(0.,1.),.UNSPECIFIED.);
#268=B_SPLINE_CURVE_WITH_KNOTS('',2,(#8499,#8500,#8501),.UNSPECIFIED.,.F.,
 .F.,(3,3),(0.,1.),.UNSPECIFIED.);
#269=B_SPLINE_CURVE_WITH_KNOTS('',2,(#8578,#8579,#8580),.UNSPECIFIED.,.F.,
 .F.,(3,3),(0.,1.),.UNSPECIFIED.);
#270=B_SPLINE_CURVE_WITH_KNOTS('',3,(#8612,#8613,#8614,#8615),
 .UNSPECIFIED.,.F.,.F.,(4,4),(0.,1.),.UNSPECIFIED.);
#271=B_SPLINE_CURVE_WITH_KNOTS('',3,(#8620,#8621,#8622,#8623),
 .UNSPECIFIED.,.F.,.F.,(4,4),(0.,1.),.UNSPECIFIED.);
#272=B_SPLINE_CURVE_WITH_KNOTS('',2,(#8676,#8677,#8678),.UNSPECIFIED.,.F.,
 .F.,(3,3),(0.,1.),.UNSPECIFIED.);
#273=B_SPLINE_CURVE_WITH_KNOTS('',2,(#8681,#8682,#8683),.UNSPECIFIED.,.F.,
 .F.,(3,3),(0.,1.),.UNSPECIFIED.);
#274=B_SPLINE_CURVE_WITH_KNOTS('',2,(#8685,#8686,#8687),.UNSPECIFIED.,.F.,
 .F.,(3,3),(0.,1.),.UNSPECIFIED.);
#275=B_SPLINE_CURVE_WITH_KNOTS('',2,(#8695,#8696,#8697),.UNSPECIFIED.,.F.,
 .F.,(3,3),(0.,1.),.UNSPECIFIED.);
#276=B_SPLINE_CURVE_WITH_KNOTS('',2,(#8709,#8710,#8711),.UNSPECIFIED.,.F.,
 .F.,(3,3),(0.,1.),.UNSPECIFIED.);
#277=B_SPLINE_CURVE_WITH_KNOTS('',2,(#8713,#8714,#8715),.UNSPECIFIED.,.F.,
 .F.,(3,3),(0.,1.),.UNSPECIFIED.);
#278=B_SPLINE_CURVE_WITH_KNOTS('',2,(#8721,#8722,#8723),.UNSPECIFIED.,.F.,
 .F.,(3,3),(0.,1.),.UNSPECIFIED.);
#279=B_SPLINE_CURVE_WITH_KNOTS('',2,(#8725,#8726,#8727),.UNSPECIFIED.,.F.,
 .F.,(3,3),(0.,1.),.UNSPECIFIED.);
#280=B_SPLINE_CURVE_WITH_KNOTS('',2,(#8733,#8734,#8735),.UNSPECIFIED.,.F.,
 .F.,(3,3),(0.,1.),.UNSPECIFIED.);
#281=B_SPLINE_CURVE_WITH_KNOTS('',2,(#8737,#8738,#8739),.UNSPECIFIED.,.F.,
 .F.,(3,3),(0.,1.),.UNSPECIFIED.);
#282=B_SPLINE_CURVE_WITH_KNOTS('',2,(#8747,#8748,#8749),.UNSPECIFIED.,.F.,
 .F.,(3,3),(0.,1.),.UNSPECIFIED.);
#283=B_SPLINE_CURVE_WITH_KNOTS('',2,(#8751,#8752,#8753),.UNSPECIFIED.,.F.,
 .F.,(3,3),(0.,1.),.UNSPECIFIED.);
#284=B_SPLINE_CURVE_WITH_KNOTS('',2,(#8755,#8756,#8757),.UNSPECIFIED.,.F.,
 .F.,(3,3),(0.,1.),.UNSPECIFIED.);
#285=B_SPLINE_CURVE_WITH_KNOTS('',3,(#8807,#8808,#8809,#8810),
 .UNSPECIFIED.,.F.,.F.,(4,4),(1.24999999934206E-7,1.),.UNSPECIFIED.);
#286=B_SPLINE_CURVE_WITH_KNOTS('',3,(#8812,#8813,#8814,#8815),
 .UNSPECIFIED.,.F.,.F.,(4,4),(0.,1.),.UNSPECIFIED.);
#287=B_SPLINE_CURVE_WITH_KNOTS('',3,(#8833,#8834,#8835,#8836),
 .UNSPECIFIED.,.F.,.F.,(4,4),(0.,1.),.UNSPECIFIED.);
#288=B_SPLINE_CURVE_WITH_KNOTS('',3,(#8838,#8839,#8840,#8841),
 .UNSPECIFIED.,.F.,.F.,(4,4),(1.24999999934206E-7,1.),.UNSPECIFIED.);
#289=B_SPLINE_CURVE_WITH_KNOTS('',3,(#8843,#8844,#8845,#8846),
 .UNSPECIFIED.,.F.,.F.,(4,4),(0.,1.),.UNSPECIFIED.);
#290=B_SPLINE_CURVE_WITH_KNOTS('',3,(#8864,#8865,#8866,#8867),
 .UNSPECIFIED.,.F.,.F.,(4,4),(0.,1.),.UNSPECIFIED.);
#291=B_SPLINE_CURVE_WITH_KNOTS('',3,(#8869,#8870,#8871,#8872),
 .UNSPECIFIED.,.F.,.F.,(4,4),(1.25000000367886E-7,1.),.UNSPECIFIED.);
#292=B_SPLINE_CURVE_WITH_KNOTS('',3,(#8874,#8875,#8876,#8877),
 .UNSPECIFIED.,.F.,.F.,(4,4),(0.,1.),.UNSPECIFIED.);
#293=B_SPLINE_CURVE_WITH_KNOTS('',3,(#8895,#8896,#8897,#8898),
 .UNSPECIFIED.,.F.,.F.,(4,4),(0.,1.),.UNSPECIFIED.);
#294=B_SPLINE_CURVE_WITH_KNOTS('',3,(#8900,#8901,#8902,#8903),
 .UNSPECIFIED.,.F.,.F.,(4,4),(1.25000000367886E-7,1.),.UNSPECIFIED.);
#295=B_SPLINE_CURVE_WITH_KNOTS('',3,(#8909,#8910,#8911,#8912),
 .UNSPECIFIED.,.F.,.F.,(4,4),(1.24999998633163E-7,1.),.UNSPECIFIED.);
#296=B_SPLINE_CURVE_WITH_KNOTS('',3,(#8914,#8915,#8916,#8917),
 .UNSPECIFIED.,.F.,.F.,(4,4),(0.,1.),.UNSPECIFIED.);
#297=B_SPLINE_CURVE_WITH_KNOTS('',3,(#8926,#8927,#8928,#8929),
 .UNSPECIFIED.,.F.,.F.,(4,4),(0.,1.),.UNSPECIFIED.);
#298=B_SPLINE_CURVE_WITH_KNOTS('',3,(#8931,#8932,#8933,#8934),
 .UNSPECIFIED.,.F.,.F.,(4,4),(0.,1.),.UNSPECIFIED.);
#299=B_SPLINE_CURVE_WITH_KNOTS('',3,(#8936,#8937,#8938,#8939),
 .UNSPECIFIED.,.F.,.F.,(4,4),(1.2499994702514E-7,1.),.UNSPECIFIED.);
#300=B_SPLINE_CURVE_WITH_KNOTS('',3,(#8941,#8942,#8943,#8944),
 .UNSPECIFIED.,.F.,.F.,(4,4),(0.,1.),.UNSPECIFIED.);
#301=B_SPLINE_CURVE_WITH_KNOTS('',2,(#8958,#8959,#8960),.UNSPECIFIED.,.F.,
 .F.,(3,3),(0.,1.),.UNSPECIFIED.);
#302=B_SPLINE_CURVE_WITH_KNOTS('',3,(#8992,#8993,#8994,#8995),
 .UNSPECIFIED.,.F.,.F.,(4,4),(0.,1.),.UNSPECIFIED.);
#303=B_SPLINE_CURVE_WITH_KNOTS('',3,(#9000,#9001,#9002,#9003),
 .UNSPECIFIED.,.F.,.F.,(4,4),(0.,1.),.UNSPECIFIED.);
#304=B_SPLINE_CURVE_WITH_KNOTS('',2,(#9052,#9053,#9054),.UNSPECIFIED.,.F.,
 .F.,(3,3),(0.,1.),.UNSPECIFIED.);
#305=B_SPLINE_CURVE_WITH_KNOTS('',3,(#9098,#9099,#9100,#9101),
 .UNSPECIFIED.,.F.,.F.,(4,4),(1.2499999689844E-7,1.),.UNSPECIFIED.);
#306=B_SPLINE_CURVE_WITH_KNOTS('',3,(#9103,#9104,#9105,#9106),
 .UNSPECIFIED.,.F.,.F.,(4,4),(1.25000000367886E-7,1.),.UNSPECIFIED.);
#307=CYLINDRICAL_SURFACE('',#5390,0.00355708887150014);
#308=CYLINDRICAL_SURFACE('',#5400,0.0216334601357787);
#309=CYLINDRICAL_SURFACE('',#5438,0.000877482499326694);
#310=CYLINDRICAL_SURFACE('',#5453,0.00106839155176091);
#311=CYLINDRICAL_SURFACE('',#5523,0.000478815901661598);
#312=CYLINDRICAL_SURFACE('',#5525,0.00029996412332483);
#313=CYLINDRICAL_SURFACE('',#5527,0.000304622995725996);
#314=CYLINDRICAL_SURFACE('',#5529,0.00140593483781945);
#315=CYLINDRICAL_SURFACE('',#5531,0.00341452179587643);
#316=CYLINDRICAL_SURFACE('',#5534,0.00336849566996787);
#317=CYLINDRICAL_SURFACE('',#5536,0.00195114371163101);
#318=CYLINDRICAL_SURFACE('',#5538,0.000874166578667237);
#319=CYLINDRICAL_SURFACE('',#5540,0.00102347176748975);
#320=CYLINDRICAL_SURFACE('',#5542,0.000607349150874285);
#321=CYLINDRICAL_SURFACE('',#5544,0.000289990625625662);
#322=CYLINDRICAL_SURFACE('',#5546,0.00169558742075956);
#323=CYLINDRICAL_SURFACE('',#5557,0.00355708887150327);
#324=CYLINDRICAL_SURFACE('',#5566,0.0375);
#325=CYLINDRICAL_SURFACE('',#5570,0.006);
#326=CYLINDRICAL_SURFACE('',#5574,0.006);
#327=CYLINDRICAL_SURFACE('',#5578,0.006);
#328=CYLINDRICAL_SURFACE('',#5582,0.006);
#329=CYLINDRICAL_SURFACE('',#5586,0.006);
#330=CYLINDRICAL_SURFACE('',#5590,0.006);
#331=CYLINDRICAL_SURFACE('',#5594,0.00345);
#332=CYLINDRICAL_SURFACE('',#5596,0.005);
#333=CYLINDRICAL_SURFACE('',#5602,0.00345);
#334=CYLINDRICAL_SURFACE('',#5619,0.00355708887150226);
#335=CYLINDRICAL_SURFACE('',#5652,0.00386305018154209);
#336=CYLINDRICAL_SURFACE('',#5653,0.00169558742075964);
#337=CYLINDRICAL_SURFACE('',#5654,0.000289990625625804);
#338=CYLINDRICAL_SURFACE('',#5655,0.000607349150874317);
#339=CYLINDRICAL_SURFACE('',#5656,0.00102347176748967);
#340=CYLINDRICAL_SURFACE('',#5657,0.000874166578667126);
#341=CYLINDRICAL_SURFACE('',#5658,0.00195114371163088);
#342=CYLINDRICAL_SURFACE('',#5659,0.00336849566996828);
#343=CYLINDRICAL_SURFACE('',#5661,0.00341452179589047);
#344=CYLINDRICAL_SURFACE('',#5662,0.00140593483781886);
#345=CYLINDRICAL_SURFACE('',#5663,0.000304622995725984);
#346=CYLINDRICAL_SURFACE('',#5664,0.000299964123324822);
#347=CYLINDRICAL_SURFACE('',#5665,0.000478815901725219);
#348=CYLINDRICAL_SURFACE('',#5672,0.0035570888715031);
#349=CYLINDRICAL_SURFACE('',#5698,0.010448618107486);
#350=CYLINDRICAL_SURFACE('',#5699,0.0759267452098677);
#351=ORIENTED_EDGE('',*,*,#1865,.F.);
#352=ORIENTED_EDGE('',*,*,#1866,.F.);
#353=ORIENTED_EDGE('',*,*,#1867,.T.);
#354=ORIENTED_EDGE('',*,*,#1868,.T.);
#355=ORIENTED_EDGE('',*,*,#1867,.F.);
#356=ORIENTED_EDGE('',*,*,#1869,.F.);
#357=ORIENTED_EDGE('',*,*,#1870,.T.);
#358=ORIENTED_EDGE('',*,*,#1871,.T.);
#359=ORIENTED_EDGE('',*,*,#1870,.F.);
#360=ORIENTED_EDGE('',*,*,#1872,.F.);
#361=ORIENTED_EDGE('',*,*,#1873,.T.);
#362=ORIENTED_EDGE('',*,*,#1874,.T.);
#363=ORIENTED_EDGE('',*,*,#1875,.F.);
#364=ORIENTED_EDGE('',*,*,#1865,.T.);
#365=ORIENTED_EDGE('',*,*,#1876,.T.);
#366=ORIENTED_EDGE('',*,*,#1873,.F.);
#367=ORIENTED_EDGE('',*,*,#1874,.F.);
#368=ORIENTED_EDGE('',*,*,#1876,.F.);
#369=ORIENTED_EDGE('',*,*,#1868,.F.);
#370=ORIENTED_EDGE('',*,*,#1871,.F.);
#371=ORIENTED_EDGE('',*,*,#1877,.F.);
#372=ORIENTED_EDGE('',*,*,#1878,.F.);
#373=ORIENTED_EDGE('',*,*,#1879,.T.);
#374=ORIENTED_EDGE('',*,*,#1880,.T.);
#375=ORIENTED_EDGE('',*,*,#1879,.F.);
#376=ORIENTED_EDGE('',*,*,#1881,.F.);
#377=ORIENTED_EDGE('',*,*,#1882,.T.);
#378=ORIENTED_EDGE('',*,*,#1883,.T.);
#379=ORIENTED_EDGE('',*,*,#1882,.F.);
#380=ORIENTED_EDGE('',*,*,#1884,.F.);
#381=ORIENTED_EDGE('',*,*,#1885,.T.);
#382=ORIENTED_EDGE('',*,*,#1886,.T.);
#383=ORIENTED_EDGE('',*,*,#1885,.F.);
#384=ORIENTED_EDGE('',*,*,#1887,.F.);
#385=ORIENTED_EDGE('',*,*,#1888,.T.);
#386=ORIENTED_EDGE('',*,*,#1889,.T.);
#387=ORIENTED_EDGE('',*,*,#1888,.F.);
#388=ORIENTED_EDGE('',*,*,#1890,.F.);
#389=ORIENTED_EDGE('',*,*,#1891,.T.);
#390=ORIENTED_EDGE('',*,*,#1892,.T.);
#391=ORIENTED_EDGE('',*,*,#1893,.F.);
#392=ORIENTED_EDGE('',*,*,#1877,.T.);
#393=ORIENTED_EDGE('',*,*,#1894,.T.);
#394=ORIENTED_EDGE('',*,*,#1891,.F.);
#395=ORIENTED_EDGE('',*,*,#1892,.F.);
#396=ORIENTED_EDGE('',*,*,#1894,.F.);
#397=ORIENTED_EDGE('',*,*,#1880,.F.);
#398=ORIENTED_EDGE('',*,*,#1883,.F.);
#399=ORIENTED_EDGE('',*,*,#1886,.F.);
#400=ORIENTED_EDGE('',*,*,#1889,.F.);
#401=ORIENTED_EDGE('',*,*,#1895,.F.);
#402=ORIENTED_EDGE('',*,*,#1896,.F.);
#403=ORIENTED_EDGE('',*,*,#1897,.T.);
#404=ORIENTED_EDGE('',*,*,#1898,.T.);
#405=ORIENTED_EDGE('',*,*,#1897,.F.);
#406=ORIENTED_EDGE('',*,*,#1899,.F.);
#407=ORIENTED_EDGE('',*,*,#1900,.T.);
#408=ORIENTED_EDGE('',*,*,#1901,.T.);
#409=ORIENTED_EDGE('',*,*,#1900,.F.);
#410=ORIENTED_EDGE('',*,*,#1902,.F.);
#411=ORIENTED_EDGE('',*,*,#1903,.T.);
#412=ORIENTED_EDGE('',*,*,#1904,.T.);
#413=ORIENTED_EDGE('',*,*,#1903,.F.);
#414=ORIENTED_EDGE('',*,*,#1905,.F.);
#415=ORIENTED_EDGE('',*,*,#1906,.T.);
#416=ORIENTED_EDGE('',*,*,#1907,.T.);
#417=ORIENTED_EDGE('',*,*,#1906,.F.);
#418=ORIENTED_EDGE('',*,*,#1908,.F.);
#419=ORIENTED_EDGE('',*,*,#1909,.T.);
#420=ORIENTED_EDGE('',*,*,#1910,.T.);
#421=ORIENTED_EDGE('',*,*,#1909,.F.);
#422=ORIENTED_EDGE('',*,*,#1911,.F.);
#423=ORIENTED_EDGE('',*,*,#1912,.T.);
#424=ORIENTED_EDGE('',*,*,#1913,.T.);
#425=ORIENTED_EDGE('',*,*,#1912,.F.);
#426=ORIENTED_EDGE('',*,*,#1914,.F.);
#427=ORIENTED_EDGE('',*,*,#1915,.T.);
#428=ORIENTED_EDGE('',*,*,#1916,.T.);
#429=ORIENTED_EDGE('',*,*,#1917,.F.);
#430=ORIENTED_EDGE('',*,*,#1918,.F.);
#431=ORIENTED_EDGE('',*,*,#1919,.T.);
#432=ORIENTED_EDGE('',*,*,#1920,.T.);
#433=ORIENTED_EDGE('',*,*,#1919,.F.);
#434=ORIENTED_EDGE('',*,*,#1921,.F.);
#435=ORIENTED_EDGE('',*,*,#1922,.T.);
#436=ORIENTED_EDGE('',*,*,#1923,.T.);
#437=ORIENTED_EDGE('',*,*,#1922,.F.);
#438=ORIENTED_EDGE('',*,*,#1924,.F.);
#439=ORIENTED_EDGE('',*,*,#1925,.T.);
#440=ORIENTED_EDGE('',*,*,#1926,.T.);
#441=ORIENTED_EDGE('',*,*,#1927,.F.);
#442=ORIENTED_EDGE('',*,*,#1917,.T.);
#443=ORIENTED_EDGE('',*,*,#1928,.T.);
#444=ORIENTED_EDGE('',*,*,#1925,.F.);
#445=ORIENTED_EDGE('',*,*,#1929,.F.);
#446=ORIENTED_EDGE('',*,*,#1895,.T.);
#447=ORIENTED_EDGE('',*,*,#1930,.T.);
#448=ORIENTED_EDGE('',*,*,#1915,.F.);
#449=ORIENTED_EDGE('',*,*,#1926,.F.);
#450=ORIENTED_EDGE('',*,*,#1928,.F.);
#451=ORIENTED_EDGE('',*,*,#1920,.F.);
#452=ORIENTED_EDGE('',*,*,#1923,.F.);
#453=ORIENTED_EDGE('',*,*,#1916,.F.);
#454=ORIENTED_EDGE('',*,*,#1930,.F.);
#455=ORIENTED_EDGE('',*,*,#1898,.F.);
#456=ORIENTED_EDGE('',*,*,#1901,.F.);
#457=ORIENTED_EDGE('',*,*,#1904,.F.);
#458=ORIENTED_EDGE('',*,*,#1907,.F.);
#459=ORIENTED_EDGE('',*,*,#1910,.F.);
#460=ORIENTED_EDGE('',*,*,#1913,.F.);
#461=ORIENTED_EDGE('',*,*,#1931,.T.);
#462=ORIENTED_EDGE('',*,*,#1932,.T.);
#463=ORIENTED_EDGE('',*,*,#1933,.T.);
#464=ORIENTED_EDGE('',*,*,#1934,.T.);
#465=ORIENTED_EDGE('',*,*,#1935,.F.);
#466=ORIENTED_EDGE('',*,*,#1936,.F.);
#467=ORIENTED_EDGE('',*,*,#1937,.T.);
#468=ORIENTED_EDGE('',*,*,#1938,.T.);
#469=ORIENTED_EDGE('',*,*,#1937,.F.);
#470=ORIENTED_EDGE('',*,*,#1939,.F.);
#471=ORIENTED_EDGE('',*,*,#1940,.T.);
#472=ORIENTED_EDGE('',*,*,#1941,.T.);
#473=ORIENTED_EDGE('',*,*,#1940,.F.);
#474=ORIENTED_EDGE('',*,*,#1942,.F.);
#475=ORIENTED_EDGE('',*,*,#1943,.T.);
#476=ORIENTED_EDGE('',*,*,#1944,.T.);
#477=ORIENTED_EDGE('',*,*,#1943,.F.);
#478=ORIENTED_EDGE('',*,*,#1945,.F.);
#479=ORIENTED_EDGE('',*,*,#1946,.T.);
#480=ORIENTED_EDGE('',*,*,#1947,.T.);
#481=ORIENTED_EDGE('',*,*,#1946,.F.);
#482=ORIENTED_EDGE('',*,*,#1948,.F.);
#483=ORIENTED_EDGE('',*,*,#1949,.T.);
#484=ORIENTED_EDGE('',*,*,#1950,.T.);
#485=ORIENTED_EDGE('',*,*,#1949,.F.);
#486=ORIENTED_EDGE('',*,*,#1951,.F.);
#487=ORIENTED_EDGE('',*,*,#1952,.T.);
#488=ORIENTED_EDGE('',*,*,#1953,.T.);
#489=ORIENTED_EDGE('',*,*,#1952,.F.);
#490=ORIENTED_EDGE('',*,*,#1954,.F.);
#491=ORIENTED_EDGE('',*,*,#1955,.T.);
#492=ORIENTED_EDGE('',*,*,#1956,.T.);
#493=ORIENTED_EDGE('',*,*,#1955,.F.);
#494=ORIENTED_EDGE('',*,*,#1957,.F.);
#495=ORIENTED_EDGE('',*,*,#1958,.T.);
#496=ORIENTED_EDGE('',*,*,#1959,.T.);
#497=ORIENTED_EDGE('',*,*,#1958,.F.);
#498=ORIENTED_EDGE('',*,*,#1960,.F.);
#499=ORIENTED_EDGE('',*,*,#1961,.T.);
#500=ORIENTED_EDGE('',*,*,#1962,.T.);
#501=ORIENTED_EDGE('',*,*,#1961,.F.);
#502=ORIENTED_EDGE('',*,*,#1963,.F.);
#503=ORIENTED_EDGE('',*,*,#1964,.T.);
#504=ORIENTED_EDGE('',*,*,#1965,.T.);
#505=ORIENTED_EDGE('',*,*,#1964,.F.);
#506=ORIENTED_EDGE('',*,*,#1966,.F.);
#507=ORIENTED_EDGE('',*,*,#1967,.T.);
#508=ORIENTED_EDGE('',*,*,#1968,.T.);
#509=ORIENTED_EDGE('',*,*,#1967,.F.);
#510=ORIENTED_EDGE('',*,*,#1969,.F.);
#511=ORIENTED_EDGE('',*,*,#1970,.T.);
#512=ORIENTED_EDGE('',*,*,#1971,.T.);
#513=ORIENTED_EDGE('',*,*,#1970,.F.);
#514=ORIENTED_EDGE('',*,*,#1972,.F.);
#515=ORIENTED_EDGE('',*,*,#1973,.T.);
#516=ORIENTED_EDGE('',*,*,#1974,.T.);
#517=ORIENTED_EDGE('',*,*,#1975,.F.);
#518=ORIENTED_EDGE('',*,*,#1935,.T.);
#519=ORIENTED_EDGE('',*,*,#1976,.T.);
#520=ORIENTED_EDGE('',*,*,#1973,.F.);
#521=ORIENTED_EDGE('',*,*,#1974,.F.);
#522=ORIENTED_EDGE('',*,*,#1976,.F.);
#523=ORIENTED_EDGE('',*,*,#1938,.F.);
#524=ORIENTED_EDGE('',*,*,#1941,.F.);
#525=ORIENTED_EDGE('',*,*,#1944,.F.);
#526=ORIENTED_EDGE('',*,*,#1947,.F.);
#527=ORIENTED_EDGE('',*,*,#1950,.F.);
#528=ORIENTED_EDGE('',*,*,#1953,.F.);
#529=ORIENTED_EDGE('',*,*,#1956,.F.);
#530=ORIENTED_EDGE('',*,*,#1959,.F.);
#531=ORIENTED_EDGE('',*,*,#1962,.F.);
#532=ORIENTED_EDGE('',*,*,#1965,.F.);
#533=ORIENTED_EDGE('',*,*,#1968,.F.);
#534=ORIENTED_EDGE('',*,*,#1971,.F.);
#535=ORIENTED_EDGE('',*,*,#1977,.F.);
#536=ORIENTED_EDGE('',*,*,#1978,.F.);
#537=ORIENTED_EDGE('',*,*,#1979,.T.);
#538=ORIENTED_EDGE('',*,*,#1980,.T.);
#539=ORIENTED_EDGE('',*,*,#1979,.F.);
#540=ORIENTED_EDGE('',*,*,#1981,.F.);
#541=ORIENTED_EDGE('',*,*,#1982,.T.);
#542=ORIENTED_EDGE('',*,*,#1983,.T.);
#543=ORIENTED_EDGE('',*,*,#1982,.F.);
#544=ORIENTED_EDGE('',*,*,#1984,.F.);
#545=ORIENTED_EDGE('',*,*,#1985,.T.);
#546=ORIENTED_EDGE('',*,*,#1986,.T.);
#547=ORIENTED_EDGE('',*,*,#1987,.F.);
#548=ORIENTED_EDGE('',*,*,#1977,.T.);
#549=ORIENTED_EDGE('',*,*,#1988,.T.);
#550=ORIENTED_EDGE('',*,*,#1985,.F.);
#551=ORIENTED_EDGE('',*,*,#1986,.F.);
#552=ORIENTED_EDGE('',*,*,#1988,.F.);
#553=ORIENTED_EDGE('',*,*,#1980,.F.);
#554=ORIENTED_EDGE('',*,*,#1983,.F.);
#555=ORIENTED_EDGE('',*,*,#1989,.F.);
#556=ORIENTED_EDGE('',*,*,#1990,.F.);
#557=ORIENTED_EDGE('',*,*,#1991,.T.);
#558=ORIENTED_EDGE('',*,*,#1992,.T.);
#559=ORIENTED_EDGE('',*,*,#1991,.F.);
#560=ORIENTED_EDGE('',*,*,#1993,.F.);
#561=ORIENTED_EDGE('',*,*,#1994,.T.);
#562=ORIENTED_EDGE('',*,*,#1995,.T.);
#563=ORIENTED_EDGE('',*,*,#1994,.F.);
#564=ORIENTED_EDGE('',*,*,#1996,.F.);
#565=ORIENTED_EDGE('',*,*,#1997,.T.);
#566=ORIENTED_EDGE('',*,*,#1998,.T.);
#567=ORIENTED_EDGE('',*,*,#1997,.F.);
#568=ORIENTED_EDGE('',*,*,#1999,.F.);
#569=ORIENTED_EDGE('',*,*,#2000,.T.);
#570=ORIENTED_EDGE('',*,*,#2001,.T.);
#571=ORIENTED_EDGE('',*,*,#2000,.F.);
#572=ORIENTED_EDGE('',*,*,#2002,.F.);
#573=ORIENTED_EDGE('',*,*,#2003,.T.);
#574=ORIENTED_EDGE('',*,*,#2004,.T.);
#575=ORIENTED_EDGE('',*,*,#2003,.F.);
#576=ORIENTED_EDGE('',*,*,#2005,.F.);
#577=ORIENTED_EDGE('',*,*,#2006,.T.);
#578=ORIENTED_EDGE('',*,*,#2007,.T.);
#579=ORIENTED_EDGE('',*,*,#2006,.F.);
#580=ORIENTED_EDGE('',*,*,#2008,.F.);
#581=ORIENTED_EDGE('',*,*,#2009,.T.);
#582=ORIENTED_EDGE('',*,*,#2010,.T.);
#583=ORIENTED_EDGE('',*,*,#2009,.F.);
#584=ORIENTED_EDGE('',*,*,#2011,.F.);
#585=ORIENTED_EDGE('',*,*,#2012,.T.);
#586=ORIENTED_EDGE('',*,*,#2013,.T.);
#587=ORIENTED_EDGE('',*,*,#2012,.F.);
#588=ORIENTED_EDGE('',*,*,#2014,.F.);
#589=ORIENTED_EDGE('',*,*,#2015,.T.);
#590=ORIENTED_EDGE('',*,*,#2016,.T.);
#591=ORIENTED_EDGE('',*,*,#2015,.F.);
#592=ORIENTED_EDGE('',*,*,#2017,.F.);
#593=ORIENTED_EDGE('',*,*,#2018,.T.);
#594=ORIENTED_EDGE('',*,*,#2019,.T.);
#595=ORIENTED_EDGE('',*,*,#2018,.F.);
#596=ORIENTED_EDGE('',*,*,#2020,.F.);
#597=ORIENTED_EDGE('',*,*,#2021,.T.);
#598=ORIENTED_EDGE('',*,*,#2022,.T.);
#599=ORIENTED_EDGE('',*,*,#2021,.F.);
#600=ORIENTED_EDGE('',*,*,#2023,.F.);
#601=ORIENTED_EDGE('',*,*,#2024,.T.);
#602=ORIENTED_EDGE('',*,*,#2025,.T.);
#603=ORIENTED_EDGE('',*,*,#2026,.F.);
#604=ORIENTED_EDGE('',*,*,#1989,.T.);
#605=ORIENTED_EDGE('',*,*,#2027,.T.);
#606=ORIENTED_EDGE('',*,*,#2024,.F.);
#607=ORIENTED_EDGE('',*,*,#2025,.F.);
#608=ORIENTED_EDGE('',*,*,#2027,.F.);
#609=ORIENTED_EDGE('',*,*,#1992,.F.);
#610=ORIENTED_EDGE('',*,*,#1995,.F.);
#611=ORIENTED_EDGE('',*,*,#1998,.F.);
#612=ORIENTED_EDGE('',*,*,#2001,.F.);
#613=ORIENTED_EDGE('',*,*,#2004,.F.);
#614=ORIENTED_EDGE('',*,*,#2007,.F.);
#615=ORIENTED_EDGE('',*,*,#2010,.F.);
#616=ORIENTED_EDGE('',*,*,#2013,.F.);
#617=ORIENTED_EDGE('',*,*,#2016,.F.);
#618=ORIENTED_EDGE('',*,*,#2019,.F.);
#619=ORIENTED_EDGE('',*,*,#2022,.F.);
#620=ORIENTED_EDGE('',*,*,#2028,.F.);
#621=ORIENTED_EDGE('',*,*,#2029,.F.);
#622=ORIENTED_EDGE('',*,*,#2030,.T.);
#623=ORIENTED_EDGE('',*,*,#2031,.T.);
#624=ORIENTED_EDGE('',*,*,#2030,.F.);
#625=ORIENTED_EDGE('',*,*,#2032,.F.);
#626=ORIENTED_EDGE('',*,*,#2033,.T.);
#627=ORIENTED_EDGE('',*,*,#2034,.T.);
#628=ORIENTED_EDGE('',*,*,#2033,.F.);
#629=ORIENTED_EDGE('',*,*,#2035,.F.);
#630=ORIENTED_EDGE('',*,*,#2036,.T.);
#631=ORIENTED_EDGE('',*,*,#2037,.T.);
#632=ORIENTED_EDGE('',*,*,#2036,.F.);
#633=ORIENTED_EDGE('',*,*,#2038,.F.);
#634=ORIENTED_EDGE('',*,*,#2039,.T.);
#635=ORIENTED_EDGE('',*,*,#2040,.T.);
#636=ORIENTED_EDGE('',*,*,#2039,.F.);
#637=ORIENTED_EDGE('',*,*,#2041,.F.);
#638=ORIENTED_EDGE('',*,*,#2042,.T.);
#639=ORIENTED_EDGE('',*,*,#2043,.T.);
#640=ORIENTED_EDGE('',*,*,#2042,.F.);
#641=ORIENTED_EDGE('',*,*,#2044,.F.);
#642=ORIENTED_EDGE('',*,*,#2045,.T.);
#643=ORIENTED_EDGE('',*,*,#2046,.T.);
#644=ORIENTED_EDGE('',*,*,#2047,.F.);
#645=ORIENTED_EDGE('',*,*,#2048,.F.);
#646=ORIENTED_EDGE('',*,*,#2049,.T.);
#647=ORIENTED_EDGE('',*,*,#2050,.T.);
#648=ORIENTED_EDGE('',*,*,#2049,.F.);
#649=ORIENTED_EDGE('',*,*,#2051,.F.);
#650=ORIENTED_EDGE('',*,*,#2052,.T.);
#651=ORIENTED_EDGE('',*,*,#2053,.T.);
#652=ORIENTED_EDGE('',*,*,#2052,.F.);
#653=ORIENTED_EDGE('',*,*,#2054,.F.);
#654=ORIENTED_EDGE('',*,*,#2055,.T.);
#655=ORIENTED_EDGE('',*,*,#2056,.T.);
#656=ORIENTED_EDGE('',*,*,#2055,.F.);
#657=ORIENTED_EDGE('',*,*,#2057,.F.);
#658=ORIENTED_EDGE('',*,*,#2058,.T.);
#659=ORIENTED_EDGE('',*,*,#2059,.T.);
#660=ORIENTED_EDGE('',*,*,#2058,.F.);
#661=ORIENTED_EDGE('',*,*,#2060,.F.);
#662=ORIENTED_EDGE('',*,*,#2061,.T.);
#663=ORIENTED_EDGE('',*,*,#2062,.T.);
#664=ORIENTED_EDGE('',*,*,#2061,.F.);
#665=ORIENTED_EDGE('',*,*,#2063,.F.);
#666=ORIENTED_EDGE('',*,*,#2064,.T.);
#667=ORIENTED_EDGE('',*,*,#2065,.T.);
#668=ORIENTED_EDGE('',*,*,#2064,.F.);
#669=ORIENTED_EDGE('',*,*,#2066,.F.);
#670=ORIENTED_EDGE('',*,*,#2067,.T.);
#671=ORIENTED_EDGE('',*,*,#2068,.T.);
#672=ORIENTED_EDGE('',*,*,#2067,.F.);
#673=ORIENTED_EDGE('',*,*,#2069,.F.);
#674=ORIENTED_EDGE('',*,*,#2070,.T.);
#675=ORIENTED_EDGE('',*,*,#2071,.T.);
#676=ORIENTED_EDGE('',*,*,#2070,.F.);
#677=ORIENTED_EDGE('',*,*,#2072,.F.);
#678=ORIENTED_EDGE('',*,*,#2073,.T.);
#679=ORIENTED_EDGE('',*,*,#2074,.T.);
#680=ORIENTED_EDGE('',*,*,#2073,.F.);
#681=ORIENTED_EDGE('',*,*,#2075,.F.);
#682=ORIENTED_EDGE('',*,*,#2076,.T.);
#683=ORIENTED_EDGE('',*,*,#2077,.T.);
#684=ORIENTED_EDGE('',*,*,#2076,.F.);
#685=ORIENTED_EDGE('',*,*,#2078,.F.);
#686=ORIENTED_EDGE('',*,*,#2079,.T.);
#687=ORIENTED_EDGE('',*,*,#2080,.T.);
#688=ORIENTED_EDGE('',*,*,#2081,.F.);
#689=ORIENTED_EDGE('',*,*,#2047,.T.);
#690=ORIENTED_EDGE('',*,*,#2082,.T.);
#691=ORIENTED_EDGE('',*,*,#2079,.F.);
#692=ORIENTED_EDGE('',*,*,#2083,.F.);
#693=ORIENTED_EDGE('',*,*,#2028,.T.);
#694=ORIENTED_EDGE('',*,*,#2084,.T.);
#695=ORIENTED_EDGE('',*,*,#2045,.F.);
#696=ORIENTED_EDGE('',*,*,#2080,.F.);
#697=ORIENTED_EDGE('',*,*,#2082,.F.);
#698=ORIENTED_EDGE('',*,*,#2050,.F.);
#699=ORIENTED_EDGE('',*,*,#2053,.F.);
#700=ORIENTED_EDGE('',*,*,#2056,.F.);
#701=ORIENTED_EDGE('',*,*,#2059,.F.);
#702=ORIENTED_EDGE('',*,*,#2062,.F.);
#703=ORIENTED_EDGE('',*,*,#2065,.F.);
#704=ORIENTED_EDGE('',*,*,#2068,.F.);
#705=ORIENTED_EDGE('',*,*,#2071,.F.);
#706=ORIENTED_EDGE('',*,*,#2074,.F.);
#707=ORIENTED_EDGE('',*,*,#2077,.F.);
#708=ORIENTED_EDGE('',*,*,#2046,.F.);
#709=ORIENTED_EDGE('',*,*,#2084,.F.);
#710=ORIENTED_EDGE('',*,*,#2031,.F.);
#711=ORIENTED_EDGE('',*,*,#2034,.F.);
#712=ORIENTED_EDGE('',*,*,#2037,.F.);
#713=ORIENTED_EDGE('',*,*,#2040,.F.);
#714=ORIENTED_EDGE('',*,*,#2043,.F.);
#715=ORIENTED_EDGE('',*,*,#2029,.T.);
#716=ORIENTED_EDGE('',*,*,#2083,.T.);
#717=ORIENTED_EDGE('',*,*,#2044,.T.);
#718=ORIENTED_EDGE('',*,*,#2041,.T.);
#719=ORIENTED_EDGE('',*,*,#2038,.T.);
#720=ORIENTED_EDGE('',*,*,#2035,.T.);
#721=ORIENTED_EDGE('',*,*,#2032,.T.);
#722=ORIENTED_EDGE('',*,*,#2085,.F.);
#723=ORIENTED_EDGE('',*,*,#2086,.F.);
#724=ORIENTED_EDGE('',*,*,#2087,.T.);
#725=ORIENTED_EDGE('',*,*,#2088,.T.);
#726=ORIENTED_EDGE('',*,*,#2087,.F.);
#727=ORIENTED_EDGE('',*,*,#2089,.F.);
#728=ORIENTED_EDGE('',*,*,#2090,.T.);
#729=ORIENTED_EDGE('',*,*,#2091,.T.);
#730=ORIENTED_EDGE('',*,*,#2090,.F.);
#731=ORIENTED_EDGE('',*,*,#2092,.F.);
#732=ORIENTED_EDGE('',*,*,#2093,.T.);
#733=ORIENTED_EDGE('',*,*,#2094,.T.);
#734=ORIENTED_EDGE('',*,*,#2093,.F.);
#735=ORIENTED_EDGE('',*,*,#2095,.F.);
#736=ORIENTED_EDGE('',*,*,#2096,.T.);
#737=ORIENTED_EDGE('',*,*,#2097,.T.);
#738=ORIENTED_EDGE('',*,*,#2096,.F.);
#739=ORIENTED_EDGE('',*,*,#2098,.F.);
#740=ORIENTED_EDGE('',*,*,#2099,.T.);
#741=ORIENTED_EDGE('',*,*,#2100,.T.);
#742=ORIENTED_EDGE('',*,*,#2099,.F.);
#743=ORIENTED_EDGE('',*,*,#2101,.F.);
#744=ORIENTED_EDGE('',*,*,#2102,.T.);
#745=ORIENTED_EDGE('',*,*,#2103,.T.);
#746=ORIENTED_EDGE('',*,*,#2102,.F.);
#747=ORIENTED_EDGE('',*,*,#2104,.F.);
#748=ORIENTED_EDGE('',*,*,#2105,.T.);
#749=ORIENTED_EDGE('',*,*,#2106,.T.);
#750=ORIENTED_EDGE('',*,*,#2105,.F.);
#751=ORIENTED_EDGE('',*,*,#2107,.F.);
#752=ORIENTED_EDGE('',*,*,#2108,.T.);
#753=ORIENTED_EDGE('',*,*,#2109,.T.);
#754=ORIENTED_EDGE('',*,*,#2108,.F.);
#755=ORIENTED_EDGE('',*,*,#2110,.F.);
#756=ORIENTED_EDGE('',*,*,#2111,.T.);
#757=ORIENTED_EDGE('',*,*,#2112,.T.);
#758=ORIENTED_EDGE('',*,*,#2111,.F.);
#759=ORIENTED_EDGE('',*,*,#2113,.F.);
#760=ORIENTED_EDGE('',*,*,#2114,.T.);
#761=ORIENTED_EDGE('',*,*,#2115,.T.);
#762=ORIENTED_EDGE('',*,*,#2114,.F.);
#763=ORIENTED_EDGE('',*,*,#2116,.F.);
#764=ORIENTED_EDGE('',*,*,#2117,.T.);
#765=ORIENTED_EDGE('',*,*,#2118,.T.);
#766=ORIENTED_EDGE('',*,*,#2117,.F.);
#767=ORIENTED_EDGE('',*,*,#2119,.F.);
#768=ORIENTED_EDGE('',*,*,#2120,.T.);
#769=ORIENTED_EDGE('',*,*,#2121,.T.);
#770=ORIENTED_EDGE('',*,*,#2120,.F.);
#771=ORIENTED_EDGE('',*,*,#2122,.F.);
#772=ORIENTED_EDGE('',*,*,#2123,.T.);
#773=ORIENTED_EDGE('',*,*,#2124,.T.);
#774=ORIENTED_EDGE('',*,*,#2123,.F.);
#775=ORIENTED_EDGE('',*,*,#2125,.F.);
#776=ORIENTED_EDGE('',*,*,#2126,.T.);
#777=ORIENTED_EDGE('',*,*,#2127,.T.);
#778=ORIENTED_EDGE('',*,*,#2128,.F.);
#779=ORIENTED_EDGE('',*,*,#2085,.T.);
#780=ORIENTED_EDGE('',*,*,#2129,.T.);
#781=ORIENTED_EDGE('',*,*,#2126,.F.);
#782=ORIENTED_EDGE('',*,*,#2127,.F.);
#783=ORIENTED_EDGE('',*,*,#2129,.F.);
#784=ORIENTED_EDGE('',*,*,#2088,.F.);
#785=ORIENTED_EDGE('',*,*,#2091,.F.);
#786=ORIENTED_EDGE('',*,*,#2094,.F.);
#787=ORIENTED_EDGE('',*,*,#2097,.F.);
#788=ORIENTED_EDGE('',*,*,#2100,.F.);
#789=ORIENTED_EDGE('',*,*,#2103,.F.);
#790=ORIENTED_EDGE('',*,*,#2106,.F.);
#791=ORIENTED_EDGE('',*,*,#2109,.F.);
#792=ORIENTED_EDGE('',*,*,#2112,.F.);
#793=ORIENTED_EDGE('',*,*,#2115,.F.);
#794=ORIENTED_EDGE('',*,*,#2118,.F.);
#795=ORIENTED_EDGE('',*,*,#2121,.F.);
#796=ORIENTED_EDGE('',*,*,#2124,.F.);
#797=ORIENTED_EDGE('',*,*,#1869,.T.);
#798=ORIENTED_EDGE('',*,*,#1866,.T.);
#799=ORIENTED_EDGE('',*,*,#1875,.T.);
#800=ORIENTED_EDGE('',*,*,#1872,.T.);
#801=ORIENTED_EDGE('',*,*,#1881,.T.);
#802=ORIENTED_EDGE('',*,*,#1878,.T.);
#803=ORIENTED_EDGE('',*,*,#1893,.T.);
#804=ORIENTED_EDGE('',*,*,#1890,.T.);
#805=ORIENTED_EDGE('',*,*,#1887,.T.);
#806=ORIENTED_EDGE('',*,*,#1884,.T.);
#807=ORIENTED_EDGE('',*,*,#1899,.T.);
#808=ORIENTED_EDGE('',*,*,#1896,.T.);
#809=ORIENTED_EDGE('',*,*,#1929,.T.);
#810=ORIENTED_EDGE('',*,*,#1914,.T.);
#811=ORIENTED_EDGE('',*,*,#1911,.T.);
#812=ORIENTED_EDGE('',*,*,#1908,.T.);
#813=ORIENTED_EDGE('',*,*,#1905,.T.);
#814=ORIENTED_EDGE('',*,*,#1902,.T.);
#815=ORIENTED_EDGE('',*,*,#2130,.T.);
#816=ORIENTED_EDGE('',*,*,#2131,.T.);
#817=ORIENTED_EDGE('',*,*,#2132,.T.);
#818=ORIENTED_EDGE('',*,*,#2133,.T.);
#819=ORIENTED_EDGE('',*,*,#2134,.T.);
#820=ORIENTED_EDGE('',*,*,#2135,.T.);
#821=ORIENTED_EDGE('',*,*,#2136,.T.);
#822=ORIENTED_EDGE('',*,*,#2137,.T.);
#823=ORIENTED_EDGE('',*,*,#2138,.T.);
#824=ORIENTED_EDGE('',*,*,#2139,.T.);
#825=ORIENTED_EDGE('',*,*,#2140,.T.);
#826=ORIENTED_EDGE('',*,*,#2141,.T.);
#827=ORIENTED_EDGE('',*,*,#2142,.T.);
#828=ORIENTED_EDGE('',*,*,#2143,.T.);
#829=ORIENTED_EDGE('',*,*,#2144,.T.);
#830=ORIENTED_EDGE('',*,*,#2145,.T.);
#831=ORIENTED_EDGE('',*,*,#2146,.T.);
#832=ORIENTED_EDGE('',*,*,#2147,.T.);
#833=ORIENTED_EDGE('',*,*,#2148,.T.);
#834=ORIENTED_EDGE('',*,*,#2149,.T.);
#835=ORIENTED_EDGE('',*,*,#2150,.T.);
#836=ORIENTED_EDGE('',*,*,#2151,.T.);
#837=ORIENTED_EDGE('',*,*,#2152,.T.);
#838=ORIENTED_EDGE('',*,*,#2153,.T.);
#839=ORIENTED_EDGE('',*,*,#2154,.T.);
#840=ORIENTED_EDGE('',*,*,#2155,.T.);
#841=ORIENTED_EDGE('',*,*,#2156,.T.);
#842=ORIENTED_EDGE('',*,*,#2157,.T.);
#843=ORIENTED_EDGE('',*,*,#2158,.T.);
#844=ORIENTED_EDGE('',*,*,#2159,.T.);
#845=ORIENTED_EDGE('',*,*,#2160,.T.);
#846=ORIENTED_EDGE('',*,*,#2161,.T.);
#847=ORIENTED_EDGE('',*,*,#2162,.T.);
#848=ORIENTED_EDGE('',*,*,#2163,.T.);
#849=ORIENTED_EDGE('',*,*,#2164,.T.);
#850=ORIENTED_EDGE('',*,*,#2165,.T.);
#851=ORIENTED_EDGE('',*,*,#2166,.T.);
#852=ORIENTED_EDGE('',*,*,#2167,.T.);
#853=ORIENTED_EDGE('',*,*,#2168,.T.);
#854=ORIENTED_EDGE('',*,*,#1939,.T.);
#855=ORIENTED_EDGE('',*,*,#1936,.T.);
#856=ORIENTED_EDGE('',*,*,#1975,.T.);
#857=ORIENTED_EDGE('',*,*,#1972,.T.);
#858=ORIENTED_EDGE('',*,*,#1969,.T.);
#859=ORIENTED_EDGE('',*,*,#1966,.T.);
#860=ORIENTED_EDGE('',*,*,#1963,.T.);
#861=ORIENTED_EDGE('',*,*,#1960,.T.);
#862=ORIENTED_EDGE('',*,*,#1957,.T.);
#863=ORIENTED_EDGE('',*,*,#1954,.T.);
#864=ORIENTED_EDGE('',*,*,#1951,.T.);
#865=ORIENTED_EDGE('',*,*,#1948,.T.);
#866=ORIENTED_EDGE('',*,*,#1945,.T.);
#867=ORIENTED_EDGE('',*,*,#1942,.T.);
#868=ORIENTED_EDGE('',*,*,#1981,.T.);
#869=ORIENTED_EDGE('',*,*,#1978,.T.);
#870=ORIENTED_EDGE('',*,*,#1987,.T.);
#871=ORIENTED_EDGE('',*,*,#1984,.T.);
#872=ORIENTED_EDGE('',*,*,#1993,.T.);
#873=ORIENTED_EDGE('',*,*,#1990,.T.);
#874=ORIENTED_EDGE('',*,*,#2026,.T.);
#875=ORIENTED_EDGE('',*,*,#2023,.T.);
#876=ORIENTED_EDGE('',*,*,#2020,.T.);
#877=ORIENTED_EDGE('',*,*,#2017,.T.);
#878=ORIENTED_EDGE('',*,*,#2014,.T.);
#879=ORIENTED_EDGE('',*,*,#2011,.T.);
#880=ORIENTED_EDGE('',*,*,#2008,.T.);
#881=ORIENTED_EDGE('',*,*,#2005,.T.);
#882=ORIENTED_EDGE('',*,*,#2002,.T.);
#883=ORIENTED_EDGE('',*,*,#1999,.T.);
#884=ORIENTED_EDGE('',*,*,#1996,.T.);
#885=ORIENTED_EDGE('',*,*,#2051,.T.);
#886=ORIENTED_EDGE('',*,*,#2048,.T.);
#887=ORIENTED_EDGE('',*,*,#2081,.T.);
#888=ORIENTED_EDGE('',*,*,#2078,.T.);
#889=ORIENTED_EDGE('',*,*,#2075,.T.);
#890=ORIENTED_EDGE('',*,*,#2072,.T.);
#891=ORIENTED_EDGE('',*,*,#2069,.T.);
#892=ORIENTED_EDGE('',*,*,#2066,.T.);
#893=ORIENTED_EDGE('',*,*,#2063,.T.);
#894=ORIENTED_EDGE('',*,*,#2060,.T.);
#895=ORIENTED_EDGE('',*,*,#2057,.T.);
#896=ORIENTED_EDGE('',*,*,#2054,.T.);
#897=ORIENTED_EDGE('',*,*,#2169,.T.);
#898=ORIENTED_EDGE('',*,*,#2170,.T.);
#899=ORIENTED_EDGE('',*,*,#2171,.T.);
#900=ORIENTED_EDGE('',*,*,#2172,.T.);
#901=ORIENTED_EDGE('',*,*,#2173,.T.);
#902=ORIENTED_EDGE('',*,*,#2174,.T.);
#903=ORIENTED_EDGE('',*,*,#2175,.T.);
#904=ORIENTED_EDGE('',*,*,#2176,.T.);
#905=ORIENTED_EDGE('',*,*,#2177,.T.);
#906=ORIENTED_EDGE('',*,*,#2178,.T.);
#907=ORIENTED_EDGE('',*,*,#2179,.T.);
#908=ORIENTED_EDGE('',*,*,#2180,.T.);
#909=ORIENTED_EDGE('',*,*,#2181,.T.);
#910=ORIENTED_EDGE('',*,*,#2182,.T.);
#911=ORIENTED_EDGE('',*,*,#2183,.T.);
#912=ORIENTED_EDGE('',*,*,#2184,.T.);
#913=ORIENTED_EDGE('',*,*,#2185,.T.);
#914=ORIENTED_EDGE('',*,*,#2186,.T.);
#915=ORIENTED_EDGE('',*,*,#2187,.T.);
#916=ORIENTED_EDGE('',*,*,#2188,.T.);
#917=ORIENTED_EDGE('',*,*,#2189,.T.);
#918=ORIENTED_EDGE('',*,*,#2190,.T.);
#919=ORIENTED_EDGE('',*,*,#2191,.T.);
#920=ORIENTED_EDGE('',*,*,#2192,.T.);
#921=ORIENTED_EDGE('',*,*,#2193,.T.);
#922=ORIENTED_EDGE('',*,*,#2194,.T.);
#923=ORIENTED_EDGE('',*,*,#2195,.T.);
#924=ORIENTED_EDGE('',*,*,#2196,.T.);
#925=ORIENTED_EDGE('',*,*,#2197,.T.);
#926=ORIENTED_EDGE('',*,*,#2198,.T.);
#927=ORIENTED_EDGE('',*,*,#2199,.T.);
#928=ORIENTED_EDGE('',*,*,#2200,.T.);
#929=ORIENTED_EDGE('',*,*,#2201,.T.);
#930=ORIENTED_EDGE('',*,*,#2202,.T.);
#931=ORIENTED_EDGE('',*,*,#2203,.T.);
#932=ORIENTED_EDGE('',*,*,#2204,.T.);
#933=ORIENTED_EDGE('',*,*,#2205,.F.);
#934=ORIENTED_EDGE('',*,*,#2206,.T.);
#935=ORIENTED_EDGE('',*,*,#2207,.T.);
#936=ORIENTED_EDGE('',*,*,#2208,.T.);
#937=ORIENTED_EDGE('',*,*,#2209,.T.);
#938=ORIENTED_EDGE('',*,*,#2210,.T.);
#939=ORIENTED_EDGE('',*,*,#2211,.T.);
#940=ORIENTED_EDGE('',*,*,#2212,.T.);
#941=ORIENTED_EDGE('',*,*,#2213,.T.);
#942=ORIENTED_EDGE('',*,*,#2214,.T.);
#943=ORIENTED_EDGE('',*,*,#2215,.T.);
#944=ORIENTED_EDGE('',*,*,#2216,.T.);
#945=ORIENTED_EDGE('',*,*,#2217,.T.);
#946=ORIENTED_EDGE('',*,*,#2218,.T.);
#947=ORIENTED_EDGE('',*,*,#2219,.T.);
#948=ORIENTED_EDGE('',*,*,#2220,.T.);
#949=ORIENTED_EDGE('',*,*,#2221,.T.);
#950=ORIENTED_EDGE('',*,*,#2222,.T.);
#951=ORIENTED_EDGE('',*,*,#2223,.T.);
#952=ORIENTED_EDGE('',*,*,#2224,.T.);
#953=ORIENTED_EDGE('',*,*,#2225,.T.);
#954=ORIENTED_EDGE('',*,*,#2226,.T.);
#955=ORIENTED_EDGE('',*,*,#2227,.T.);
#956=ORIENTED_EDGE('',*,*,#2228,.T.);
#957=ORIENTED_EDGE('',*,*,#2229,.T.);
#958=ORIENTED_EDGE('',*,*,#2230,.T.);
#959=ORIENTED_EDGE('',*,*,#2231,.T.);
#960=ORIENTED_EDGE('',*,*,#2232,.T.);
#961=ORIENTED_EDGE('',*,*,#2233,.T.);
#962=ORIENTED_EDGE('',*,*,#2234,.T.);
#963=ORIENTED_EDGE('',*,*,#2235,.T.);
#964=ORIENTED_EDGE('',*,*,#2236,.T.);
#965=ORIENTED_EDGE('',*,*,#2237,.T.);
#966=ORIENTED_EDGE('',*,*,#2238,.T.);
#967=ORIENTED_EDGE('',*,*,#2239,.T.);
#968=ORIENTED_EDGE('',*,*,#2240,.T.);
#969=ORIENTED_EDGE('',*,*,#2241,.T.);
#970=ORIENTED_EDGE('',*,*,#2242,.T.);
#971=ORIENTED_EDGE('',*,*,#2243,.T.);
#972=ORIENTED_EDGE('',*,*,#2244,.T.);
#973=ORIENTED_EDGE('',*,*,#2245,.T.);
#974=ORIENTED_EDGE('',*,*,#2246,.T.);
#975=ORIENTED_EDGE('',*,*,#2247,.T.);
#976=ORIENTED_EDGE('',*,*,#2248,.T.);
#977=ORIENTED_EDGE('',*,*,#2249,.T.);
#978=ORIENTED_EDGE('',*,*,#2250,.T.);
#979=ORIENTED_EDGE('',*,*,#2251,.T.);
#980=ORIENTED_EDGE('',*,*,#2252,.T.);
#981=ORIENTED_EDGE('',*,*,#2253,.T.);
#982=ORIENTED_EDGE('',*,*,#2254,.T.);
#983=ORIENTED_EDGE('',*,*,#2255,.T.);
#984=ORIENTED_EDGE('',*,*,#2256,.T.);
#985=ORIENTED_EDGE('',*,*,#2257,.T.);
#986=ORIENTED_EDGE('',*,*,#2258,.T.);
#987=ORIENTED_EDGE('',*,*,#2259,.T.);
#988=ORIENTED_EDGE('',*,*,#2260,.T.);
#989=ORIENTED_EDGE('',*,*,#2261,.T.);
#990=ORIENTED_EDGE('',*,*,#2262,.T.);
#991=ORIENTED_EDGE('',*,*,#2263,.T.);
#992=ORIENTED_EDGE('',*,*,#2264,.T.);
#993=ORIENTED_EDGE('',*,*,#2265,.T.);
#994=ORIENTED_EDGE('',*,*,#2266,.T.);
#995=ORIENTED_EDGE('',*,*,#2267,.T.);
#996=ORIENTED_EDGE('',*,*,#2268,.T.);
#997=ORIENTED_EDGE('',*,*,#2269,.T.);
#998=ORIENTED_EDGE('',*,*,#2270,.T.);
#999=ORIENTED_EDGE('',*,*,#2271,.T.);
#1000=ORIENTED_EDGE('',*,*,#2272,.T.);
#1001=ORIENTED_EDGE('',*,*,#2273,.T.);
#1002=ORIENTED_EDGE('',*,*,#2274,.T.);
#1003=ORIENTED_EDGE('',*,*,#2275,.T.);
#1004=ORIENTED_EDGE('',*,*,#2276,.T.);
#1005=ORIENTED_EDGE('',*,*,#2277,.T.);
#1006=ORIENTED_EDGE('',*,*,#2278,.T.);
#1007=ORIENTED_EDGE('',*,*,#2279,.T.);
#1008=ORIENTED_EDGE('',*,*,#2280,.T.);
#1009=ORIENTED_EDGE('',*,*,#2281,.T.);
#1010=ORIENTED_EDGE('',*,*,#2086,.T.);
#1011=ORIENTED_EDGE('',*,*,#2128,.T.);
#1012=ORIENTED_EDGE('',*,*,#2125,.T.);
#1013=ORIENTED_EDGE('',*,*,#2122,.T.);
#1014=ORIENTED_EDGE('',*,*,#2119,.T.);
#1015=ORIENTED_EDGE('',*,*,#2116,.T.);
#1016=ORIENTED_EDGE('',*,*,#2113,.T.);
#1017=ORIENTED_EDGE('',*,*,#2110,.T.);
#1018=ORIENTED_EDGE('',*,*,#2107,.T.);
#1019=ORIENTED_EDGE('',*,*,#2104,.T.);
#1020=ORIENTED_EDGE('',*,*,#2101,.T.);
#1021=ORIENTED_EDGE('',*,*,#2098,.T.);
#1022=ORIENTED_EDGE('',*,*,#2095,.T.);
#1023=ORIENTED_EDGE('',*,*,#2092,.T.);
#1024=ORIENTED_EDGE('',*,*,#2089,.T.);
#1025=ORIENTED_EDGE('',*,*,#2282,.F.);
#1026=ORIENTED_EDGE('',*,*,#2275,.F.);
#1027=ORIENTED_EDGE('',*,*,#2283,.T.);
#1028=ORIENTED_EDGE('',*,*,#2284,.T.);
#1029=ORIENTED_EDGE('',*,*,#2283,.F.);
#1030=ORIENTED_EDGE('',*,*,#2274,.F.);
#1031=ORIENTED_EDGE('',*,*,#2285,.T.);
#1032=ORIENTED_EDGE('',*,*,#2286,.T.);
#1033=ORIENTED_EDGE('',*,*,#2285,.F.);
#1034=ORIENTED_EDGE('',*,*,#2281,.F.);
#1035=ORIENTED_EDGE('',*,*,#2287,.T.);
#1036=ORIENTED_EDGE('',*,*,#2288,.T.);
#1037=ORIENTED_EDGE('',*,*,#2287,.F.);
#1038=ORIENTED_EDGE('',*,*,#2280,.F.);
#1039=ORIENTED_EDGE('',*,*,#2289,.T.);
#1040=ORIENTED_EDGE('',*,*,#2290,.T.);
#1041=ORIENTED_EDGE('',*,*,#2289,.F.);
#1042=ORIENTED_EDGE('',*,*,#2279,.F.);
#1043=ORIENTED_EDGE('',*,*,#2291,.T.);
#1044=ORIENTED_EDGE('',*,*,#2292,.T.);
#1045=ORIENTED_EDGE('',*,*,#2291,.F.);
#1046=ORIENTED_EDGE('',*,*,#2278,.F.);
#1047=ORIENTED_EDGE('',*,*,#2293,.T.);
#1048=ORIENTED_EDGE('',*,*,#2294,.T.);
#1049=ORIENTED_EDGE('',*,*,#2293,.F.);
#1050=ORIENTED_EDGE('',*,*,#2277,.F.);
#1051=ORIENTED_EDGE('',*,*,#2295,.T.);
#1052=ORIENTED_EDGE('',*,*,#2296,.T.);
#1053=ORIENTED_EDGE('',*,*,#2276,.F.);
#1054=ORIENTED_EDGE('',*,*,#2282,.T.);
#1055=ORIENTED_EDGE('',*,*,#2297,.T.);
#1056=ORIENTED_EDGE('',*,*,#2295,.F.);
#1057=ORIENTED_EDGE('',*,*,#2296,.F.);
#1058=ORIENTED_EDGE('',*,*,#2297,.F.);
#1059=ORIENTED_EDGE('',*,*,#2284,.F.);
#1060=ORIENTED_EDGE('',*,*,#2286,.F.);
#1061=ORIENTED_EDGE('',*,*,#2288,.F.);
#1062=ORIENTED_EDGE('',*,*,#2290,.F.);
#1063=ORIENTED_EDGE('',*,*,#2292,.F.);
#1064=ORIENTED_EDGE('',*,*,#2294,.F.);
#1065=ORIENTED_EDGE('',*,*,#2298,.F.);
#1066=ORIENTED_EDGE('',*,*,#2263,.F.);
#1067=ORIENTED_EDGE('',*,*,#2299,.T.);
#1068=ORIENTED_EDGE('',*,*,#2300,.T.);
#1069=ORIENTED_EDGE('',*,*,#2299,.F.);
#1070=ORIENTED_EDGE('',*,*,#2262,.F.);
#1071=ORIENTED_EDGE('',*,*,#2301,.T.);
#1072=ORIENTED_EDGE('',*,*,#2302,.T.);
#1073=ORIENTED_EDGE('',*,*,#2301,.F.);
#1074=ORIENTED_EDGE('',*,*,#2273,.F.);
#1075=ORIENTED_EDGE('',*,*,#2303,.T.);
#1076=ORIENTED_EDGE('',*,*,#2304,.T.);
#1077=ORIENTED_EDGE('',*,*,#2303,.F.);
#1078=ORIENTED_EDGE('',*,*,#2272,.F.);
#1079=ORIENTED_EDGE('',*,*,#2305,.T.);
#1080=ORIENTED_EDGE('',*,*,#2306,.T.);
#1081=ORIENTED_EDGE('',*,*,#2305,.F.);
#1082=ORIENTED_EDGE('',*,*,#2271,.F.);
#1083=ORIENTED_EDGE('',*,*,#2307,.T.);
#1084=ORIENTED_EDGE('',*,*,#2308,.T.);
#1085=ORIENTED_EDGE('',*,*,#2307,.F.);
#1086=ORIENTED_EDGE('',*,*,#2270,.F.);
#1087=ORIENTED_EDGE('',*,*,#2309,.T.);
#1088=ORIENTED_EDGE('',*,*,#2310,.T.);
#1089=ORIENTED_EDGE('',*,*,#2309,.F.);
#1090=ORIENTED_EDGE('',*,*,#2269,.F.);
#1091=ORIENTED_EDGE('',*,*,#2311,.T.);
#1092=ORIENTED_EDGE('',*,*,#2312,.T.);
#1093=ORIENTED_EDGE('',*,*,#2311,.F.);
#1094=ORIENTED_EDGE('',*,*,#2268,.F.);
#1095=ORIENTED_EDGE('',*,*,#2313,.T.);
#1096=ORIENTED_EDGE('',*,*,#2314,.T.);
#1097=ORIENTED_EDGE('',*,*,#2313,.F.);
#1098=ORIENTED_EDGE('',*,*,#2267,.F.);
#1099=ORIENTED_EDGE('',*,*,#2315,.T.);
#1100=ORIENTED_EDGE('',*,*,#2316,.T.);
#1101=ORIENTED_EDGE('',*,*,#2315,.F.);
#1102=ORIENTED_EDGE('',*,*,#2266,.F.);
#1103=ORIENTED_EDGE('',*,*,#2317,.T.);
#1104=ORIENTED_EDGE('',*,*,#2318,.T.);
#1105=ORIENTED_EDGE('',*,*,#2317,.F.);
#1106=ORIENTED_EDGE('',*,*,#2265,.F.);
#1107=ORIENTED_EDGE('',*,*,#2319,.T.);
#1108=ORIENTED_EDGE('',*,*,#2320,.T.);
#1109=ORIENTED_EDGE('',*,*,#2264,.F.);
#1110=ORIENTED_EDGE('',*,*,#2298,.T.);
#1111=ORIENTED_EDGE('',*,*,#2321,.T.);
#1112=ORIENTED_EDGE('',*,*,#2319,.F.);
#1113=ORIENTED_EDGE('',*,*,#2320,.F.);
#1114=ORIENTED_EDGE('',*,*,#2321,.F.);
#1115=ORIENTED_EDGE('',*,*,#2300,.F.);
#1116=ORIENTED_EDGE('',*,*,#2302,.F.);
#1117=ORIENTED_EDGE('',*,*,#2304,.F.);
#1118=ORIENTED_EDGE('',*,*,#2306,.F.);
#1119=ORIENTED_EDGE('',*,*,#2308,.F.);
#1120=ORIENTED_EDGE('',*,*,#2310,.F.);
#1121=ORIENTED_EDGE('',*,*,#2312,.F.);
#1122=ORIENTED_EDGE('',*,*,#2314,.F.);
#1123=ORIENTED_EDGE('',*,*,#2316,.F.);
#1124=ORIENTED_EDGE('',*,*,#2318,.F.);
#1125=ORIENTED_EDGE('',*,*,#2322,.F.);
#1126=ORIENTED_EDGE('',*,*,#2259,.F.);
#1127=ORIENTED_EDGE('',*,*,#2323,.T.);
#1128=ORIENTED_EDGE('',*,*,#2324,.T.);
#1129=ORIENTED_EDGE('',*,*,#2323,.F.);
#1130=ORIENTED_EDGE('',*,*,#2258,.F.);
#1131=ORIENTED_EDGE('',*,*,#2325,.T.);
#1132=ORIENTED_EDGE('',*,*,#2326,.T.);
#1133=ORIENTED_EDGE('',*,*,#2325,.F.);
#1134=ORIENTED_EDGE('',*,*,#2261,.F.);
#1135=ORIENTED_EDGE('',*,*,#2327,.T.);
#1136=ORIENTED_EDGE('',*,*,#2328,.T.);
#1137=ORIENTED_EDGE('',*,*,#2260,.F.);
#1138=ORIENTED_EDGE('',*,*,#2322,.T.);
#1139=ORIENTED_EDGE('',*,*,#2329,.T.);
#1140=ORIENTED_EDGE('',*,*,#2327,.F.);
#1141=ORIENTED_EDGE('',*,*,#2328,.F.);
#1142=ORIENTED_EDGE('',*,*,#2329,.F.);
#1143=ORIENTED_EDGE('',*,*,#2324,.F.);
#1144=ORIENTED_EDGE('',*,*,#2326,.F.);
#1145=ORIENTED_EDGE('',*,*,#2330,.F.);
#1146=ORIENTED_EDGE('',*,*,#2169,.F.);
#1147=ORIENTED_EDGE('',*,*,#2331,.T.);
#1148=ORIENTED_EDGE('',*,*,#2332,.T.);
#1149=ORIENTED_EDGE('',*,*,#2331,.F.);
#1150=ORIENTED_EDGE('',*,*,#2196,.F.);
#1151=ORIENTED_EDGE('',*,*,#2333,.T.);
#1152=ORIENTED_EDGE('',*,*,#2334,.T.);
#1153=ORIENTED_EDGE('',*,*,#2333,.F.);
#1154=ORIENTED_EDGE('',*,*,#2195,.F.);
#1155=ORIENTED_EDGE('',*,*,#2335,.T.);
#1156=ORIENTED_EDGE('',*,*,#2336,.T.);
#1157=ORIENTED_EDGE('',*,*,#2335,.F.);
#1158=ORIENTED_EDGE('',*,*,#2194,.F.);
#1159=ORIENTED_EDGE('',*,*,#2337,.T.);
#1160=ORIENTED_EDGE('',*,*,#2338,.T.);
#1161=ORIENTED_EDGE('',*,*,#2337,.F.);
#1162=ORIENTED_EDGE('',*,*,#2193,.F.);
#1163=ORIENTED_EDGE('',*,*,#2339,.T.);
#1164=ORIENTED_EDGE('',*,*,#2340,.T.);
#1165=ORIENTED_EDGE('',*,*,#2339,.F.);
#1166=ORIENTED_EDGE('',*,*,#2192,.F.);
#1167=ORIENTED_EDGE('',*,*,#2341,.T.);
#1168=ORIENTED_EDGE('',*,*,#2342,.T.);
#1169=ORIENTED_EDGE('',*,*,#2341,.F.);
#1170=ORIENTED_EDGE('',*,*,#2191,.F.);
#1171=ORIENTED_EDGE('',*,*,#2343,.T.);
#1172=ORIENTED_EDGE('',*,*,#2344,.T.);
#1173=ORIENTED_EDGE('',*,*,#2343,.F.);
#1174=ORIENTED_EDGE('',*,*,#2190,.F.);
#1175=ORIENTED_EDGE('',*,*,#2345,.T.);
#1176=ORIENTED_EDGE('',*,*,#2346,.T.);
#1177=ORIENTED_EDGE('',*,*,#2345,.F.);
#1178=ORIENTED_EDGE('',*,*,#2189,.F.);
#1179=ORIENTED_EDGE('',*,*,#2347,.T.);
#1180=ORIENTED_EDGE('',*,*,#2348,.T.);
#1181=ORIENTED_EDGE('',*,*,#2347,.F.);
#1182=ORIENTED_EDGE('',*,*,#2188,.F.);
#1183=ORIENTED_EDGE('',*,*,#2349,.T.);
#1184=ORIENTED_EDGE('',*,*,#2350,.T.);
#1185=ORIENTED_EDGE('',*,*,#2349,.F.);
#1186=ORIENTED_EDGE('',*,*,#2187,.F.);
#1187=ORIENTED_EDGE('',*,*,#2351,.T.);
#1188=ORIENTED_EDGE('',*,*,#2352,.T.);
#1189=ORIENTED_EDGE('',*,*,#2351,.F.);
#1190=ORIENTED_EDGE('',*,*,#2186,.F.);
#1191=ORIENTED_EDGE('',*,*,#2353,.T.);
#1192=ORIENTED_EDGE('',*,*,#2354,.T.);
#1193=ORIENTED_EDGE('',*,*,#2353,.F.);
#1194=ORIENTED_EDGE('',*,*,#2185,.F.);
#1195=ORIENTED_EDGE('',*,*,#2355,.T.);
#1196=ORIENTED_EDGE('',*,*,#2356,.T.);
#1197=ORIENTED_EDGE('',*,*,#2355,.F.);
#1198=ORIENTED_EDGE('',*,*,#2184,.F.);
#1199=ORIENTED_EDGE('',*,*,#2357,.T.);
#1200=ORIENTED_EDGE('',*,*,#2358,.T.);
#1201=ORIENTED_EDGE('',*,*,#2357,.F.);
#1202=ORIENTED_EDGE('',*,*,#2183,.F.);
#1203=ORIENTED_EDGE('',*,*,#2359,.T.);
#1204=ORIENTED_EDGE('',*,*,#2360,.T.);
#1205=ORIENTED_EDGE('',*,*,#2359,.F.);
#1206=ORIENTED_EDGE('',*,*,#2182,.F.);
#1207=ORIENTED_EDGE('',*,*,#2361,.T.);
#1208=ORIENTED_EDGE('',*,*,#2362,.T.);
#1209=ORIENTED_EDGE('',*,*,#2361,.F.);
#1210=ORIENTED_EDGE('',*,*,#2181,.F.);
#1211=ORIENTED_EDGE('',*,*,#2363,.T.);
#1212=ORIENTED_EDGE('',*,*,#2364,.T.);
#1213=ORIENTED_EDGE('',*,*,#2363,.F.);
#1214=ORIENTED_EDGE('',*,*,#2180,.F.);
#1215=ORIENTED_EDGE('',*,*,#2365,.T.);
#1216=ORIENTED_EDGE('',*,*,#2366,.T.);
#1217=ORIENTED_EDGE('',*,*,#2365,.F.);
#1218=ORIENTED_EDGE('',*,*,#2179,.F.);
#1219=ORIENTED_EDGE('',*,*,#2367,.T.);
#1220=ORIENTED_EDGE('',*,*,#2368,.T.);
#1221=ORIENTED_EDGE('',*,*,#2367,.F.);
#1222=ORIENTED_EDGE('',*,*,#2178,.F.);
#1223=ORIENTED_EDGE('',*,*,#2369,.T.);
#1224=ORIENTED_EDGE('',*,*,#2370,.T.);
#1225=ORIENTED_EDGE('',*,*,#2369,.F.);
#1226=ORIENTED_EDGE('',*,*,#2177,.F.);
#1227=ORIENTED_EDGE('',*,*,#2371,.T.);
#1228=ORIENTED_EDGE('',*,*,#2372,.T.);
#1229=ORIENTED_EDGE('',*,*,#2371,.F.);
#1230=ORIENTED_EDGE('',*,*,#2176,.F.);
#1231=ORIENTED_EDGE('',*,*,#2373,.T.);
#1232=ORIENTED_EDGE('',*,*,#2374,.T.);
#1233=ORIENTED_EDGE('',*,*,#2373,.F.);
#1234=ORIENTED_EDGE('',*,*,#2175,.F.);
#1235=ORIENTED_EDGE('',*,*,#2375,.T.);
#1236=ORIENTED_EDGE('',*,*,#2376,.T.);
#1237=ORIENTED_EDGE('',*,*,#2375,.F.);
#1238=ORIENTED_EDGE('',*,*,#2174,.F.);
#1239=ORIENTED_EDGE('',*,*,#2377,.T.);
#1240=ORIENTED_EDGE('',*,*,#2378,.T.);
#1241=ORIENTED_EDGE('',*,*,#2377,.F.);
#1242=ORIENTED_EDGE('',*,*,#2173,.F.);
#1243=ORIENTED_EDGE('',*,*,#2379,.T.);
#1244=ORIENTED_EDGE('',*,*,#2380,.T.);
#1245=ORIENTED_EDGE('',*,*,#2379,.F.);
#1246=ORIENTED_EDGE('',*,*,#2172,.F.);
#1247=ORIENTED_EDGE('',*,*,#2381,.T.);
#1248=ORIENTED_EDGE('',*,*,#2382,.T.);
#1249=ORIENTED_EDGE('',*,*,#2381,.F.);
#1250=ORIENTED_EDGE('',*,*,#2171,.F.);
#1251=ORIENTED_EDGE('',*,*,#2383,.T.);
#1252=ORIENTED_EDGE('',*,*,#2384,.T.);
#1253=ORIENTED_EDGE('',*,*,#2170,.F.);
#1254=ORIENTED_EDGE('',*,*,#2330,.T.);
#1255=ORIENTED_EDGE('',*,*,#2385,.T.);
#1256=ORIENTED_EDGE('',*,*,#2383,.F.);
#1257=ORIENTED_EDGE('',*,*,#2384,.F.);
#1258=ORIENTED_EDGE('',*,*,#2385,.F.);
#1259=ORIENTED_EDGE('',*,*,#2332,.F.);
#1260=ORIENTED_EDGE('',*,*,#2334,.F.);
#1261=ORIENTED_EDGE('',*,*,#2336,.F.);
#1262=ORIENTED_EDGE('',*,*,#2338,.F.);
#1263=ORIENTED_EDGE('',*,*,#2340,.F.);
#1264=ORIENTED_EDGE('',*,*,#2342,.F.);
#1265=ORIENTED_EDGE('',*,*,#2344,.F.);
#1266=ORIENTED_EDGE('',*,*,#2346,.F.);
#1267=ORIENTED_EDGE('',*,*,#2348,.F.);
#1268=ORIENTED_EDGE('',*,*,#2350,.F.);
#1269=ORIENTED_EDGE('',*,*,#2352,.F.);
#1270=ORIENTED_EDGE('',*,*,#2354,.F.);
#1271=ORIENTED_EDGE('',*,*,#2356,.F.);
#1272=ORIENTED_EDGE('',*,*,#2358,.F.);
#1273=ORIENTED_EDGE('',*,*,#2360,.F.);
#1274=ORIENTED_EDGE('',*,*,#2362,.F.);
#1275=ORIENTED_EDGE('',*,*,#2364,.F.);
#1276=ORIENTED_EDGE('',*,*,#2366,.F.);
#1277=ORIENTED_EDGE('',*,*,#2368,.F.);
#1278=ORIENTED_EDGE('',*,*,#2370,.F.);
#1279=ORIENTED_EDGE('',*,*,#2372,.F.);
#1280=ORIENTED_EDGE('',*,*,#2374,.F.);
#1281=ORIENTED_EDGE('',*,*,#2376,.F.);
#1282=ORIENTED_EDGE('',*,*,#2378,.F.);
#1283=ORIENTED_EDGE('',*,*,#2380,.F.);
#1284=ORIENTED_EDGE('',*,*,#2382,.F.);
#1285=ORIENTED_EDGE('',*,*,#2386,.F.);
#1286=ORIENTED_EDGE('',*,*,#2198,.F.);
#1287=ORIENTED_EDGE('',*,*,#2387,.T.);
#1288=ORIENTED_EDGE('',*,*,#2388,.T.);
#1289=ORIENTED_EDGE('',*,*,#2387,.F.);
#1290=ORIENTED_EDGE('',*,*,#2197,.F.);
#1291=ORIENTED_EDGE('',*,*,#2389,.T.);
#1292=ORIENTED_EDGE('',*,*,#2390,.T.);
#1293=ORIENTED_EDGE('',*,*,#2389,.F.);
#1294=ORIENTED_EDGE('',*,*,#2204,.F.);
#1295=ORIENTED_EDGE('',*,*,#2391,.T.);
#1296=ORIENTED_EDGE('',*,*,#2392,.T.);
#1297=ORIENTED_EDGE('',*,*,#2391,.F.);
#1298=ORIENTED_EDGE('',*,*,#2203,.F.);
#1299=ORIENTED_EDGE('',*,*,#2393,.T.);
#1300=ORIENTED_EDGE('',*,*,#2394,.T.);
#1301=ORIENTED_EDGE('',*,*,#2393,.F.);
#1302=ORIENTED_EDGE('',*,*,#2202,.F.);
#1303=ORIENTED_EDGE('',*,*,#2395,.T.);
#1304=ORIENTED_EDGE('',*,*,#2396,.T.);
#1305=ORIENTED_EDGE('',*,*,#2395,.F.);
#1306=ORIENTED_EDGE('',*,*,#2201,.F.);
#1307=ORIENTED_EDGE('',*,*,#2397,.T.);
#1308=ORIENTED_EDGE('',*,*,#2398,.T.);
#1309=ORIENTED_EDGE('',*,*,#2397,.F.);
#1310=ORIENTED_EDGE('',*,*,#2200,.F.);
#1311=ORIENTED_EDGE('',*,*,#2399,.T.);
#1312=ORIENTED_EDGE('',*,*,#2400,.T.);
#1313=ORIENTED_EDGE('',*,*,#2401,.F.);
#1314=ORIENTED_EDGE('',*,*,#2402,.F.);
#1315=ORIENTED_EDGE('',*,*,#2403,.T.);
#1316=ORIENTED_EDGE('',*,*,#2404,.T.);
#1317=ORIENTED_EDGE('',*,*,#2403,.F.);
#1318=ORIENTED_EDGE('',*,*,#2405,.F.);
#1319=ORIENTED_EDGE('',*,*,#2406,.T.);
#1320=ORIENTED_EDGE('',*,*,#2407,.T.);
#1321=ORIENTED_EDGE('',*,*,#2406,.F.);
#1322=ORIENTED_EDGE('',*,*,#2408,.F.);
#1323=ORIENTED_EDGE('',*,*,#2409,.T.);
#1324=ORIENTED_EDGE('',*,*,#2410,.T.);
#1325=ORIENTED_EDGE('',*,*,#2411,.F.);
#1326=ORIENTED_EDGE('',*,*,#2401,.T.);
#1327=ORIENTED_EDGE('',*,*,#2412,.T.);
#1328=ORIENTED_EDGE('',*,*,#2409,.F.);
#1329=ORIENTED_EDGE('',*,*,#2199,.F.);
#1330=ORIENTED_EDGE('',*,*,#2386,.T.);
#1331=ORIENTED_EDGE('',*,*,#2413,.T.);
#1332=ORIENTED_EDGE('',*,*,#2399,.F.);
#1333=ORIENTED_EDGE('',*,*,#2410,.F.);
#1334=ORIENTED_EDGE('',*,*,#2412,.F.);
#1335=ORIENTED_EDGE('',*,*,#2404,.F.);
#1336=ORIENTED_EDGE('',*,*,#2407,.F.);
#1337=ORIENTED_EDGE('',*,*,#2400,.F.);
#1338=ORIENTED_EDGE('',*,*,#2413,.F.);
#1339=ORIENTED_EDGE('',*,*,#2388,.F.);
#1340=ORIENTED_EDGE('',*,*,#2390,.F.);
#1341=ORIENTED_EDGE('',*,*,#2392,.F.);
#1342=ORIENTED_EDGE('',*,*,#2394,.F.);
#1343=ORIENTED_EDGE('',*,*,#2396,.F.);
#1344=ORIENTED_EDGE('',*,*,#2398,.F.);
#1345=ORIENTED_EDGE('',*,*,#2414,.T.);
#1346=ORIENTED_EDGE('',*,*,#2415,.T.);
#1347=ORIENTED_EDGE('',*,*,#2416,.T.);
#1348=ORIENTED_EDGE('',*,*,#2417,.T.);
#1349=ORIENTED_EDGE('',*,*,#2418,.T.);
#1350=ORIENTED_EDGE('',*,*,#2419,.T.);
#1351=ORIENTED_EDGE('',*,*,#2419,.F.);
#1352=ORIENTED_EDGE('',*,*,#2420,.T.);
#1353=ORIENTED_EDGE('',*,*,#2421,.F.);
#1354=ORIENTED_EDGE('',*,*,#2421,.T.);
#1355=ORIENTED_EDGE('',*,*,#2422,.T.);
#1356=ORIENTED_EDGE('',*,*,#2423,.F.);
#1357=ORIENTED_EDGE('',*,*,#2423,.T.);
#1358=ORIENTED_EDGE('',*,*,#2424,.T.);
#1359=ORIENTED_EDGE('',*,*,#2425,.F.);
#1360=ORIENTED_EDGE('',*,*,#2425,.T.);
#1361=ORIENTED_EDGE('',*,*,#2426,.T.);
#1362=ORIENTED_EDGE('',*,*,#2427,.F.);
#1363=ORIENTED_EDGE('',*,*,#2427,.T.);
#1364=ORIENTED_EDGE('',*,*,#2428,.T.);
#1365=ORIENTED_EDGE('',*,*,#2429,.F.);
#1366=ORIENTED_EDGE('',*,*,#2429,.T.);
#1367=ORIENTED_EDGE('',*,*,#2430,.T.);
#1368=ORIENTED_EDGE('',*,*,#2431,.F.);
#1369=ORIENTED_EDGE('',*,*,#2431,.T.);
#1370=ORIENTED_EDGE('',*,*,#2432,.F.);
#1371=ORIENTED_EDGE('',*,*,#2205,.T.);
#1372=ORIENTED_EDGE('',*,*,#2433,.F.);
#1373=ORIENTED_EDGE('',*,*,#2434,.T.);
#1374=ORIENTED_EDGE('',*,*,#2435,.F.);
#1375=ORIENTED_EDGE('',*,*,#2433,.T.);
#1376=ORIENTED_EDGE('',*,*,#2432,.T.);
#1377=ORIENTED_EDGE('',*,*,#2434,.F.);
#1378=ORIENTED_EDGE('',*,*,#2436,.T.);
#1379=ORIENTED_EDGE('',*,*,#2435,.T.);
#1380=ORIENTED_EDGE('',*,*,#2437,.T.);
#1381=ORIENTED_EDGE('',*,*,#2418,.F.);
#1382=ORIENTED_EDGE('',*,*,#2206,.F.);
#1383=ORIENTED_EDGE('',*,*,#2436,.F.);
#1384=ORIENTED_EDGE('',*,*,#2437,.F.);
#1385=ORIENTED_EDGE('',*,*,#2212,.F.);
#1386=ORIENTED_EDGE('',*,*,#2426,.F.);
#1387=ORIENTED_EDGE('',*,*,#2211,.F.);
#1388=ORIENTED_EDGE('',*,*,#2424,.F.);
#1389=ORIENTED_EDGE('',*,*,#2210,.F.);
#1390=ORIENTED_EDGE('',*,*,#2422,.F.);
#1391=ORIENTED_EDGE('',*,*,#2209,.F.);
#1392=ORIENTED_EDGE('',*,*,#2420,.F.);
#1393=ORIENTED_EDGE('',*,*,#2208,.F.);
#1394=ORIENTED_EDGE('',*,*,#2430,.F.);
#1395=ORIENTED_EDGE('',*,*,#2207,.F.);
#1396=ORIENTED_EDGE('',*,*,#2428,.F.);
#1397=ORIENTED_EDGE('',*,*,#2438,.F.);
#1398=ORIENTED_EDGE('',*,*,#2439,.F.);
#1399=ORIENTED_EDGE('',*,*,#2440,.F.);
#1400=ORIENTED_EDGE('',*,*,#2441,.F.);
#1401=ORIENTED_EDGE('',*,*,#2442,.F.);
#1402=ORIENTED_EDGE('',*,*,#2443,.F.);
#1403=ORIENTED_EDGE('',*,*,#2444,.F.);
#1404=ORIENTED_EDGE('',*,*,#2445,.F.);
#1405=ORIENTED_EDGE('',*,*,#2446,.F.);
#1406=ORIENTED_EDGE('',*,*,#2447,.F.);
#1407=ORIENTED_EDGE('',*,*,#2448,.F.);
#1408=ORIENTED_EDGE('',*,*,#2449,.F.);
#1409=ORIENTED_EDGE('',*,*,#2215,.F.);
#1410=ORIENTED_EDGE('',*,*,#2450,.T.);
#1411=ORIENTED_EDGE('',*,*,#2443,.T.);
#1412=ORIENTED_EDGE('',*,*,#2451,.F.);
#1413=ORIENTED_EDGE('',*,*,#2415,.F.);
#1414=ORIENTED_EDGE('',*,*,#2452,.T.);
#1415=ORIENTED_EDGE('',*,*,#2439,.T.);
#1416=ORIENTED_EDGE('',*,*,#2453,.F.);
#1417=ORIENTED_EDGE('',*,*,#2454,.F.);
#1418=ORIENTED_EDGE('',*,*,#2416,.F.);
#1419=ORIENTED_EDGE('',*,*,#2453,.T.);
#1420=ORIENTED_EDGE('',*,*,#2438,.T.);
#1421=ORIENTED_EDGE('',*,*,#2455,.F.);
#1422=ORIENTED_EDGE('',*,*,#2417,.F.);
#1423=ORIENTED_EDGE('',*,*,#2454,.T.);
#1424=ORIENTED_EDGE('',*,*,#2441,.T.);
#1425=ORIENTED_EDGE('',*,*,#2452,.F.);
#1426=ORIENTED_EDGE('',*,*,#2414,.F.);
#1427=ORIENTED_EDGE('',*,*,#2455,.T.);
#1428=ORIENTED_EDGE('',*,*,#2440,.T.);
#1429=ORIENTED_EDGE('',*,*,#2456,.F.);
#1430=ORIENTED_EDGE('',*,*,#2216,.F.);
#1431=ORIENTED_EDGE('',*,*,#2451,.T.);
#1432=ORIENTED_EDGE('',*,*,#2442,.T.);
#1433=ORIENTED_EDGE('',*,*,#2457,.F.);
#1434=ORIENTED_EDGE('',*,*,#2217,.F.);
#1435=ORIENTED_EDGE('',*,*,#2456,.T.);
#1436=ORIENTED_EDGE('',*,*,#2449,.T.);
#1437=ORIENTED_EDGE('',*,*,#2458,.F.);
#1438=ORIENTED_EDGE('',*,*,#2218,.F.);
#1439=ORIENTED_EDGE('',*,*,#2457,.T.);
#1440=ORIENTED_EDGE('',*,*,#2448,.T.);
#1441=ORIENTED_EDGE('',*,*,#2459,.F.);
#1442=ORIENTED_EDGE('',*,*,#2219,.F.);
#1443=ORIENTED_EDGE('',*,*,#2458,.T.);
#1444=ORIENTED_EDGE('',*,*,#2447,.T.);
#1445=ORIENTED_EDGE('',*,*,#2460,.F.);
#1446=ORIENTED_EDGE('',*,*,#2220,.F.);
#1447=ORIENTED_EDGE('',*,*,#2459,.T.);
#1448=ORIENTED_EDGE('',*,*,#2446,.T.);
#1449=ORIENTED_EDGE('',*,*,#2461,.F.);
#1450=ORIENTED_EDGE('',*,*,#2213,.F.);
#1451=ORIENTED_EDGE('',*,*,#2460,.T.);
#1452=ORIENTED_EDGE('',*,*,#2445,.T.);
#1453=ORIENTED_EDGE('',*,*,#2450,.F.);
#1454=ORIENTED_EDGE('',*,*,#2214,.F.);
#1455=ORIENTED_EDGE('',*,*,#2461,.T.);
#1456=ORIENTED_EDGE('',*,*,#2444,.T.);
#1457=ORIENTED_EDGE('',*,*,#2462,.F.);
#1458=ORIENTED_EDGE('',*,*,#2463,.F.);
#1459=ORIENTED_EDGE('',*,*,#2464,.F.);
#1460=ORIENTED_EDGE('',*,*,#2465,.F.);
#1461=ORIENTED_EDGE('',*,*,#2466,.F.);
#1462=ORIENTED_EDGE('',*,*,#2467,.F.);
#1463=ORIENTED_EDGE('',*,*,#2468,.F.);
#1464=ORIENTED_EDGE('',*,*,#2469,.F.);
#1465=ORIENTED_EDGE('',*,*,#2470,.F.);
#1466=ORIENTED_EDGE('',*,*,#2223,.F.);
#1467=ORIENTED_EDGE('',*,*,#2471,.T.);
#1468=ORIENTED_EDGE('',*,*,#2463,.T.);
#1469=ORIENTED_EDGE('',*,*,#2472,.F.);
#1470=ORIENTED_EDGE('',*,*,#2473,.F.);
#1471=ORIENTED_EDGE('',*,*,#2224,.F.);
#1472=ORIENTED_EDGE('',*,*,#2472,.T.);
#1473=ORIENTED_EDGE('',*,*,#2462,.T.);
#1474=ORIENTED_EDGE('',*,*,#2474,.F.);
#1475=ORIENTED_EDGE('',*,*,#2225,.F.);
#1476=ORIENTED_EDGE('',*,*,#2473,.T.);
#1477=ORIENTED_EDGE('',*,*,#2470,.T.);
#1478=ORIENTED_EDGE('',*,*,#2475,.F.);
#1479=ORIENTED_EDGE('',*,*,#2226,.F.);
#1480=ORIENTED_EDGE('',*,*,#2474,.T.);
#1481=ORIENTED_EDGE('',*,*,#2469,.T.);
#1482=ORIENTED_EDGE('',*,*,#2476,.F.);
#1483=ORIENTED_EDGE('',*,*,#2227,.F.);
#1484=ORIENTED_EDGE('',*,*,#2475,.T.);
#1485=ORIENTED_EDGE('',*,*,#2468,.T.);
#1486=ORIENTED_EDGE('',*,*,#2477,.F.);
#1487=ORIENTED_EDGE('',*,*,#2228,.F.);
#1488=ORIENTED_EDGE('',*,*,#2476,.T.);
#1489=ORIENTED_EDGE('',*,*,#2467,.T.);
#1490=ORIENTED_EDGE('',*,*,#2478,.F.);
#1491=ORIENTED_EDGE('',*,*,#2229,.F.);
#1492=ORIENTED_EDGE('',*,*,#2477,.T.);
#1493=ORIENTED_EDGE('',*,*,#2466,.T.);
#1494=ORIENTED_EDGE('',*,*,#2479,.F.);
#1495=ORIENTED_EDGE('',*,*,#2221,.F.);
#1496=ORIENTED_EDGE('',*,*,#2478,.T.);
#1497=ORIENTED_EDGE('',*,*,#2465,.T.);
#1498=ORIENTED_EDGE('',*,*,#2471,.F.);
#1499=ORIENTED_EDGE('',*,*,#2222,.F.);
#1500=ORIENTED_EDGE('',*,*,#2479,.T.);
#1501=ORIENTED_EDGE('',*,*,#2464,.T.);
#1502=ORIENTED_EDGE('',*,*,#2480,.F.);
#1503=ORIENTED_EDGE('',*,*,#2481,.F.);
#1504=ORIENTED_EDGE('',*,*,#2482,.F.);
#1505=ORIENTED_EDGE('',*,*,#2483,.F.);
#1506=ORIENTED_EDGE('',*,*,#2484,.F.);
#1507=ORIENTED_EDGE('',*,*,#2485,.F.);
#1508=ORIENTED_EDGE('',*,*,#2486,.F.);
#1509=ORIENTED_EDGE('',*,*,#2487,.F.);
#1510=ORIENTED_EDGE('',*,*,#2488,.F.);
#1511=ORIENTED_EDGE('',*,*,#2489,.F.);
#1512=ORIENTED_EDGE('',*,*,#2490,.F.);
#1513=ORIENTED_EDGE('',*,*,#2491,.F.);
#1514=ORIENTED_EDGE('',*,*,#2492,.F.);
#1515=ORIENTED_EDGE('',*,*,#2493,.F.);
#1516=ORIENTED_EDGE('',*,*,#2494,.F.);
#1517=ORIENTED_EDGE('',*,*,#2495,.F.);
#1518=ORIENTED_EDGE('',*,*,#2496,.F.);
#1519=ORIENTED_EDGE('',*,*,#2497,.F.);
#1520=ORIENTED_EDGE('',*,*,#2498,.F.);
#1521=ORIENTED_EDGE('',*,*,#2499,.F.);
#1522=ORIENTED_EDGE('',*,*,#2500,.F.);
#1523=ORIENTED_EDGE('',*,*,#2501,.F.);
#1524=ORIENTED_EDGE('',*,*,#2502,.F.);
#1525=ORIENTED_EDGE('',*,*,#2503,.F.);
#1526=ORIENTED_EDGE('',*,*,#2504,.F.);
#1527=ORIENTED_EDGE('',*,*,#2505,.F.);
#1528=ORIENTED_EDGE('',*,*,#2506,.F.);
#1529=ORIENTED_EDGE('',*,*,#2507,.F.);
#1530=ORIENTED_EDGE('',*,*,#2231,.F.);
#1531=ORIENTED_EDGE('',*,*,#2508,.T.);
#1532=ORIENTED_EDGE('',*,*,#2481,.T.);
#1533=ORIENTED_EDGE('',*,*,#2509,.F.);
#1534=ORIENTED_EDGE('',*,*,#2510,.F.);
#1535=ORIENTED_EDGE('',*,*,#2232,.F.);
#1536=ORIENTED_EDGE('',*,*,#2509,.T.);
#1537=ORIENTED_EDGE('',*,*,#2480,.T.);
#1538=ORIENTED_EDGE('',*,*,#2511,.F.);
#1539=ORIENTED_EDGE('',*,*,#2233,.F.);
#1540=ORIENTED_EDGE('',*,*,#2510,.T.);
#1541=ORIENTED_EDGE('',*,*,#2507,.T.);
#1542=ORIENTED_EDGE('',*,*,#2512,.F.);
#1543=ORIENTED_EDGE('',*,*,#2234,.F.);
#1544=ORIENTED_EDGE('',*,*,#2511,.T.);
#1545=ORIENTED_EDGE('',*,*,#2506,.T.);
#1546=ORIENTED_EDGE('',*,*,#2513,.F.);
#1547=ORIENTED_EDGE('',*,*,#2235,.F.);
#1548=ORIENTED_EDGE('',*,*,#2512,.T.);
#1549=ORIENTED_EDGE('',*,*,#2505,.T.);
#1550=ORIENTED_EDGE('',*,*,#2514,.F.);
#1551=ORIENTED_EDGE('',*,*,#2236,.F.);
#1552=ORIENTED_EDGE('',*,*,#2513,.T.);
#1553=ORIENTED_EDGE('',*,*,#2504,.T.);
#1554=ORIENTED_EDGE('',*,*,#2515,.F.);
#1555=ORIENTED_EDGE('',*,*,#2237,.F.);
#1556=ORIENTED_EDGE('',*,*,#2514,.T.);
#1557=ORIENTED_EDGE('',*,*,#2503,.T.);
#1558=ORIENTED_EDGE('',*,*,#2516,.F.);
#1559=ORIENTED_EDGE('',*,*,#2238,.F.);
#1560=ORIENTED_EDGE('',*,*,#2515,.T.);
#1561=ORIENTED_EDGE('',*,*,#2502,.T.);
#1562=ORIENTED_EDGE('',*,*,#2517,.F.);
#1563=ORIENTED_EDGE('',*,*,#2239,.F.);
#1564=ORIENTED_EDGE('',*,*,#2516,.T.);
#1565=ORIENTED_EDGE('',*,*,#2501,.T.);
#1566=ORIENTED_EDGE('',*,*,#2518,.F.);
#1567=ORIENTED_EDGE('',*,*,#2240,.F.);
#1568=ORIENTED_EDGE('',*,*,#2517,.T.);
#1569=ORIENTED_EDGE('',*,*,#2500,.T.);
#1570=ORIENTED_EDGE('',*,*,#2519,.F.);
#1571=ORIENTED_EDGE('',*,*,#2241,.F.);
#1572=ORIENTED_EDGE('',*,*,#2518,.T.);
#1573=ORIENTED_EDGE('',*,*,#2499,.T.);
#1574=ORIENTED_EDGE('',*,*,#2520,.F.);
#1575=ORIENTED_EDGE('',*,*,#2242,.F.);
#1576=ORIENTED_EDGE('',*,*,#2519,.T.);
#1577=ORIENTED_EDGE('',*,*,#2498,.T.);
#1578=ORIENTED_EDGE('',*,*,#2521,.F.);
#1579=ORIENTED_EDGE('',*,*,#2243,.F.);
#1580=ORIENTED_EDGE('',*,*,#2520,.T.);
#1581=ORIENTED_EDGE('',*,*,#2497,.T.);
#1582=ORIENTED_EDGE('',*,*,#2522,.F.);
#1583=ORIENTED_EDGE('',*,*,#2244,.F.);
#1584=ORIENTED_EDGE('',*,*,#2521,.T.);
#1585=ORIENTED_EDGE('',*,*,#2496,.T.);
#1586=ORIENTED_EDGE('',*,*,#2523,.F.);
#1587=ORIENTED_EDGE('',*,*,#2245,.F.);
#1588=ORIENTED_EDGE('',*,*,#2522,.T.);
#1589=ORIENTED_EDGE('',*,*,#2495,.T.);
#1590=ORIENTED_EDGE('',*,*,#2524,.F.);
#1591=ORIENTED_EDGE('',*,*,#2246,.F.);
#1592=ORIENTED_EDGE('',*,*,#2523,.T.);
#1593=ORIENTED_EDGE('',*,*,#2494,.T.);
#1594=ORIENTED_EDGE('',*,*,#2525,.F.);
#1595=ORIENTED_EDGE('',*,*,#2247,.F.);
#1596=ORIENTED_EDGE('',*,*,#2524,.T.);
#1597=ORIENTED_EDGE('',*,*,#2493,.T.);
#1598=ORIENTED_EDGE('',*,*,#2526,.F.);
#1599=ORIENTED_EDGE('',*,*,#2248,.F.);
#1600=ORIENTED_EDGE('',*,*,#2525,.T.);
#1601=ORIENTED_EDGE('',*,*,#2492,.T.);
#1602=ORIENTED_EDGE('',*,*,#2527,.F.);
#1603=ORIENTED_EDGE('',*,*,#2249,.F.);
#1604=ORIENTED_EDGE('',*,*,#2526,.T.);
#1605=ORIENTED_EDGE('',*,*,#2491,.T.);
#1606=ORIENTED_EDGE('',*,*,#2528,.F.);
#1607=ORIENTED_EDGE('',*,*,#2250,.F.);
#1608=ORIENTED_EDGE('',*,*,#2527,.T.);
#1609=ORIENTED_EDGE('',*,*,#2490,.T.);
#1610=ORIENTED_EDGE('',*,*,#2529,.F.);
#1611=ORIENTED_EDGE('',*,*,#2251,.F.);
#1612=ORIENTED_EDGE('',*,*,#2528,.T.);
#1613=ORIENTED_EDGE('',*,*,#2489,.T.);
#1614=ORIENTED_EDGE('',*,*,#2530,.F.);
#1615=ORIENTED_EDGE('',*,*,#2252,.F.);
#1616=ORIENTED_EDGE('',*,*,#2529,.T.);
#1617=ORIENTED_EDGE('',*,*,#2488,.T.);
#1618=ORIENTED_EDGE('',*,*,#2531,.F.);
#1619=ORIENTED_EDGE('',*,*,#2253,.F.);
#1620=ORIENTED_EDGE('',*,*,#2530,.T.);
#1621=ORIENTED_EDGE('',*,*,#2487,.T.);
#1622=ORIENTED_EDGE('',*,*,#2532,.F.);
#1623=ORIENTED_EDGE('',*,*,#2254,.F.);
#1624=ORIENTED_EDGE('',*,*,#2531,.T.);
#1625=ORIENTED_EDGE('',*,*,#2486,.T.);
#1626=ORIENTED_EDGE('',*,*,#2533,.F.);
#1627=ORIENTED_EDGE('',*,*,#2255,.F.);
#1628=ORIENTED_EDGE('',*,*,#2532,.T.);
#1629=ORIENTED_EDGE('',*,*,#2485,.T.);
#1630=ORIENTED_EDGE('',*,*,#2534,.F.);
#1631=ORIENTED_EDGE('',*,*,#2256,.F.);
#1632=ORIENTED_EDGE('',*,*,#2533,.T.);
#1633=ORIENTED_EDGE('',*,*,#2484,.T.);
#1634=ORIENTED_EDGE('',*,*,#2535,.F.);
#1635=ORIENTED_EDGE('',*,*,#2257,.F.);
#1636=ORIENTED_EDGE('',*,*,#2534,.T.);
#1637=ORIENTED_EDGE('',*,*,#2483,.T.);
#1638=ORIENTED_EDGE('',*,*,#2508,.F.);
#1639=ORIENTED_EDGE('',*,*,#2230,.F.);
#1640=ORIENTED_EDGE('',*,*,#2535,.T.);
#1641=ORIENTED_EDGE('',*,*,#2482,.T.);
#1642=ORIENTED_EDGE('',*,*,#2402,.T.);
#1643=ORIENTED_EDGE('',*,*,#2411,.T.);
#1644=ORIENTED_EDGE('',*,*,#2408,.T.);
#1645=ORIENTED_EDGE('',*,*,#2405,.T.);
#1646=ORIENTED_EDGE('',*,*,#2536,.F.);
#1647=ORIENTED_EDGE('',*,*,#2537,.F.);
#1648=ORIENTED_EDGE('',*,*,#2538,.F.);
#1649=ORIENTED_EDGE('',*,*,#2539,.F.);
#1650=ORIENTED_EDGE('',*,*,#2540,.F.);
#1651=ORIENTED_EDGE('',*,*,#2541,.F.);
#1652=ORIENTED_EDGE('',*,*,#2542,.F.);
#1653=ORIENTED_EDGE('',*,*,#2543,.F.);
#1654=ORIENTED_EDGE('',*,*,#2544,.F.);
#1655=ORIENTED_EDGE('',*,*,#2545,.F.);
#1656=ORIENTED_EDGE('',*,*,#2546,.F.);
#1657=ORIENTED_EDGE('',*,*,#2547,.F.);
#1658=ORIENTED_EDGE('',*,*,#2163,.F.);
#1659=ORIENTED_EDGE('',*,*,#2548,.T.);
#1660=ORIENTED_EDGE('',*,*,#2541,.T.);
#1661=ORIENTED_EDGE('',*,*,#2549,.F.);
#1662=ORIENTED_EDGE('',*,*,#1932,.F.);
#1663=ORIENTED_EDGE('',*,*,#2550,.T.);
#1664=ORIENTED_EDGE('',*,*,#2537,.T.);
#1665=ORIENTED_EDGE('',*,*,#2551,.F.);
#1666=ORIENTED_EDGE('',*,*,#2552,.F.);
#1667=ORIENTED_EDGE('',*,*,#1933,.F.);
#1668=ORIENTED_EDGE('',*,*,#2551,.T.);
#1669=ORIENTED_EDGE('',*,*,#2536,.T.);
#1670=ORIENTED_EDGE('',*,*,#2553,.F.);
#1671=ORIENTED_EDGE('',*,*,#1934,.F.);
#1672=ORIENTED_EDGE('',*,*,#2552,.T.);
#1673=ORIENTED_EDGE('',*,*,#2539,.T.);
#1674=ORIENTED_EDGE('',*,*,#2550,.F.);
#1675=ORIENTED_EDGE('',*,*,#1931,.F.);
#1676=ORIENTED_EDGE('',*,*,#2553,.T.);
#1677=ORIENTED_EDGE('',*,*,#2538,.T.);
#1678=ORIENTED_EDGE('',*,*,#2554,.F.);
#1679=ORIENTED_EDGE('',*,*,#2164,.F.);
#1680=ORIENTED_EDGE('',*,*,#2549,.T.);
#1681=ORIENTED_EDGE('',*,*,#2540,.T.);
#1682=ORIENTED_EDGE('',*,*,#2555,.F.);
#1683=ORIENTED_EDGE('',*,*,#2165,.F.);
#1684=ORIENTED_EDGE('',*,*,#2554,.T.);
#1685=ORIENTED_EDGE('',*,*,#2547,.T.);
#1686=ORIENTED_EDGE('',*,*,#2556,.F.);
#1687=ORIENTED_EDGE('',*,*,#2166,.F.);
#1688=ORIENTED_EDGE('',*,*,#2555,.T.);
#1689=ORIENTED_EDGE('',*,*,#2546,.T.);
#1690=ORIENTED_EDGE('',*,*,#2557,.F.);
#1691=ORIENTED_EDGE('',*,*,#2167,.F.);
#1692=ORIENTED_EDGE('',*,*,#2556,.T.);
#1693=ORIENTED_EDGE('',*,*,#2545,.T.);
#1694=ORIENTED_EDGE('',*,*,#2558,.F.);
#1695=ORIENTED_EDGE('',*,*,#2168,.F.);
#1696=ORIENTED_EDGE('',*,*,#2557,.T.);
#1697=ORIENTED_EDGE('',*,*,#2544,.T.);
#1698=ORIENTED_EDGE('',*,*,#2559,.F.);
#1699=ORIENTED_EDGE('',*,*,#2161,.F.);
#1700=ORIENTED_EDGE('',*,*,#2558,.T.);
#1701=ORIENTED_EDGE('',*,*,#2543,.T.);
#1702=ORIENTED_EDGE('',*,*,#2548,.F.);
#1703=ORIENTED_EDGE('',*,*,#2162,.F.);
#1704=ORIENTED_EDGE('',*,*,#2559,.T.);
#1705=ORIENTED_EDGE('',*,*,#2542,.T.);
#1706=ORIENTED_EDGE('',*,*,#2560,.F.);
#1707=ORIENTED_EDGE('',*,*,#2561,.F.);
#1708=ORIENTED_EDGE('',*,*,#2562,.F.);
#1709=ORIENTED_EDGE('',*,*,#2563,.F.);
#1710=ORIENTED_EDGE('',*,*,#2564,.F.);
#1711=ORIENTED_EDGE('',*,*,#2565,.F.);
#1712=ORIENTED_EDGE('',*,*,#2566,.F.);
#1713=ORIENTED_EDGE('',*,*,#2567,.F.);
#1714=ORIENTED_EDGE('',*,*,#2568,.F.);
#1715=ORIENTED_EDGE('',*,*,#2569,.F.);
#1716=ORIENTED_EDGE('',*,*,#2570,.F.);
#1717=ORIENTED_EDGE('',*,*,#2571,.F.);
#1718=ORIENTED_EDGE('',*,*,#2572,.F.);
#1719=ORIENTED_EDGE('',*,*,#2573,.F.);
#1720=ORIENTED_EDGE('',*,*,#2574,.F.);
#1721=ORIENTED_EDGE('',*,*,#2575,.F.);
#1722=ORIENTED_EDGE('',*,*,#2576,.F.);
#1723=ORIENTED_EDGE('',*,*,#2577,.F.);
#1724=ORIENTED_EDGE('',*,*,#2578,.F.);
#1725=ORIENTED_EDGE('',*,*,#2144,.F.);
#1726=ORIENTED_EDGE('',*,*,#2579,.T.);
#1727=ORIENTED_EDGE('',*,*,#2561,.T.);
#1728=ORIENTED_EDGE('',*,*,#2580,.F.);
#1729=ORIENTED_EDGE('',*,*,#2581,.F.);
#1730=ORIENTED_EDGE('',*,*,#2145,.F.);
#1731=ORIENTED_EDGE('',*,*,#2580,.T.);
#1732=ORIENTED_EDGE('',*,*,#2560,.T.);
#1733=ORIENTED_EDGE('',*,*,#2582,.F.);
#1734=ORIENTED_EDGE('',*,*,#2146,.F.);
#1735=ORIENTED_EDGE('',*,*,#2581,.T.);
#1736=ORIENTED_EDGE('',*,*,#2578,.T.);
#1737=ORIENTED_EDGE('',*,*,#2583,.F.);
#1738=ORIENTED_EDGE('',*,*,#2147,.F.);
#1739=ORIENTED_EDGE('',*,*,#2582,.T.);
#1740=ORIENTED_EDGE('',*,*,#2577,.T.);
#1741=ORIENTED_EDGE('',*,*,#2584,.F.);
#1742=ORIENTED_EDGE('',*,*,#2148,.F.);
#1743=ORIENTED_EDGE('',*,*,#2583,.T.);
#1744=ORIENTED_EDGE('',*,*,#2576,.T.);
#1745=ORIENTED_EDGE('',*,*,#2585,.F.);
#1746=ORIENTED_EDGE('',*,*,#2149,.F.);
#1747=ORIENTED_EDGE('',*,*,#2584,.T.);
#1748=ORIENTED_EDGE('',*,*,#2575,.T.);
#1749=ORIENTED_EDGE('',*,*,#2586,.F.);
#1750=ORIENTED_EDGE('',*,*,#2150,.F.);
#1751=ORIENTED_EDGE('',*,*,#2585,.T.);
#1752=ORIENTED_EDGE('',*,*,#2574,.T.);
#1753=ORIENTED_EDGE('',*,*,#2587,.F.);
#1754=ORIENTED_EDGE('',*,*,#2151,.F.);
#1755=ORIENTED_EDGE('',*,*,#2586,.T.);
#1756=ORIENTED_EDGE('',*,*,#2573,.T.);
#1757=ORIENTED_EDGE('',*,*,#2588,.F.);
#1758=ORIENTED_EDGE('',*,*,#2152,.F.);
#1759=ORIENTED_EDGE('',*,*,#2587,.T.);
#1760=ORIENTED_EDGE('',*,*,#2572,.T.);
#1761=ORIENTED_EDGE('',*,*,#2589,.F.);
#1762=ORIENTED_EDGE('',*,*,#2153,.F.);
#1763=ORIENTED_EDGE('',*,*,#2588,.T.);
#1764=ORIENTED_EDGE('',*,*,#2571,.T.);
#1765=ORIENTED_EDGE('',*,*,#2590,.F.);
#1766=ORIENTED_EDGE('',*,*,#2154,.F.);
#1767=ORIENTED_EDGE('',*,*,#2589,.T.);
#1768=ORIENTED_EDGE('',*,*,#2570,.T.);
#1769=ORIENTED_EDGE('',*,*,#2591,.F.);
#1770=ORIENTED_EDGE('',*,*,#2155,.F.);
#1771=ORIENTED_EDGE('',*,*,#2590,.T.);
#1772=ORIENTED_EDGE('',*,*,#2569,.T.);
#1773=ORIENTED_EDGE('',*,*,#2592,.F.);
#1774=ORIENTED_EDGE('',*,*,#2156,.F.);
#1775=ORIENTED_EDGE('',*,*,#2591,.T.);
#1776=ORIENTED_EDGE('',*,*,#2568,.T.);
#1777=ORIENTED_EDGE('',*,*,#2593,.F.);
#1778=ORIENTED_EDGE('',*,*,#2157,.F.);
#1779=ORIENTED_EDGE('',*,*,#2592,.T.);
#1780=ORIENTED_EDGE('',*,*,#2567,.T.);
#1781=ORIENTED_EDGE('',*,*,#2594,.F.);
#1782=ORIENTED_EDGE('',*,*,#2158,.F.);
#1783=ORIENTED_EDGE('',*,*,#2593,.T.);
#1784=ORIENTED_EDGE('',*,*,#2566,.T.);
#1785=ORIENTED_EDGE('',*,*,#2595,.F.);
#1786=ORIENTED_EDGE('',*,*,#2159,.F.);
#1787=ORIENTED_EDGE('',*,*,#2594,.T.);
#1788=ORIENTED_EDGE('',*,*,#2565,.T.);
#1789=ORIENTED_EDGE('',*,*,#2596,.F.);
#1790=ORIENTED_EDGE('',*,*,#2160,.F.);
#1791=ORIENTED_EDGE('',*,*,#2595,.T.);
#1792=ORIENTED_EDGE('',*,*,#2564,.T.);
#1793=ORIENTED_EDGE('',*,*,#2597,.F.);
#1794=ORIENTED_EDGE('',*,*,#2142,.F.);
#1795=ORIENTED_EDGE('',*,*,#2596,.T.);
#1796=ORIENTED_EDGE('',*,*,#2563,.T.);
#1797=ORIENTED_EDGE('',*,*,#2579,.F.);
#1798=ORIENTED_EDGE('',*,*,#2143,.F.);
#1799=ORIENTED_EDGE('',*,*,#2597,.T.);
#1800=ORIENTED_EDGE('',*,*,#2562,.T.);
#1801=ORIENTED_EDGE('',*,*,#2598,.F.);
#1802=ORIENTED_EDGE('',*,*,#2599,.F.);
#1803=ORIENTED_EDGE('',*,*,#2600,.F.);
#1804=ORIENTED_EDGE('',*,*,#2601,.F.);
#1805=ORIENTED_EDGE('',*,*,#2602,.F.);
#1806=ORIENTED_EDGE('',*,*,#2603,.F.);
#1807=ORIENTED_EDGE('',*,*,#2604,.F.);
#1808=ORIENTED_EDGE('',*,*,#2605,.F.);
#1809=ORIENTED_EDGE('',*,*,#2606,.F.);
#1810=ORIENTED_EDGE('',*,*,#2607,.F.);
#1811=ORIENTED_EDGE('',*,*,#2608,.F.);
#1812=ORIENTED_EDGE('',*,*,#2609,.F.);
#1813=ORIENTED_EDGE('',*,*,#2132,.F.);
#1814=ORIENTED_EDGE('',*,*,#2610,.T.);
#1815=ORIENTED_EDGE('',*,*,#2599,.T.);
#1816=ORIENTED_EDGE('',*,*,#2611,.F.);
#1817=ORIENTED_EDGE('',*,*,#2612,.F.);
#1818=ORIENTED_EDGE('',*,*,#2133,.F.);
#1819=ORIENTED_EDGE('',*,*,#2611,.T.);
#1820=ORIENTED_EDGE('',*,*,#2598,.T.);
#1821=ORIENTED_EDGE('',*,*,#2613,.F.);
#1822=ORIENTED_EDGE('',*,*,#2134,.F.);
#1823=ORIENTED_EDGE('',*,*,#2612,.T.);
#1824=ORIENTED_EDGE('',*,*,#2609,.T.);
#1825=ORIENTED_EDGE('',*,*,#2614,.F.);
#1826=ORIENTED_EDGE('',*,*,#2135,.F.);
#1827=ORIENTED_EDGE('',*,*,#2613,.T.);
#1828=ORIENTED_EDGE('',*,*,#2608,.T.);
#1829=ORIENTED_EDGE('',*,*,#2615,.F.);
#1830=ORIENTED_EDGE('',*,*,#2136,.F.);
#1831=ORIENTED_EDGE('',*,*,#2614,.T.);
#1832=ORIENTED_EDGE('',*,*,#2607,.T.);
#1833=ORIENTED_EDGE('',*,*,#2616,.F.);
#1834=ORIENTED_EDGE('',*,*,#2137,.F.);
#1835=ORIENTED_EDGE('',*,*,#2615,.T.);
#1836=ORIENTED_EDGE('',*,*,#2606,.T.);
#1837=ORIENTED_EDGE('',*,*,#2617,.F.);
#1838=ORIENTED_EDGE('',*,*,#2138,.F.);
#1839=ORIENTED_EDGE('',*,*,#2616,.T.);
#1840=ORIENTED_EDGE('',*,*,#2605,.T.);
#1841=ORIENTED_EDGE('',*,*,#2618,.F.);
#1842=ORIENTED_EDGE('',*,*,#2139,.F.);
#1843=ORIENTED_EDGE('',*,*,#2617,.T.);
#1844=ORIENTED_EDGE('',*,*,#2604,.T.);
#1845=ORIENTED_EDGE('',*,*,#2619,.F.);
#1846=ORIENTED_EDGE('',*,*,#2140,.F.);
#1847=ORIENTED_EDGE('',*,*,#2618,.T.);
#1848=ORIENTED_EDGE('',*,*,#2603,.T.);
#1849=ORIENTED_EDGE('',*,*,#2620,.F.);
#1850=ORIENTED_EDGE('',*,*,#2141,.F.);
#1851=ORIENTED_EDGE('',*,*,#2619,.T.);
#1852=ORIENTED_EDGE('',*,*,#2602,.T.);
#1853=ORIENTED_EDGE('',*,*,#2621,.F.);
#1854=ORIENTED_EDGE('',*,*,#2130,.F.);
#1855=ORIENTED_EDGE('',*,*,#2620,.T.);
#1856=ORIENTED_EDGE('',*,*,#2601,.T.);
#1857=ORIENTED_EDGE('',*,*,#2610,.F.);
#1858=ORIENTED_EDGE('',*,*,#2131,.F.);
#1859=ORIENTED_EDGE('',*,*,#2621,.T.);
#1860=ORIENTED_EDGE('',*,*,#2600,.T.);
#1861=ORIENTED_EDGE('',*,*,#1918,.T.);
#1862=ORIENTED_EDGE('',*,*,#1927,.T.);
#1863=ORIENTED_EDGE('',*,*,#1924,.T.);
#1864=ORIENTED_EDGE('',*,*,#1921,.T.);
#1865=EDGE_CURVE('',#2622,#2623,#3136,.T.);
#1866=EDGE_CURVE('',#2624,#2622,#3137,.T.);
#1867=EDGE_CURVE('',#2624,#2625,#3138,.T.);
#1868=EDGE_CURVE('',#2625,#2623,#3139,.T.);
#1869=EDGE_CURVE('',#2626,#2624,#3140,.T.);
#1870=EDGE_CURVE('',#2626,#2627,#3141,.T.);
#1871=EDGE_CURVE('',#2627,#2625,#3142,.T.);
#1872=EDGE_CURVE('',#2628,#2626,#3143,.T.);
#1873=EDGE_CURVE('',#2628,#2629,#3144,.T.);
#1874=EDGE_CURVE('',#2629,#2627,#3145,.F.);
#1875=EDGE_CURVE('',#2622,#2628,#3146,.T.);
#1876=EDGE_CURVE('',#2623,#2629,#3147,.F.);
#1877=EDGE_CURVE('',#2630,#2631,#3148,.T.);
#1878=EDGE_CURVE('',#2632,#2630,#3149,.T.);
#1879=EDGE_CURVE('',#2632,#2633,#3150,.T.);
#1880=EDGE_CURVE('',#2633,#2631,#3151,.T.);
#1881=EDGE_CURVE('',#2634,#2632,#3152,.T.);
#1882=EDGE_CURVE('',#2634,#2635,#3153,.T.);
#1883=EDGE_CURVE('',#2635,#2633,#3154,.F.);
#1884=EDGE_CURVE('',#2636,#2634,#3155,.T.);
#1885=EDGE_CURVE('',#2636,#2637,#3156,.T.);
#1886=EDGE_CURVE('',#2637,#2635,#3157,.T.);
#1887=EDGE_CURVE('',#2638,#2636,#3158,.T.);
#1888=EDGE_CURVE('',#2638,#2639,#3159,.T.);
#1889=EDGE_CURVE('',#2639,#2637,#3160,.T.);
#1890=EDGE_CURVE('',#2640,#2638,#3161,.T.);
#1891=EDGE_CURVE('',#2640,#2641,#3162,.T.);
#1892=EDGE_CURVE('',#2641,#2639,#3163,.F.);
#1893=EDGE_CURVE('',#2630,#2640,#3164,.T.);
#1894=EDGE_CURVE('',#2631,#2641,#3165,.F.);
#1895=EDGE_CURVE('',#2642,#2643,#3166,.T.);
#1896=EDGE_CURVE('',#2644,#2642,#3167,.T.);
#1897=EDGE_CURVE('',#2644,#2645,#3168,.T.);
#1898=EDGE_CURVE('',#2645,#2643,#3169,.T.);
#1899=EDGE_CURVE('',#2646,#2644,#3170,.T.);
#1900=EDGE_CURVE('',#2646,#2647,#3171,.T.);
#1901=EDGE_CURVE('',#2647,#2645,#3172,.T.);
#1902=EDGE_CURVE('',#2648,#2646,#3173,.T.);
#1903=EDGE_CURVE('',#2648,#2649,#3174,.T.);
#1904=EDGE_CURVE('',#2649,#2647,#3175,.F.);
#1905=EDGE_CURVE('',#2650,#2648,#3176,.T.);
#1906=EDGE_CURVE('',#2650,#2651,#3177,.T.);
#1907=EDGE_CURVE('',#2651,#2649,#3178,.T.);
#1908=EDGE_CURVE('',#2652,#2650,#3179,.T.);
#1909=EDGE_CURVE('',#2652,#2653,#3180,.T.);
#1910=EDGE_CURVE('',#2653,#2651,#3181,.F.);
#1911=EDGE_CURVE('',#2654,#2652,#3182,.T.);
#1912=EDGE_CURVE('',#2654,#2655,#3183,.T.);
#1913=EDGE_CURVE('',#2655,#2653,#3184,.T.);
#1914=EDGE_CURVE('',#2656,#2654,#3185,.T.);
#1915=EDGE_CURVE('',#2656,#2657,#3186,.T.);
#1916=EDGE_CURVE('',#2657,#2655,#3187,.F.);
#1917=EDGE_CURVE('',#2658,#2659,#164,.F.);
#1918=EDGE_CURVE('',#2660,#2658,#68,.F.);
#1919=EDGE_CURVE('',#2660,#2661,#165,.F.);
#1920=EDGE_CURVE('',#2661,#2659,#69,.F.);
#1921=EDGE_CURVE('',#2662,#2660,#3188,.F.);
#1922=EDGE_CURVE('',#2662,#2663,#3189,.T.);
#1923=EDGE_CURVE('',#2663,#2661,#3190,.F.);
#1924=EDGE_CURVE('',#2664,#2662,#3191,.T.);
#1925=EDGE_CURVE('',#2664,#2665,#3192,.T.);
#1926=EDGE_CURVE('',#2665,#2663,#3193,.T.);
#1927=EDGE_CURVE('',#2658,#2664,#166,.T.);
#1928=EDGE_CURVE('',#2659,#2665,#167,.T.);
#1929=EDGE_CURVE('',#2642,#2656,#3194,.T.);
#1930=EDGE_CURVE('',#2643,#2657,#3195,.T.);
#1931=EDGE_CURVE('',#2666,#2667,#70,.F.);
#1932=EDGE_CURVE('',#2667,#2668,#168,.T.);
#1933=EDGE_CURVE('',#2668,#2669,#3196,.T.);
#1934=EDGE_CURVE('',#2669,#2666,#3197,.F.);
#1935=EDGE_CURVE('',#2670,#2671,#3198,.T.);
#1936=EDGE_CURVE('',#2672,#2670,#3199,.T.);
#1937=EDGE_CURVE('',#2672,#2673,#169,.T.);
#1938=EDGE_CURVE('',#2673,#2671,#3200,.T.);
#1939=EDGE_CURVE('',#2674,#2672,#71,.F.);
#1940=EDGE_CURVE('',#2674,#2675,#3201,.T.);
#1941=EDGE_CURVE('',#2675,#2673,#72,.F.);
#1942=EDGE_CURVE('',#2676,#2674,#3202,.T.);
#1943=EDGE_CURVE('',#2676,#2677,#3203,.T.);
#1944=EDGE_CURVE('',#2677,#2675,#3204,.T.);
#1945=EDGE_CURVE('',#2678,#2676,#3205,.T.);
#1946=EDGE_CURVE('',#2678,#2679,#3206,.T.);
#1947=EDGE_CURVE('',#2679,#2677,#3207,.T.);
#1948=EDGE_CURVE('',#2680,#2678,#3208,.T.);
#1949=EDGE_CURVE('',#2680,#2681,#3209,.T.);
#1950=EDGE_CURVE('',#2681,#2679,#3210,.T.);
#1951=EDGE_CURVE('',#2682,#2680,#3211,.T.);
#1952=EDGE_CURVE('',#2682,#2683,#3212,.T.);
#1953=EDGE_CURVE('',#2683,#2681,#3213,.T.);
#1954=EDGE_CURVE('',#2684,#2682,#3214,.T.);
#1955=EDGE_CURVE('',#2684,#2685,#3215,.T.);
#1956=EDGE_CURVE('',#2685,#2683,#3216,.F.);
#1957=EDGE_CURVE('',#2686,#2684,#3217,.T.);
#1958=EDGE_CURVE('',#2686,#2687,#3218,.T.);
#1959=EDGE_CURVE('',#2687,#2685,#3219,.F.);
#1960=EDGE_CURVE('',#2688,#2686,#170,.T.);
#1961=EDGE_CURVE('',#2688,#2689,#3220,.T.);
#1962=EDGE_CURVE('',#2689,#2687,#171,.T.);
#1963=EDGE_CURVE('',#2690,#2688,#3221,.T.);
#1964=EDGE_CURVE('',#2690,#2691,#3222,.T.);
#1965=EDGE_CURVE('',#2691,#2689,#3223,.F.);
#1966=EDGE_CURVE('',#2692,#2690,#3224,.T.);
#1967=EDGE_CURVE('',#2692,#2693,#3225,.T.);
#1968=EDGE_CURVE('',#2693,#2691,#3226,.T.);
#1969=EDGE_CURVE('',#2694,#2692,#3227,.T.);
#1970=EDGE_CURVE('',#2694,#2695,#3228,.T.);
#1971=EDGE_CURVE('',#2695,#2693,#3229,.F.);
#1972=EDGE_CURVE('',#2696,#2694,#3230,.T.);
#1973=EDGE_CURVE('',#2696,#2697,#3231,.T.);
#1974=EDGE_CURVE('',#2697,#2695,#3232,.F.);
#1975=EDGE_CURVE('',#2670,#2696,#3233,.T.);
#1976=EDGE_CURVE('',#2671,#2697,#3234,.T.);
#1977=EDGE_CURVE('',#2698,#2699,#3235,.T.);
#1978=EDGE_CURVE('',#2700,#2698,#3236,.T.);
#1979=EDGE_CURVE('',#2700,#2701,#3237,.T.);
#1980=EDGE_CURVE('',#2701,#2699,#3238,.T.);
#1981=EDGE_CURVE('',#2702,#2700,#3239,.T.);
#1982=EDGE_CURVE('',#2702,#2703,#3240,.T.);
#1983=EDGE_CURVE('',#2703,#2701,#3241,.T.);
#1984=EDGE_CURVE('',#2704,#2702,#3242,.T.);
#1985=EDGE_CURVE('',#2704,#2705,#3243,.T.);
#1986=EDGE_CURVE('',#2705,#2703,#3244,.F.);
#1987=EDGE_CURVE('',#2698,#2704,#3245,.T.);
#1988=EDGE_CURVE('',#2699,#2705,#3246,.F.);
#1989=EDGE_CURVE('',#2706,#2707,#3247,.T.);
#1990=EDGE_CURVE('',#2708,#2706,#3248,.T.);
#1991=EDGE_CURVE('',#2708,#2709,#3249,.T.);
#1992=EDGE_CURVE('',#2709,#2707,#3250,.T.);
#1993=EDGE_CURVE('',#2710,#2708,#3251,.T.);
#1994=EDGE_CURVE('',#2710,#2711,#3252,.T.);
#1995=EDGE_CURVE('',#2711,#2709,#3253,.T.);
#1996=EDGE_CURVE('',#2712,#2710,#3254,.T.);
#1997=EDGE_CURVE('',#2712,#2713,#3255,.T.);
#1998=EDGE_CURVE('',#2713,#2711,#3256,.T.);
#1999=EDGE_CURVE('',#2714,#2712,#3257,.T.);
#2000=EDGE_CURVE('',#2714,#2715,#3258,.T.);
#2001=EDGE_CURVE('',#2715,#2713,#3259,.F.);
#2002=EDGE_CURVE('',#2716,#2714,#3260,.T.);
#2003=EDGE_CURVE('',#2716,#2717,#3261,.T.);
#2004=EDGE_CURVE('',#2717,#2715,#3262,.T.);
#2005=EDGE_CURVE('',#2718,#2716,#3263,.T.);
#2006=EDGE_CURVE('',#2718,#2719,#3264,.T.);
#2007=EDGE_CURVE('',#2719,#2717,#3265,.T.);
#2008=EDGE_CURVE('',#2720,#2718,#3266,.T.);
#2009=EDGE_CURVE('',#2720,#2721,#3267,.T.);
#2010=EDGE_CURVE('',#2721,#2719,#3268,.F.);
#2011=EDGE_CURVE('',#2722,#2720,#3269,.T.);
#2012=EDGE_CURVE('',#2722,#2723,#3270,.T.);
#2013=EDGE_CURVE('',#2723,#2721,#3271,.F.);
#2014=EDGE_CURVE('',#2724,#2722,#3272,.T.);
#2015=EDGE_CURVE('',#2724,#2725,#3273,.T.);
#2016=EDGE_CURVE('',#2725,#2723,#3274,.T.);
#2017=EDGE_CURVE('',#2726,#2724,#3275,.T.);
#2018=EDGE_CURVE('',#2726,#2727,#3276,.T.);
#2019=EDGE_CURVE('',#2727,#2725,#3277,.T.);
#2020=EDGE_CURVE('',#2728,#2726,#3278,.T.);
#2021=EDGE_CURVE('',#2728,#2729,#3279,.T.);
#2022=EDGE_CURVE('',#2729,#2727,#3280,.F.);
#2023=EDGE_CURVE('',#2730,#2728,#3281,.T.);
#2024=EDGE_CURVE('',#2730,#2731,#3282,.T.);
#2025=EDGE_CURVE('',#2731,#2729,#3283,.T.);
#2026=EDGE_CURVE('',#2706,#2730,#3284,.T.);
#2027=EDGE_CURVE('',#2707,#2731,#3285,.T.);
#2028=EDGE_CURVE('',#2732,#2733,#3286,.T.);
#2029=EDGE_CURVE('',#2734,#2732,#172,.T.);
#2030=EDGE_CURVE('',#2734,#2735,#3287,.T.);
#2031=EDGE_CURVE('',#2735,#2733,#173,.T.);
#2032=EDGE_CURVE('',#2736,#2734,#174,.T.);
#2033=EDGE_CURVE('',#2736,#2737,#3288,.T.);
#2034=EDGE_CURVE('',#2737,#2735,#175,.T.);
#2035=EDGE_CURVE('',#2738,#2736,#176,.T.);
#2036=EDGE_CURVE('',#2738,#2739,#3289,.T.);
#2037=EDGE_CURVE('',#2739,#2737,#177,.T.);
#2038=EDGE_CURVE('',#2740,#2738,#178,.T.);
#2039=EDGE_CURVE('',#2740,#2741,#3290,.T.);
#2040=EDGE_CURVE('',#2741,#2739,#179,.T.);
#2041=EDGE_CURVE('',#2742,#2740,#3291,.T.);
#2042=EDGE_CURVE('',#2742,#2743,#3292,.T.);
#2043=EDGE_CURVE('',#2743,#2741,#3293,.T.);
#2044=EDGE_CURVE('',#2744,#2742,#3294,.T.);
#2045=EDGE_CURVE('',#2744,#2745,#3295,.T.);
#2046=EDGE_CURVE('',#2745,#2743,#3296,.F.);
#2047=EDGE_CURVE('',#2746,#2747,#3297,.T.);
#2048=EDGE_CURVE('',#2748,#2746,#3298,.T.);
#2049=EDGE_CURVE('',#2748,#2749,#3299,.T.);
#2050=EDGE_CURVE('',#2749,#2747,#3300,.F.);
#2051=EDGE_CURVE('',#2750,#2748,#3301,.T.);
#2052=EDGE_CURVE('',#2750,#2751,#3302,.T.);
#2053=EDGE_CURVE('',#2751,#2749,#3303,.T.);
#2054=EDGE_CURVE('',#2752,#2750,#180,.T.);
#2055=EDGE_CURVE('',#2752,#2753,#181,.F.);
#2056=EDGE_CURVE('',#2753,#2751,#182,.T.);
#2057=EDGE_CURVE('',#2754,#2752,#73,.F.);
#2058=EDGE_CURVE('',#2754,#2755,#183,.T.);
#2059=EDGE_CURVE('',#2755,#2753,#74,.F.);
#2060=EDGE_CURVE('',#2756,#2754,#184,.T.);
#2061=EDGE_CURVE('',#2756,#2757,#3304,.T.);
#2062=EDGE_CURVE('',#2757,#2755,#185,.T.);
#2063=EDGE_CURVE('',#2758,#2756,#186,.T.);
#2064=EDGE_CURVE('',#2758,#2759,#3305,.T.);
#2065=EDGE_CURVE('',#2759,#2757,#187,.T.);
#2066=EDGE_CURVE('',#2760,#2758,#3306,.T.);
#2067=EDGE_CURVE('',#2760,#2761,#3307,.T.);
#2068=EDGE_CURVE('',#2761,#2759,#3308,.T.);
#2069=EDGE_CURVE('',#2762,#2760,#3309,.T.);
#2070=EDGE_CURVE('',#2762,#2763,#3310,.T.);
#2071=EDGE_CURVE('',#2763,#2761,#3311,.T.);
#2072=EDGE_CURVE('',#2764,#2762,#3312,.T.);
#2073=EDGE_CURVE('',#2764,#2765,#3313,.T.);
#2074=EDGE_CURVE('',#2765,#2763,#3314,.F.);
#2075=EDGE_CURVE('',#2766,#2764,#3315,.T.);
#2076=EDGE_CURVE('',#2766,#2767,#3316,.T.);
#2077=EDGE_CURVE('',#2767,#2765,#3317,.F.);
#2078=EDGE_CURVE('',#2768,#2766,#3318,.T.);
#2079=EDGE_CURVE('',#2768,#2769,#3319,.T.);
#2080=EDGE_CURVE('',#2769,#2767,#3320,.F.);
#2081=EDGE_CURVE('',#2746,#2768,#3321,.T.);
#2082=EDGE_CURVE('',#2747,#2769,#3322,.T.);
#2083=EDGE_CURVE('',#2732,#2744,#3323,.T.);
#2084=EDGE_CURVE('',#2733,#2745,#3324,.F.);
#2085=EDGE_CURVE('',#2770,#2771,#3325,.T.);
#2086=EDGE_CURVE('',#2772,#2770,#188,.T.);
#2087=EDGE_CURVE('',#2772,#2773,#3326,.T.);
#2088=EDGE_CURVE('',#2773,#2771,#189,.T.);
#2089=EDGE_CURVE('',#2774,#2772,#190,.T.);
#2090=EDGE_CURVE('',#2774,#2775,#3327,.T.);
#2091=EDGE_CURVE('',#2775,#2773,#191,.T.);
#2092=EDGE_CURVE('',#2776,#2774,#192,.T.);
#2093=EDGE_CURVE('',#2776,#2777,#3328,.T.);
#2094=EDGE_CURVE('',#2777,#2775,#193,.T.);
#2095=EDGE_CURVE('',#2778,#2776,#194,.T.);
#2096=EDGE_CURVE('',#2778,#2779,#3329,.T.);
#2097=EDGE_CURVE('',#2779,#2777,#195,.T.);
#2098=EDGE_CURVE('',#2780,#2778,#3330,.T.);
#2099=EDGE_CURVE('',#2780,#2781,#3331,.T.);
#2100=EDGE_CURVE('',#2781,#2779,#3332,.F.);
#2101=EDGE_CURVE('',#2782,#2780,#3333,.T.);
#2102=EDGE_CURVE('',#2782,#2783,#3334,.T.);
#2103=EDGE_CURVE('',#2783,#2781,#3335,.T.);
#2104=EDGE_CURVE('',#2784,#2782,#3336,.T.);
#2105=EDGE_CURVE('',#2784,#2785,#3337,.T.);
#2106=EDGE_CURVE('',#2785,#2783,#3338,.T.);
#2107=EDGE_CURVE('',#2786,#2784,#196,.T.);
#2108=EDGE_CURVE('',#2786,#2787,#3339,.T.);
#2109=EDGE_CURVE('',#2787,#2785,#197,.T.);
#2110=EDGE_CURVE('',#2788,#2786,#198,.T.);
#2111=EDGE_CURVE('',#2788,#2789,#3340,.T.);
#2112=EDGE_CURVE('',#2789,#2787,#199,.T.);
#2113=EDGE_CURVE('',#2790,#2788,#200,.T.);
#2114=EDGE_CURVE('',#2790,#2791,#201,.F.);
#2115=EDGE_CURVE('',#2791,#2789,#202,.T.);
#2116=EDGE_CURVE('',#2792,#2790,#75,.F.);
#2117=EDGE_CURVE('',#2792,#2793,#203,.T.);
#2118=EDGE_CURVE('',#2793,#2791,#76,.F.);
#2119=EDGE_CURVE('',#2794,#2792,#204,.T.);
#2120=EDGE_CURVE('',#2794,#2795,#3341,.T.);
#2121=EDGE_CURVE('',#2795,#2793,#205,.T.);
#2122=EDGE_CURVE('',#2796,#2794,#3342,.T.);
#2123=EDGE_CURVE('',#2796,#2797,#3343,.T.);
#2124=EDGE_CURVE('',#2797,#2795,#3344,.F.);
#2125=EDGE_CURVE('',#2798,#2796,#3345,.T.);
#2126=EDGE_CURVE('',#2798,#2799,#3346,.T.);
#2127=EDGE_CURVE('',#2799,#2797,#3347,.T.);
#2128=EDGE_CURVE('',#2770,#2798,#3348,.T.);
#2129=EDGE_CURVE('',#2771,#2799,#3349,.T.);
#2130=EDGE_CURVE('',#2800,#2801,#3350,.T.);
#2131=EDGE_CURVE('',#2801,#2802,#3351,.T.);
#2132=EDGE_CURVE('',#2802,#2803,#3352,.T.);
#2133=EDGE_CURVE('',#2803,#2804,#3353,.T.);
#2134=EDGE_CURVE('',#2804,#2805,#3354,.T.);
#2135=EDGE_CURVE('',#2805,#2806,#3355,.T.);
#2136=EDGE_CURVE('',#2806,#2807,#3356,.T.);
#2137=EDGE_CURVE('',#2807,#2808,#3357,.T.);
#2138=EDGE_CURVE('',#2808,#2809,#3358,.T.);
#2139=EDGE_CURVE('',#2809,#2810,#3359,.T.);
#2140=EDGE_CURVE('',#2810,#2811,#3360,.T.);
#2141=EDGE_CURVE('',#2811,#2800,#3361,.T.);
#2142=EDGE_CURVE('',#2812,#2813,#77,.F.);
#2143=EDGE_CURVE('',#2813,#2814,#3362,.T.);
#2144=EDGE_CURVE('',#2814,#2815,#3363,.T.);
#2145=EDGE_CURVE('',#2815,#2816,#3364,.T.);
#2146=EDGE_CURVE('',#2816,#2817,#3365,.T.);
#2147=EDGE_CURVE('',#2817,#2818,#3366,.T.);
#2148=EDGE_CURVE('',#2818,#2819,#206,.T.);
#2149=EDGE_CURVE('',#2819,#2820,#3367,.T.);
#2150=EDGE_CURVE('',#2820,#2821,#3368,.T.);
#2151=EDGE_CURVE('',#2821,#2822,#3369,.T.);
#2152=EDGE_CURVE('',#2822,#2823,#3370,.T.);
#2153=EDGE_CURVE('',#2823,#2824,#3371,.T.);
#2154=EDGE_CURVE('',#2824,#2825,#3372,.T.);
#2155=EDGE_CURVE('',#2825,#2826,#3373,.T.);
#2156=EDGE_CURVE('',#2826,#2827,#3374,.T.);
#2157=EDGE_CURVE('',#2827,#2828,#3375,.T.);
#2158=EDGE_CURVE('',#2828,#2829,#3376,.T.);
#2159=EDGE_CURVE('',#2829,#2830,#3377,.T.);
#2160=EDGE_CURVE('',#2830,#2812,#78,.F.);
#2161=EDGE_CURVE('',#2831,#2832,#3378,.T.);
#2162=EDGE_CURVE('',#2832,#2833,#3379,.T.);
#2163=EDGE_CURVE('',#2833,#2834,#3380,.T.);
#2164=EDGE_CURVE('',#2834,#2835,#3381,.T.);
#2165=EDGE_CURVE('',#2835,#2836,#3382,.T.);
#2166=EDGE_CURVE('',#2836,#2837,#3383,.T.);
#2167=EDGE_CURVE('',#2837,#2838,#3384,.T.);
#2168=EDGE_CURVE('',#2838,#2831,#3385,.T.);
#2169=EDGE_CURVE('',#2839,#2840,#207,.T.);
#2170=EDGE_CURVE('',#2840,#2841,#208,.T.);
#2171=EDGE_CURVE('',#2841,#2842,#209,.T.);
#2172=EDGE_CURVE('',#2842,#2843,#210,.T.);
#2173=EDGE_CURVE('',#2843,#2844,#211,.T.);
#2174=EDGE_CURVE('',#2844,#2845,#212,.T.);
#2175=EDGE_CURVE('',#2845,#2846,#3386,.T.);
#2176=EDGE_CURVE('',#2846,#2847,#213,.T.);
#2177=EDGE_CURVE('',#2847,#2848,#79,.T.);
#2178=EDGE_CURVE('',#2848,#2849,#214,.T.);
#2179=EDGE_CURVE('',#2849,#2850,#215,.T.);
#2180=EDGE_CURVE('',#2850,#2851,#80,.T.);
#2181=EDGE_CURVE('',#2851,#2852,#81,.T.);
#2182=EDGE_CURVE('',#2852,#2853,#216,.T.);
#2183=EDGE_CURVE('',#2853,#2854,#217,.T.);
#2184=EDGE_CURVE('',#2854,#2855,#82,.F.);
#2185=EDGE_CURVE('',#2855,#2856,#83,.F.);
#2186=EDGE_CURVE('',#2856,#2857,#218,.T.);
#2187=EDGE_CURVE('',#2857,#2858,#219,.T.);
#2188=EDGE_CURVE('',#2858,#2859,#84,.F.);
#2189=EDGE_CURVE('',#2859,#2860,#85,.F.);
#2190=EDGE_CURVE('',#2860,#2861,#3387,.T.);
#2191=EDGE_CURVE('',#2861,#2862,#86,.T.);
#2192=EDGE_CURVE('',#2862,#2863,#87,.T.);
#2193=EDGE_CURVE('',#2863,#2864,#220,.T.);
#2194=EDGE_CURVE('',#2864,#2865,#88,.T.);
#2195=EDGE_CURVE('',#2865,#2866,#89,.T.);
#2196=EDGE_CURVE('',#2866,#2839,#90,.T.);
#2197=EDGE_CURVE('',#2867,#2868,#3388,.T.);
#2198=EDGE_CURVE('',#2868,#2869,#3389,.T.);
#2199=EDGE_CURVE('',#2869,#2870,#3390,.T.);
#2200=EDGE_CURVE('',#2870,#2871,#3391,.T.);
#2201=EDGE_CURVE('',#2871,#2872,#3392,.T.);
#2202=EDGE_CURVE('',#2872,#2873,#3393,.T.);
#2203=EDGE_CURVE('',#2873,#2874,#3394,.T.);
#2204=EDGE_CURVE('',#2874,#2867,#3395,.T.);
#2205=EDGE_CURVE('',#2875,#2875,#91,.T.);
#2206=EDGE_CURVE('',#2876,#2876,#92,.T.);
#2207=EDGE_CURVE('',#2877,#2877,#93,.F.);
#2208=EDGE_CURVE('',#2878,#2878,#94,.F.);
#2209=EDGE_CURVE('',#2879,#2879,#95,.F.);
#2210=EDGE_CURVE('',#2880,#2880,#96,.F.);
#2211=EDGE_CURVE('',#2881,#2881,#97,.F.);
#2212=EDGE_CURVE('',#2882,#2882,#98,.F.);
#2213=EDGE_CURVE('',#2883,#2884,#3396,.T.);
#2214=EDGE_CURVE('',#2884,#2885,#3397,.T.);
#2215=EDGE_CURVE('',#2885,#2886,#3398,.T.);
#2216=EDGE_CURVE('',#2886,#2887,#3399,.T.);
#2217=EDGE_CURVE('',#2887,#2888,#3400,.T.);
#2218=EDGE_CURVE('',#2888,#2889,#3401,.T.);
#2219=EDGE_CURVE('',#2889,#2890,#3402,.T.);
#2220=EDGE_CURVE('',#2890,#2883,#3403,.T.);
#2221=EDGE_CURVE('',#2891,#2892,#3404,.T.);
#2222=EDGE_CURVE('',#2892,#2893,#3405,.T.);
#2223=EDGE_CURVE('',#2893,#2894,#3406,.T.);
#2224=EDGE_CURVE('',#2894,#2895,#3407,.T.);
#2225=EDGE_CURVE('',#2895,#2896,#3408,.T.);
#2226=EDGE_CURVE('',#2896,#2897,#3409,.T.);
#2227=EDGE_CURVE('',#2897,#2898,#3410,.T.);
#2228=EDGE_CURVE('',#2898,#2899,#3411,.T.);
#2229=EDGE_CURVE('',#2899,#2891,#3412,.T.);
#2230=EDGE_CURVE('',#2900,#2901,#221,.T.);
#2231=EDGE_CURVE('',#2901,#2902,#222,.T.);
#2232=EDGE_CURVE('',#2902,#2903,#223,.T.);
#2233=EDGE_CURVE('',#2903,#2904,#224,.T.);
#2234=EDGE_CURVE('',#2904,#2905,#225,.T.);
#2235=EDGE_CURVE('',#2905,#2906,#226,.T.);
#2236=EDGE_CURVE('',#2906,#2907,#3413,.T.);
#2237=EDGE_CURVE('',#2907,#2908,#99,.T.);
#2238=EDGE_CURVE('',#2908,#2909,#100,.T.);
#2239=EDGE_CURVE('',#2909,#2910,#227,.T.);
#2240=EDGE_CURVE('',#2910,#2911,#228,.T.);
#2241=EDGE_CURVE('',#2911,#2912,#101,.T.);
#2242=EDGE_CURVE('',#2912,#2913,#102,.T.);
#2243=EDGE_CURVE('',#2913,#2914,#229,.T.);
#2244=EDGE_CURVE('',#2914,#2915,#230,.T.);
#2245=EDGE_CURVE('',#2915,#2916,#103,.F.);
#2246=EDGE_CURVE('',#2916,#2917,#104,.F.);
#2247=EDGE_CURVE('',#2917,#2918,#231,.T.);
#2248=EDGE_CURVE('',#2918,#2919,#232,.T.);
#2249=EDGE_CURVE('',#2919,#2920,#105,.F.);
#2250=EDGE_CURVE('',#2920,#2921,#106,.F.);
#2251=EDGE_CURVE('',#2921,#2922,#3414,.T.);
#2252=EDGE_CURVE('',#2922,#2923,#107,.T.);
#2253=EDGE_CURVE('',#2923,#2924,#108,.T.);
#2254=EDGE_CURVE('',#2924,#2925,#233,.T.);
#2255=EDGE_CURVE('',#2925,#2926,#109,.T.);
#2256=EDGE_CURVE('',#2926,#2927,#110,.T.);
#2257=EDGE_CURVE('',#2927,#2900,#111,.T.);
#2258=EDGE_CURVE('',#2928,#2929,#3415,.T.);
#2259=EDGE_CURVE('',#2929,#2930,#3416,.T.);
#2260=EDGE_CURVE('',#2930,#2931,#3417,.T.);
#2261=EDGE_CURVE('',#2931,#2928,#3418,.T.);
#2262=EDGE_CURVE('',#2932,#2933,#3419,.T.);
#2263=EDGE_CURVE('',#2933,#2934,#3420,.T.);
#2264=EDGE_CURVE('',#2934,#2935,#3421,.T.);
#2265=EDGE_CURVE('',#2935,#2936,#3422,.T.);
#2266=EDGE_CURVE('',#2936,#2937,#3423,.T.);
#2267=EDGE_CURVE('',#2937,#2938,#3424,.T.);
#2268=EDGE_CURVE('',#2938,#2939,#3425,.T.);
#2269=EDGE_CURVE('',#2939,#2940,#3426,.T.);
#2270=EDGE_CURVE('',#2940,#2941,#3427,.T.);
#2271=EDGE_CURVE('',#2941,#2942,#3428,.T.);
#2272=EDGE_CURVE('',#2942,#2943,#3429,.T.);
#2273=EDGE_CURVE('',#2943,#2932,#3430,.T.);
#2274=EDGE_CURVE('',#2944,#2945,#3431,.T.);
#2275=EDGE_CURVE('',#2945,#2946,#3432,.T.);
#2276=EDGE_CURVE('',#2946,#2947,#3433,.T.);
#2277=EDGE_CURVE('',#2947,#2948,#3434,.T.);
#2278=EDGE_CURVE('',#2948,#2949,#3435,.T.);
#2279=EDGE_CURVE('',#2949,#2950,#3436,.T.);
#2280=EDGE_CURVE('',#2950,#2951,#3437,.T.);
#2281=EDGE_CURVE('',#2951,#2944,#3438,.T.);
#2282=EDGE_CURVE('',#2946,#2952,#3439,.T.);
#2283=EDGE_CURVE('',#2945,#2953,#3440,.T.);
#2284=EDGE_CURVE('',#2953,#2952,#3441,.F.);
#2285=EDGE_CURVE('',#2944,#2954,#3442,.T.);
#2286=EDGE_CURVE('',#2954,#2953,#3443,.T.);
#2287=EDGE_CURVE('',#2951,#2955,#3444,.T.);
#2288=EDGE_CURVE('',#2955,#2954,#3445,.T.);
#2289=EDGE_CURVE('',#2950,#2956,#3446,.T.);
#2290=EDGE_CURVE('',#2956,#2955,#3447,.F.);
#2291=EDGE_CURVE('',#2949,#2957,#3448,.T.);
#2292=EDGE_CURVE('',#2957,#2956,#3449,.T.);
#2293=EDGE_CURVE('',#2948,#2958,#3450,.T.);
#2294=EDGE_CURVE('',#2958,#2957,#3451,.F.);
#2295=EDGE_CURVE('',#2947,#2959,#3452,.T.);
#2296=EDGE_CURVE('',#2959,#2958,#3453,.F.);
#2297=EDGE_CURVE('',#2952,#2959,#3454,.F.);
#2298=EDGE_CURVE('',#2934,#2960,#3455,.T.);
#2299=EDGE_CURVE('',#2933,#2961,#3456,.T.);
#2300=EDGE_CURVE('',#2961,#2960,#3457,.F.);
#2301=EDGE_CURVE('',#2932,#2962,#3458,.T.);
#2302=EDGE_CURVE('',#2962,#2961,#3459,.T.);
#2303=EDGE_CURVE('',#2943,#2963,#3460,.T.);
#2304=EDGE_CURVE('',#2963,#2962,#3461,.F.);
#2305=EDGE_CURVE('',#2942,#2964,#3462,.T.);
#2306=EDGE_CURVE('',#2964,#2963,#3463,.T.);
#2307=EDGE_CURVE('',#2941,#2965,#3464,.T.);
#2308=EDGE_CURVE('',#2965,#2964,#3465,.T.);
#2309=EDGE_CURVE('',#2940,#2966,#3466,.T.);
#2310=EDGE_CURVE('',#2966,#2965,#3467,.T.);
#2311=EDGE_CURVE('',#2939,#2967,#3468,.T.);
#2312=EDGE_CURVE('',#2967,#2966,#3469,.T.);
#2313=EDGE_CURVE('',#2938,#2968,#3470,.T.);
#2314=EDGE_CURVE('',#2968,#2967,#3471,.T.);
#2315=EDGE_CURVE('',#2937,#2969,#3472,.T.);
#2316=EDGE_CURVE('',#2969,#2968,#3473,.T.);
#2317=EDGE_CURVE('',#2936,#2970,#3474,.T.);
#2318=EDGE_CURVE('',#2970,#2969,#3475,.F.);
#2319=EDGE_CURVE('',#2935,#2971,#3476,.T.);
#2320=EDGE_CURVE('',#2971,#2970,#3477,.F.);
#2321=EDGE_CURVE('',#2960,#2971,#3478,.T.);
#2322=EDGE_CURVE('',#2930,#2972,#3479,.T.);
#2323=EDGE_CURVE('',#2929,#2973,#3480,.T.);
#2324=EDGE_CURVE('',#2973,#2972,#3481,.T.);
#2325=EDGE_CURVE('',#2928,#2974,#3482,.T.);
#2326=EDGE_CURVE('',#2974,#2973,#3483,.T.);
#2327=EDGE_CURVE('',#2931,#2975,#3484,.T.);
#2328=EDGE_CURVE('',#2975,#2974,#3485,.F.);
#2329=EDGE_CURVE('',#2972,#2975,#3486,.F.);
#2330=EDGE_CURVE('',#2840,#2976,#3487,.T.);
#2331=EDGE_CURVE('',#2839,#2977,#234,.F.);
#2332=EDGE_CURVE('',#2977,#2976,#235,.T.);
#2333=EDGE_CURVE('',#2866,#2978,#236,.T.);
#2334=EDGE_CURVE('',#2978,#2977,#112,.T.);
#2335=EDGE_CURVE('',#2865,#2979,#237,.T.);
#2336=EDGE_CURVE('',#2979,#2978,#113,.T.);
#2337=EDGE_CURVE('',#2864,#2980,#238,.T.);
#2338=EDGE_CURVE('',#2980,#2979,#114,.T.);
#2339=EDGE_CURVE('',#2863,#2981,#239,.F.);
#2340=EDGE_CURVE('',#2981,#2980,#240,.T.);
#2341=EDGE_CURVE('',#2862,#2982,#241,.T.);
#2342=EDGE_CURVE('',#2982,#2981,#115,.T.);
#2343=EDGE_CURVE('',#2861,#2983,#3488,.T.);
#2344=EDGE_CURVE('',#2983,#2982,#116,.T.);
#2345=EDGE_CURVE('',#2860,#2984,#3489,.T.);
#2346=EDGE_CURVE('',#2984,#2983,#3490,.T.);
#2347=EDGE_CURVE('',#2859,#2985,#242,.T.);
#2348=EDGE_CURVE('',#2985,#2984,#117,.F.);
#2349=EDGE_CURVE('',#2858,#2986,#243,.T.);
#2350=EDGE_CURVE('',#2986,#2985,#118,.F.);
#2351=EDGE_CURVE('',#2857,#2987,#3491,.T.);
#2352=EDGE_CURVE('',#2987,#2986,#244,.T.);
#2353=EDGE_CURVE('',#2856,#2988,#245,.F.);
#2354=EDGE_CURVE('',#2988,#2987,#246,.T.);
#2355=EDGE_CURVE('',#2855,#2989,#247,.T.);
#2356=EDGE_CURVE('',#2989,#2988,#119,.F.);
#2357=EDGE_CURVE('',#2854,#2990,#248,.T.);
#2358=EDGE_CURVE('',#2990,#2989,#120,.F.);
#2359=EDGE_CURVE('',#2853,#2991,#3492,.T.);
#2360=EDGE_CURVE('',#2991,#2990,#249,.T.);
#2361=EDGE_CURVE('',#2852,#2992,#250,.F.);
#2362=EDGE_CURVE('',#2992,#2991,#251,.T.);
#2363=EDGE_CURVE('',#2851,#2993,#252,.T.);
#2364=EDGE_CURVE('',#2993,#2992,#121,.T.);
#2365=EDGE_CURVE('',#2850,#2994,#253,.T.);
#2366=EDGE_CURVE('',#2994,#2993,#122,.T.);
#2367=EDGE_CURVE('',#2849,#2995,#3493,.T.);
#2368=EDGE_CURVE('',#2995,#2994,#254,.T.);
#2369=EDGE_CURVE('',#2848,#2996,#255,.F.);
#2370=EDGE_CURVE('',#2996,#2995,#256,.T.);
#2371=EDGE_CURVE('',#2847,#2997,#257,.T.);
#2372=EDGE_CURVE('',#2997,#2996,#123,.T.);
#2373=EDGE_CURVE('',#2846,#2998,#3494,.T.);
#2374=EDGE_CURVE('',#2998,#2997,#258,.T.);
#2375=EDGE_CURVE('',#2845,#2999,#3495,.T.);
#2376=EDGE_CURVE('',#2999,#2998,#3496,.T.);
#2377=EDGE_CURVE('',#2844,#3000,#3497,.T.);
#2378=EDGE_CURVE('',#3000,#2999,#259,.T.);
#2379=EDGE_CURVE('',#2843,#3001,#3498,.T.);
#2380=EDGE_CURVE('',#3001,#3000,#260,.T.);
#2381=EDGE_CURVE('',#2842,#3002,#3499,.T.);
#2382=EDGE_CURVE('',#3002,#3001,#261,.T.);
#2383=EDGE_CURVE('',#2841,#3003,#3500,.T.);
#2384=EDGE_CURVE('',#3003,#3002,#262,.T.);
#2385=EDGE_CURVE('',#2976,#3003,#263,.T.);
#2386=EDGE_CURVE('',#2869,#3004,#3501,.T.);
#2387=EDGE_CURVE('',#2868,#3005,#3502,.T.);
#2388=EDGE_CURVE('',#3005,#3004,#3503,.T.);
#2389=EDGE_CURVE('',#2867,#3006,#3504,.T.);
#2390=EDGE_CURVE('',#3006,#3005,#3505,.T.);
#2391=EDGE_CURVE('',#2874,#3007,#3506,.T.);
#2392=EDGE_CURVE('',#3007,#3006,#3507,.F.);
#2393=EDGE_CURVE('',#2873,#3008,#3508,.T.);
#2394=EDGE_CURVE('',#3008,#3007,#3509,.T.);
#2395=EDGE_CURVE('',#2872,#3009,#3510,.T.);
#2396=EDGE_CURVE('',#3009,#3008,#3511,.F.);
#2397=EDGE_CURVE('',#2871,#3010,#3512,.T.);
#2398=EDGE_CURVE('',#3010,#3009,#3513,.T.);
#2399=EDGE_CURVE('',#2870,#3011,#3514,.T.);
#2400=EDGE_CURVE('',#3011,#3010,#3515,.F.);
#2401=EDGE_CURVE('',#3012,#3013,#264,.F.);
#2402=EDGE_CURVE('',#3014,#3012,#124,.F.);
#2403=EDGE_CURVE('',#3014,#3015,#265,.F.);
#2404=EDGE_CURVE('',#3015,#3013,#125,.F.);
#2405=EDGE_CURVE('',#3016,#3014,#3516,.F.);
#2406=EDGE_CURVE('',#3016,#3017,#3517,.T.);
#2407=EDGE_CURVE('',#3017,#3015,#3518,.F.);
#2408=EDGE_CURVE('',#3018,#3016,#3519,.T.);
#2409=EDGE_CURVE('',#3018,#3019,#3520,.T.);
#2410=EDGE_CURVE('',#3019,#3017,#3521,.T.);
#2411=EDGE_CURVE('',#3012,#3018,#266,.T.);
#2412=EDGE_CURVE('',#3013,#3019,#267,.T.);
#2413=EDGE_CURVE('',#3004,#3011,#3522,.T.);
#2414=EDGE_CURVE('',#3020,#3021,#126,.F.);
#2415=EDGE_CURVE('',#3021,#3022,#268,.T.);
#2416=EDGE_CURVE('',#3022,#3023,#3523,.T.);
#2417=EDGE_CURVE('',#3023,#3020,#3524,.F.);
#2418=EDGE_CURVE('',#3024,#3024,#127,.F.);
#2419=EDGE_CURVE('',#3025,#3025,#128,.T.);
#2420=EDGE_CURVE('',#3026,#3026,#129,.T.);
#2421=EDGE_CURVE('',#3027,#3027,#130,.T.);
#2422=EDGE_CURVE('',#3028,#3028,#131,.T.);
#2423=EDGE_CURVE('',#3029,#3029,#132,.T.);
#2424=EDGE_CURVE('',#3030,#3030,#133,.T.);
#2425=EDGE_CURVE('',#3031,#3031,#134,.T.);
#2426=EDGE_CURVE('',#3032,#3032,#135,.T.);
#2427=EDGE_CURVE('',#3033,#3033,#136,.T.);
#2428=EDGE_CURVE('',#3034,#3034,#137,.T.);
#2429=EDGE_CURVE('',#3035,#3035,#138,.T.);
#2430=EDGE_CURVE('',#3036,#3036,#139,.T.);
#2431=EDGE_CURVE('',#3037,#3037,#140,.T.);
#2432=EDGE_CURVE('',#3038,#3038,#141,.T.);
#2433=EDGE_CURVE('',#3039,#3039,#142,.T.);
#2434=EDGE_CURVE('',#3040,#3040,#143,.T.);
#2435=EDGE_CURVE('',#3041,#3041,#144,.T.);
#2436=EDGE_CURVE('',#3042,#3042,#145,.F.);
#2437=EDGE_CURVE('',#3043,#3043,#146,.T.);
#2438=EDGE_CURVE('',#3044,#3045,#3525,.T.);
#2439=EDGE_CURVE('',#3046,#3044,#269,.T.);
#2440=EDGE_CURVE('',#3047,#3046,#147,.F.);
#2441=EDGE_CURVE('',#3045,#3047,#3526,.F.);
#2442=EDGE_CURVE('',#3048,#3049,#3527,.F.);
#2443=EDGE_CURVE('',#3050,#3048,#3528,.T.);
#2444=EDGE_CURVE('',#3051,#3050,#3529,.T.);
#2445=EDGE_CURVE('',#3052,#3051,#3530,.T.);
#2446=EDGE_CURVE('',#3053,#3052,#3531,.F.);
#2447=EDGE_CURVE('',#3054,#3053,#3532,.T.);
#2448=EDGE_CURVE('',#3055,#3054,#3533,.F.);
#2449=EDGE_CURVE('',#3049,#3055,#3534,.T.);
#2450=EDGE_CURVE('',#2885,#3050,#3535,.T.);
#2451=EDGE_CURVE('',#2886,#3048,#3536,.T.);
#2452=EDGE_CURVE('',#3021,#3046,#270,.F.);
#2453=EDGE_CURVE('',#3022,#3044,#3537,.T.);
#2454=EDGE_CURVE('',#3023,#3045,#3538,.T.);
#2455=EDGE_CURVE('',#3020,#3047,#271,.F.);
#2456=EDGE_CURVE('',#2887,#3049,#3539,.T.);
#2457=EDGE_CURVE('',#2888,#3055,#3540,.T.);
#2458=EDGE_CURVE('',#2889,#3054,#3541,.T.);
#2459=EDGE_CURVE('',#2890,#3053,#3542,.T.);
#2460=EDGE_CURVE('',#2883,#3052,#3543,.T.);
#2461=EDGE_CURVE('',#2884,#3051,#3544,.T.);
#2462=EDGE_CURVE('',#3056,#3057,#3545,.T.);
#2463=EDGE_CURVE('',#3058,#3056,#3546,.T.);
#2464=EDGE_CURVE('',#3059,#3058,#3547,.T.);
#2465=EDGE_CURVE('',#3060,#3059,#3548,.T.);
#2466=EDGE_CURVE('',#3061,#3060,#3549,.F.);
#2467=EDGE_CURVE('',#3062,#3061,#3550,.F.);
#2468=EDGE_CURVE('',#3063,#3062,#3551,.T.);
#2469=EDGE_CURVE('',#3064,#3063,#3552,.T.);
#2470=EDGE_CURVE('',#3057,#3064,#3553,.T.);
#2471=EDGE_CURVE('',#2893,#3058,#3554,.T.);
#2472=EDGE_CURVE('',#2894,#3056,#3555,.T.);
#2473=EDGE_CURVE('',#2895,#3057,#3556,.T.);
#2474=EDGE_CURVE('',#2896,#3064,#3557,.T.);
#2475=EDGE_CURVE('',#2897,#3063,#3558,.T.);
#2476=EDGE_CURVE('',#2898,#3062,#3559,.T.);
#2477=EDGE_CURVE('',#2899,#3061,#3560,.T.);
#2478=EDGE_CURVE('',#2891,#3060,#3561,.T.);
#2479=EDGE_CURVE('',#2892,#3059,#3562,.T.);
#2480=EDGE_CURVE('',#3065,#3066,#272,.T.);
#2481=EDGE_CURVE('',#3067,#3065,#273,.T.);
#2482=EDGE_CURVE('',#3068,#3067,#274,.T.);
#2483=EDGE_CURVE('',#3069,#3068,#148,.T.);
#2484=EDGE_CURVE('',#3070,#3069,#149,.T.);
#2485=EDGE_CURVE('',#3071,#3070,#150,.T.);
#2486=EDGE_CURVE('',#3072,#3071,#275,.T.);
#2487=EDGE_CURVE('',#3073,#3072,#151,.T.);
#2488=EDGE_CURVE('',#3074,#3073,#152,.T.);
#2489=EDGE_CURVE('',#3075,#3074,#3563,.T.);
#2490=EDGE_CURVE('',#3076,#3075,#153,.F.);
#2491=EDGE_CURVE('',#3077,#3076,#154,.F.);
#2492=EDGE_CURVE('',#3078,#3077,#276,.T.);
#2493=EDGE_CURVE('',#3079,#3078,#277,.T.);
#2494=EDGE_CURVE('',#3080,#3079,#155,.F.);
#2495=EDGE_CURVE('',#3081,#3080,#156,.F.);
#2496=EDGE_CURVE('',#3082,#3081,#278,.T.);
#2497=EDGE_CURVE('',#3083,#3082,#279,.T.);
#2498=EDGE_CURVE('',#3084,#3083,#157,.T.);
#2499=EDGE_CURVE('',#3085,#3084,#158,.T.);
#2500=EDGE_CURVE('',#3086,#3085,#280,.T.);
#2501=EDGE_CURVE('',#3087,#3086,#281,.T.);
#2502=EDGE_CURVE('',#3088,#3087,#159,.T.);
#2503=EDGE_CURVE('',#3089,#3088,#160,.T.);
#2504=EDGE_CURVE('',#3090,#3089,#3564,.T.);
#2505=EDGE_CURVE('',#3091,#3090,#282,.T.);
#2506=EDGE_CURVE('',#3092,#3091,#283,.T.);
#2507=EDGE_CURVE('',#3066,#3092,#284,.T.);
#2508=EDGE_CURVE('',#2901,#3067,#3565,.T.);
#2509=EDGE_CURVE('',#2902,#3065,#3566,.T.);
#2510=EDGE_CURVE('',#2903,#3066,#3567,.T.);
#2511=EDGE_CURVE('',#2904,#3092,#3568,.T.);
#2512=EDGE_CURVE('',#2905,#3091,#3569,.T.);
#2513=EDGE_CURVE('',#2906,#3090,#3570,.T.);
#2514=EDGE_CURVE('',#2907,#3089,#3571,.T.);
#2515=EDGE_CURVE('',#2908,#3088,#285,.F.);
#2516=EDGE_CURVE('',#2909,#3087,#286,.F.);
#2517=EDGE_CURVE('',#2910,#3086,#3572,.T.);
#2518=EDGE_CURVE('',#2911,#3085,#287,.T.);
#2519=EDGE_CURVE('',#2912,#3084,#288,.F.);
#2520=EDGE_CURVE('',#2913,#3083,#289,.F.);
#2521=EDGE_CURVE('',#2914,#3082,#3573,.T.);
#2522=EDGE_CURVE('',#2915,#3081,#290,.T.);
#2523=EDGE_CURVE('',#2916,#3080,#291,.F.);
#2524=EDGE_CURVE('',#2917,#3079,#292,.F.);
#2525=EDGE_CURVE('',#2918,#3078,#3574,.T.);
#2526=EDGE_CURVE('',#2919,#3077,#293,.T.);
#2527=EDGE_CURVE('',#2920,#3076,#294,.F.);
#2528=EDGE_CURVE('',#2921,#3075,#3575,.T.);
#2529=EDGE_CURVE('',#2922,#3074,#3576,.T.);
#2530=EDGE_CURVE('',#2923,#3073,#295,.F.);
#2531=EDGE_CURVE('',#2924,#3072,#296,.F.);
#2532=EDGE_CURVE('',#2925,#3071,#297,.T.);
#2533=EDGE_CURVE('',#2926,#3070,#298,.F.);
#2534=EDGE_CURVE('',#2927,#3069,#299,.F.);
#2535=EDGE_CURVE('',#2900,#3068,#300,.F.);
#2536=EDGE_CURVE('',#3093,#3094,#3577,.T.);
#2537=EDGE_CURVE('',#3095,#3093,#301,.T.);
#2538=EDGE_CURVE('',#3096,#3095,#161,.F.);
#2539=EDGE_CURVE('',#3094,#3096,#3578,.T.);
#2540=EDGE_CURVE('',#3097,#3098,#3579,.F.);
#2541=EDGE_CURVE('',#3099,#3097,#3580,.T.);
#2542=EDGE_CURVE('',#3100,#3099,#3581,.T.);
#2543=EDGE_CURVE('',#3101,#3100,#3582,.T.);
#2544=EDGE_CURVE('',#3102,#3101,#3583,.F.);
#2545=EDGE_CURVE('',#3103,#3102,#3584,.T.);
#2546=EDGE_CURVE('',#3104,#3103,#3585,.F.);
#2547=EDGE_CURVE('',#3098,#3104,#3586,.T.);
#2548=EDGE_CURVE('',#2833,#3099,#3587,.T.);
#2549=EDGE_CURVE('',#2834,#3097,#3588,.T.);
#2550=EDGE_CURVE('',#2667,#3095,#302,.F.);
#2551=EDGE_CURVE('',#2668,#3093,#3589,.T.);
#2552=EDGE_CURVE('',#2669,#3094,#3590,.T.);
#2553=EDGE_CURVE('',#2666,#3096,#303,.F.);
#2554=EDGE_CURVE('',#2835,#3098,#3591,.T.);
#2555=EDGE_CURVE('',#2836,#3104,#3592,.T.);
#2556=EDGE_CURVE('',#2837,#3103,#3593,.T.);
#2557=EDGE_CURVE('',#2838,#3102,#3594,.T.);
#2558=EDGE_CURVE('',#2831,#3101,#3595,.T.);
#2559=EDGE_CURVE('',#2832,#3100,#3596,.T.);
#2560=EDGE_CURVE('',#3105,#3106,#3597,.F.);
#2561=EDGE_CURVE('',#3107,#3105,#3598,.T.);
#2562=EDGE_CURVE('',#3108,#3107,#3599,.F.);
#2563=EDGE_CURVE('',#3109,#3108,#162,.F.);
#2564=EDGE_CURVE('',#3110,#3109,#163,.F.);
#2565=EDGE_CURVE('',#3111,#3110,#3600,.T.);
#2566=EDGE_CURVE('',#3112,#3111,#3601,.F.);
#2567=EDGE_CURVE('',#3113,#3112,#3602,.F.);
#2568=EDGE_CURVE('',#3114,#3113,#3603,.T.);
#2569=EDGE_CURVE('',#3115,#3114,#3604,.T.);
#2570=EDGE_CURVE('',#3116,#3115,#3605,.T.);
#2571=EDGE_CURVE('',#3117,#3116,#3606,.T.);
#2572=EDGE_CURVE('',#3118,#3117,#3607,.T.);
#2573=EDGE_CURVE('',#3119,#3118,#3608,.T.);
#2574=EDGE_CURVE('',#3120,#3119,#3609,.F.);
#2575=EDGE_CURVE('',#3121,#3120,#3610,.F.);
#2576=EDGE_CURVE('',#3122,#3121,#304,.T.);
#2577=EDGE_CURVE('',#3123,#3122,#3611,.F.);
#2578=EDGE_CURVE('',#3106,#3123,#3612,.T.);
#2579=EDGE_CURVE('',#2814,#3107,#3613,.T.);
#2580=EDGE_CURVE('',#2815,#3105,#3614,.T.);
#2581=EDGE_CURVE('',#2816,#3106,#3615,.T.);
#2582=EDGE_CURVE('',#2817,#3123,#3616,.T.);
#2583=EDGE_CURVE('',#2818,#3122,#3617,.T.);
#2584=EDGE_CURVE('',#2819,#3121,#3618,.T.);
#2585=EDGE_CURVE('',#2820,#3120,#3619,.T.);
#2586=EDGE_CURVE('',#2821,#3119,#3620,.T.);
#2587=EDGE_CURVE('',#2822,#3118,#3621,.T.);
#2588=EDGE_CURVE('',#2823,#3117,#3622,.T.);
#2589=EDGE_CURVE('',#2824,#3116,#3623,.T.);
#2590=EDGE_CURVE('',#2825,#3115,#3624,.T.);
#2591=EDGE_CURVE('',#2826,#3114,#3625,.T.);
#2592=EDGE_CURVE('',#2827,#3113,#3626,.T.);
#2593=EDGE_CURVE('',#2828,#3112,#3627,.T.);
#2594=EDGE_CURVE('',#2829,#3111,#3628,.T.);
#2595=EDGE_CURVE('',#2830,#3110,#305,.F.);
#2596=EDGE_CURVE('',#2812,#3109,#306,.F.);
#2597=EDGE_CURVE('',#2813,#3108,#3629,.T.);
#2598=EDGE_CURVE('',#3124,#3125,#3630,.T.);
#2599=EDGE_CURVE('',#3126,#3124,#3631,.T.);
#2600=EDGE_CURVE('',#3127,#3126,#3632,.T.);
#2601=EDGE_CURVE('',#3128,#3127,#3633,.T.);
#2602=EDGE_CURVE('',#3129,#3128,#3634,.T.);
#2603=EDGE_CURVE('',#3130,#3129,#3635,.T.);
#2604=EDGE_CURVE('',#3131,#3130,#3636,.T.);
#2605=EDGE_CURVE('',#3132,#3131,#3637,.T.);
#2606=EDGE_CURVE('',#3133,#3132,#3638,.F.);
#2607=EDGE_CURVE('',#3134,#3133,#3639,.T.);
#2608=EDGE_CURVE('',#3135,#3134,#3640,.T.);
#2609=EDGE_CURVE('',#3125,#3135,#3641,.F.);
#2610=EDGE_CURVE('',#2802,#3126,#3642,.T.);
#2611=EDGE_CURVE('',#2803,#3124,#3643,.T.);
#2612=EDGE_CURVE('',#2804,#3125,#3644,.T.);
#2613=EDGE_CURVE('',#2805,#3135,#3645,.T.);
#2614=EDGE_CURVE('',#2806,#3134,#3646,.T.);
#2615=EDGE_CURVE('',#2807,#3133,#3647,.T.);
#2616=EDGE_CURVE('',#2808,#3132,#3648,.T.);
#2617=EDGE_CURVE('',#2809,#3131,#3649,.T.);
#2618=EDGE_CURVE('',#2810,#3130,#3650,.T.);
#2619=EDGE_CURVE('',#2811,#3129,#3651,.T.);
#2620=EDGE_CURVE('',#2800,#3128,#3652,.T.);
#2621=EDGE_CURVE('',#2801,#3127,#3653,.T.);
#2622=VERTEX_POINT('',#6926);
#2623=VERTEX_POINT('',#6927);
#2624=VERTEX_POINT('',#6929);
#2625=VERTEX_POINT('',#6931);
#2626=VERTEX_POINT('',#6935);
#2627=VERTEX_POINT('',#6937);
#2628=VERTEX_POINT('',#6941);
#2629=VERTEX_POINT('',#6943);
#2630=VERTEX_POINT('',#6951);
#2631=VERTEX_POINT('',#6952);
#2632=VERTEX_POINT('',#6954);
#2633=VERTEX_POINT('',#6956);
#2634=VERTEX_POINT('',#6960);
#2635=VERTEX_POINT('',#6962);
#2636=VERTEX_POINT('',#6966);
#2637=VERTEX_POINT('',#6968);
#2638=VERTEX_POINT('',#6972);
#2639=VERTEX_POINT('',#6974);
#2640=VERTEX_POINT('',#6978);
#2641=VERTEX_POINT('',#6980);
#2642=VERTEX_POINT('',#6988);
#2643=VERTEX_POINT('',#6989);
#2644=VERTEX_POINT('',#6991);
#2645=VERTEX_POINT('',#6993);
#2646=VERTEX_POINT('',#6997);
#2647=VERTEX_POINT('',#6999);
#2648=VERTEX_POINT('',#7003);
#2649=VERTEX_POINT('',#7005);
#2650=VERTEX_POINT('',#7009);
#2651=VERTEX_POINT('',#7011);
#2652=VERTEX_POINT('',#7015);
#2653=VERTEX_POINT('',#7017);
#2654=VERTEX_POINT('',#7021);
#2655=VERTEX_POINT('',#7023);
#2656=VERTEX_POINT('',#7027);
#2657=VERTEX_POINT('',#7029);
#2658=VERTEX_POINT('',#7036);
#2659=VERTEX_POINT('',#7037);
#2660=VERTEX_POINT('',#7039);
#2661=VERTEX_POINT('',#7044);
#2662=VERTEX_POINT('',#7048);
#2663=VERTEX_POINT('',#7050);
#2664=VERTEX_POINT('',#7054);
#2665=VERTEX_POINT('',#7056);
#2666=VERTEX_POINT('',#7078);
#2667=VERTEX_POINT('',#7079);
#2668=VERTEX_POINT('',#7083);
#2669=VERTEX_POINT('',#7085);
#2670=VERTEX_POINT('',#7089);
#2671=VERTEX_POINT('',#7090);
#2672=VERTEX_POINT('',#7092);
#2673=VERTEX_POINT('',#7097);
#2674=VERTEX_POINT('',#7101);
#2675=VERTEX_POINT('',#7103);
#2676=VERTEX_POINT('',#7107);
#2677=VERTEX_POINT('',#7109);
#2678=VERTEX_POINT('',#7113);
#2679=VERTEX_POINT('',#7115);
#2680=VERTEX_POINT('',#7119);
#2681=VERTEX_POINT('',#7121);
#2682=VERTEX_POINT('',#7125);
#2683=VERTEX_POINT('',#7127);
#2684=VERTEX_POINT('',#7131);
#2685=VERTEX_POINT('',#7133);
#2686=VERTEX_POINT('',#7137);
#2687=VERTEX_POINT('',#7139);
#2688=VERTEX_POINT('',#7152);
#2689=VERTEX_POINT('',#7154);
#2690=VERTEX_POINT('',#7160);
#2691=VERTEX_POINT('',#7162);
#2692=VERTEX_POINT('',#7166);
#2693=VERTEX_POINT('',#7168);
#2694=VERTEX_POINT('',#7172);
#2695=VERTEX_POINT('',#7174);
#2696=VERTEX_POINT('',#7178);
#2697=VERTEX_POINT('',#7180);
#2698=VERTEX_POINT('',#7188);
#2699=VERTEX_POINT('',#7189);
#2700=VERTEX_POINT('',#7191);
#2701=VERTEX_POINT('',#7193);
#2702=VERTEX_POINT('',#7197);
#2703=VERTEX_POINT('',#7199);
#2704=VERTEX_POINT('',#7203);
#2705=VERTEX_POINT('',#7205);
#2706=VERTEX_POINT('',#7213);
#2707=VERTEX_POINT('',#7214);
#2708=VERTEX_POINT('',#7216);
#2709=VERTEX_POINT('',#7218);
#2710=VERTEX_POINT('',#7222);
#2711=VERTEX_POINT('',#7224);
#2712=VERTEX_POINT('',#7228);
#2713=VERTEX_POINT('',#7230);
#2714=VERTEX_POINT('',#7234);
#2715=VERTEX_POINT('',#7236);
#2716=VERTEX_POINT('',#7240);
#2717=VERTEX_POINT('',#7242);
#2718=VERTEX_POINT('',#7246);
#2719=VERTEX_POINT('',#7248);
#2720=VERTEX_POINT('',#7252);
#2721=VERTEX_POINT('',#7254);
#2722=VERTEX_POINT('',#7258);
#2723=VERTEX_POINT('',#7260);
#2724=VERTEX_POINT('',#7264);
#2725=VERTEX_POINT('',#7266);
#2726=VERTEX_POINT('',#7270);
#2727=VERTEX_POINT('',#7272);
#2728=VERTEX_POINT('',#7276);
#2729=VERTEX_POINT('',#7278);
#2730=VERTEX_POINT('',#7282);
#2731=VERTEX_POINT('',#7284);
#2732=VERTEX_POINT('',#7299);
#2733=VERTEX_POINT('',#7300);
#2734=VERTEX_POINT('',#7304);
#2735=VERTEX_POINT('',#7306);
#2736=VERTEX_POINT('',#7321);
#2737=VERTEX_POINT('',#7323);
#2738=VERTEX_POINT('',#7338);
#2739=VERTEX_POINT('',#7340);
#2740=VERTEX_POINT('',#7355);
#2741=VERTEX_POINT('',#7357);
#2742=VERTEX_POINT('',#7363);
#2743=VERTEX_POINT('',#7365);
#2744=VERTEX_POINT('',#7369);
#2745=VERTEX_POINT('',#7371);
#2746=VERTEX_POINT('',#7375);
#2747=VERTEX_POINT('',#7376);
#2748=VERTEX_POINT('',#7378);
#2749=VERTEX_POINT('',#7380);
#2750=VERTEX_POINT('',#7384);
#2751=VERTEX_POINT('',#7386);
#2752=VERTEX_POINT('',#7399);
#2753=VERTEX_POINT('',#7404);
#2754=VERTEX_POINT('',#7410);
#2755=VERTEX_POINT('',#7415);
#2756=VERTEX_POINT('',#7428);
#2757=VERTEX_POINT('',#7430);
#2758=VERTEX_POINT('',#7445);
#2759=VERTEX_POINT('',#7447);
#2760=VERTEX_POINT('',#7453);
#2761=VERTEX_POINT('',#7455);
#2762=VERTEX_POINT('',#7459);
#2763=VERTEX_POINT('',#7461);
#2764=VERTEX_POINT('',#7465);
#2765=VERTEX_POINT('',#7467);
#2766=VERTEX_POINT('',#7471);
#2767=VERTEX_POINT('',#7473);
#2768=VERTEX_POINT('',#7477);
#2769=VERTEX_POINT('',#7479);
#2770=VERTEX_POINT('',#7498);
#2771=VERTEX_POINT('',#7499);
#2772=VERTEX_POINT('',#7503);
#2773=VERTEX_POINT('',#7505);
#2774=VERTEX_POINT('',#7520);
#2775=VERTEX_POINT('',#7522);
#2776=VERTEX_POINT('',#7537);
#2777=VERTEX_POINT('',#7539);
#2778=VERTEX_POINT('',#7554);
#2779=VERTEX_POINT('',#7556);
#2780=VERTEX_POINT('',#7562);
#2781=VERTEX_POINT('',#7564);
#2782=VERTEX_POINT('',#7568);
#2783=VERTEX_POINT('',#7570);
#2784=VERTEX_POINT('',#7574);
#2785=VERTEX_POINT('',#7576);
#2786=VERTEX_POINT('',#7589);
#2787=VERTEX_POINT('',#7591);
#2788=VERTEX_POINT('',#7606);
#2789=VERTEX_POINT('',#7608);
#2790=VERTEX_POINT('',#7623);
#2791=VERTEX_POINT('',#7628);
#2792=VERTEX_POINT('',#7634);
#2793=VERTEX_POINT('',#7639);
#2794=VERTEX_POINT('',#7652);
#2795=VERTEX_POINT('',#7654);
#2796=VERTEX_POINT('',#7660);
#2797=VERTEX_POINT('',#7662);
#2798=VERTEX_POINT('',#7666);
#2799=VERTEX_POINT('',#7668);
#2800=VERTEX_POINT('',#7676);
#2801=VERTEX_POINT('',#7677);
#2802=VERTEX_POINT('',#7679);
#2803=VERTEX_POINT('',#7681);
#2804=VERTEX_POINT('',#7683);
#2805=VERTEX_POINT('',#7685);
#2806=VERTEX_POINT('',#7687);
#2807=VERTEX_POINT('',#7689);
#2808=VERTEX_POINT('',#7691);
#2809=VERTEX_POINT('',#7693);
#2810=VERTEX_POINT('',#7695);
#2811=VERTEX_POINT('',#7697);
#2812=VERTEX_POINT('',#7700);
#2813=VERTEX_POINT('',#7701);
#2814=VERTEX_POINT('',#7703);
#2815=VERTEX_POINT('',#7705);
#2816=VERTEX_POINT('',#7707);
#2817=VERTEX_POINT('',#7709);
#2818=VERTEX_POINT('',#7711);
#2819=VERTEX_POINT('',#7715);
#2820=VERTEX_POINT('',#7717);
#2821=VERTEX_POINT('',#7719);
#2822=VERTEX_POINT('',#7721);
#2823=VERTEX_POINT('',#7723);
#2824=VERTEX_POINT('',#7725);
#2825=VERTEX_POINT('',#7727);
#2826=VERTEX_POINT('',#7729);
#2827=VERTEX_POINT('',#7731);
#2828=VERTEX_POINT('',#7733);
#2829=VERTEX_POINT('',#7735);
#2830=VERTEX_POINT('',#7737);
#2831=VERTEX_POINT('',#7740);
#2832=VERTEX_POINT('',#7741);
#2833=VERTEX_POINT('',#7743);
#2834=VERTEX_POINT('',#7745);
#2835=VERTEX_POINT('',#7747);
#2836=VERTEX_POINT('',#7749);
#2837=VERTEX_POINT('',#7751);
#2838=VERTEX_POINT('',#7753);
#2839=VERTEX_POINT('',#7758);
#2840=VERTEX_POINT('',#7759);
#2841=VERTEX_POINT('',#7763);
#2842=VERTEX_POINT('',#7767);
#2843=VERTEX_POINT('',#7771);
#2844=VERTEX_POINT('',#7775);
#2845=VERTEX_POINT('',#7779);
#2846=VERTEX_POINT('',#7781);
#2847=VERTEX_POINT('',#7785);
#2848=VERTEX_POINT('',#7787);
#2849=VERTEX_POINT('',#7791);
#2850=VERTEX_POINT('',#7795);
#2851=VERTEX_POINT('',#7797);
#2852=VERTEX_POINT('',#7799);
#2853=VERTEX_POINT('',#7803);
#2854=VERTEX_POINT('',#7807);
#2855=VERTEX_POINT('',#7809);
#2856=VERTEX_POINT('',#7811);
#2857=VERTEX_POINT('',#7815);
#2858=VERTEX_POINT('',#7819);
#2859=VERTEX_POINT('',#7821);
#2860=VERTEX_POINT('',#7823);
#2861=VERTEX_POINT('',#7825);
#2862=VERTEX_POINT('',#7827);
#2863=VERTEX_POINT('',#7829);
#2864=VERTEX_POINT('',#7833);
#2865=VERTEX_POINT('',#7835);
#2866=VERTEX_POINT('',#7837);
#2867=VERTEX_POINT('',#7840);
#2868=VERTEX_POINT('',#7841);
#2869=VERTEX_POINT('',#7843);
#2870=VERTEX_POINT('',#7845);
#2871=VERTEX_POINT('',#7847);
#2872=VERTEX_POINT('',#7849);
#2873=VERTEX_POINT('',#7851);
#2874=VERTEX_POINT('',#7853);
#2875=VERTEX_POINT('',#7856);
#2876=VERTEX_POINT('',#7858);
#2877=VERTEX_POINT('',#7860);
#2878=VERTEX_POINT('',#7862);
#2879=VERTEX_POINT('',#7864);
#2880=VERTEX_POINT('',#7866);
#2881=VERTEX_POINT('',#7868);
#2882=VERTEX_POINT('',#7870);
#2883=VERTEX_POINT('',#7872);
#2884=VERTEX_POINT('',#7873);
#2885=VERTEX_POINT('',#7875);
#2886=VERTEX_POINT('',#7877);
#2887=VERTEX_POINT('',#7879);
#2888=VERTEX_POINT('',#7881);
#2889=VERTEX_POINT('',#7883);
#2890=VERTEX_POINT('',#7885);
#2891=VERTEX_POINT('',#7888);
#2892=VERTEX_POINT('',#7889);
#2893=VERTEX_POINT('',#7891);
#2894=VERTEX_POINT('',#7893);
#2895=VERTEX_POINT('',#7895);
#2896=VERTEX_POINT('',#7897);
#2897=VERTEX_POINT('',#7899);
#2898=VERTEX_POINT('',#7901);
#2899=VERTEX_POINT('',#7903);
#2900=VERTEX_POINT('',#7908);
#2901=VERTEX_POINT('',#7909);
#2902=VERTEX_POINT('',#7913);
#2903=VERTEX_POINT('',#7917);
#2904=VERTEX_POINT('',#7921);
#2905=VERTEX_POINT('',#7925);
#2906=VERTEX_POINT('',#7929);
#2907=VERTEX_POINT('',#7931);
#2908=VERTEX_POINT('',#7933);
#2909=VERTEX_POINT('',#7935);
#2910=VERTEX_POINT('',#7939);
#2911=VERTEX_POINT('',#7943);
#2912=VERTEX_POINT('',#7945);
#2913=VERTEX_POINT('',#7947);
#2914=VERTEX_POINT('',#7951);
#2915=VERTEX_POINT('',#7955);
#2916=VERTEX_POINT('',#7957);
#2917=VERTEX_POINT('',#7959);
#2918=VERTEX_POINT('',#7963);
#2919=VERTEX_POINT('',#7967);
#2920=VERTEX_POINT('',#7969);
#2921=VERTEX_POINT('',#7971);
#2922=VERTEX_POINT('',#7973);
#2923=VERTEX_POINT('',#7975);
#2924=VERTEX_POINT('',#7977);
#2925=VERTEX_POINT('',#7981);
#2926=VERTEX_POINT('',#7983);
#2927=VERTEX_POINT('',#7985);
#2928=VERTEX_POINT('',#7988);
#2929=VERTEX_POINT('',#7989);
#2930=VERTEX_POINT('',#7991);
#2931=VERTEX_POINT('',#7993);
#2932=VERTEX_POINT('',#7996);
#2933=VERTEX_POINT('',#7997);
#2934=VERTEX_POINT('',#7999);
#2935=VERTEX_POINT('',#8001);
#2936=VERTEX_POINT('',#8003);
#2937=VERTEX_POINT('',#8005);
#2938=VERTEX_POINT('',#8007);
#2939=VERTEX_POINT('',#8009);
#2940=VERTEX_POINT('',#8011);
#2941=VERTEX_POINT('',#8013);
#2942=VERTEX_POINT('',#8015);
#2943=VERTEX_POINT('',#8017);
#2944=VERTEX_POINT('',#8020);
#2945=VERTEX_POINT('',#8021);
#2946=VERTEX_POINT('',#8023);
#2947=VERTEX_POINT('',#8025);
#2948=VERTEX_POINT('',#8027);
#2949=VERTEX_POINT('',#8029);
#2950=VERTEX_POINT('',#8031);
#2951=VERTEX_POINT('',#8033);
#2952=VERTEX_POINT('',#8037);
#2953=VERTEX_POINT('',#8039);
#2954=VERTEX_POINT('',#8043);
#2955=VERTEX_POINT('',#8047);
#2956=VERTEX_POINT('',#8051);
#2957=VERTEX_POINT('',#8055);
#2958=VERTEX_POINT('',#8059);
#2959=VERTEX_POINT('',#8063);
#2960=VERTEX_POINT('',#8070);
#2961=VERTEX_POINT('',#8072);
#2962=VERTEX_POINT('',#8076);
#2963=VERTEX_POINT('',#8080);
#2964=VERTEX_POINT('',#8084);
#2965=VERTEX_POINT('',#8088);
#2966=VERTEX_POINT('',#8092);
#2967=VERTEX_POINT('',#8096);
#2968=VERTEX_POINT('',#8100);
#2969=VERTEX_POINT('',#8104);
#2970=VERTEX_POINT('',#8108);
#2971=VERTEX_POINT('',#8112);
#2972=VERTEX_POINT('',#8119);
#2973=VERTEX_POINT('',#8121);
#2974=VERTEX_POINT('',#8125);
#2975=VERTEX_POINT('',#8129);
#2976=VERTEX_POINT('',#8143);
#2977=VERTEX_POINT('',#8148);
#2978=VERTEX_POINT('',#8157);
#2979=VERTEX_POINT('',#8164);
#2980=VERTEX_POINT('',#8171);
#2981=VERTEX_POINT('',#8185);
#2982=VERTEX_POINT('',#8194);
#2983=VERTEX_POINT('',#8198);
#2984=VERTEX_POINT('',#8202);
#2985=VERTEX_POINT('',#8209);
#2986=VERTEX_POINT('',#8216);
#2987=VERTEX_POINT('',#8227);
#2988=VERTEX_POINT('',#8243);
#2989=VERTEX_POINT('',#8252);
#2990=VERTEX_POINT('',#8259);
#2991=VERTEX_POINT('',#8270);
#2992=VERTEX_POINT('',#8286);
#2993=VERTEX_POINT('',#8295);
#2994=VERTEX_POINT('',#8302);
#2995=VERTEX_POINT('',#8313);
#2996=VERTEX_POINT('',#8329);
#2997=VERTEX_POINT('',#8338);
#2998=VERTEX_POINT('',#8349);
#2999=VERTEX_POINT('',#8355);
#3000=VERTEX_POINT('',#8366);
#3001=VERTEX_POINT('',#8379);
#3002=VERTEX_POINT('',#8392);
#3003=VERTEX_POINT('',#8405);
#3004=VERTEX_POINT('',#8423);
#3005=VERTEX_POINT('',#8425);
#3006=VERTEX_POINT('',#8429);
#3007=VERTEX_POINT('',#8433);
#3008=VERTEX_POINT('',#8437);
#3009=VERTEX_POINT('',#8441);
#3010=VERTEX_POINT('',#8445);
#3011=VERTEX_POINT('',#8449);
#3012=VERTEX_POINT('',#8456);
#3013=VERTEX_POINT('',#8457);
#3014=VERTEX_POINT('',#8459);
#3015=VERTEX_POINT('',#8464);
#3016=VERTEX_POINT('',#8468);
#3017=VERTEX_POINT('',#8470);
#3018=VERTEX_POINT('',#8474);
#3019=VERTEX_POINT('',#8476);
#3020=VERTEX_POINT('',#8497);
#3021=VERTEX_POINT('',#8498);
#3022=VERTEX_POINT('',#8502);
#3023=VERTEX_POINT('',#8504);
#3024=VERTEX_POINT('',#8508);
#3025=VERTEX_POINT('',#8510);
#3026=VERTEX_POINT('',#8514);
#3027=VERTEX_POINT('',#8516);
#3028=VERTEX_POINT('',#8520);
#3029=VERTEX_POINT('',#8522);
#3030=VERTEX_POINT('',#8526);
#3031=VERTEX_POINT('',#8528);
#3032=VERTEX_POINT('',#8532);
#3033=VERTEX_POINT('',#8534);
#3034=VERTEX_POINT('',#8538);
#3035=VERTEX_POINT('',#8540);
#3036=VERTEX_POINT('',#8544);
#3037=VERTEX_POINT('',#8546);
#3038=VERTEX_POINT('',#8550);
#3039=VERTEX_POINT('',#8553);
#3040=VERTEX_POINT('',#8555);
#3041=VERTEX_POINT('',#8558);
#3042=VERTEX_POINT('',#8562);
#3043=VERTEX_POINT('',#8565);
#3044=VERTEX_POINT('',#8576);
#3045=VERTEX_POINT('',#8577);
#3046=VERTEX_POINT('',#8581);
#3047=VERTEX_POINT('',#8583);
#3048=VERTEX_POINT('',#8586);
#3049=VERTEX_POINT('',#8587);
#3050=VERTEX_POINT('',#8589);
#3051=VERTEX_POINT('',#8591);
#3052=VERTEX_POINT('',#8593);
#3053=VERTEX_POINT('',#8595);
#3054=VERTEX_POINT('',#8597);
#3055=VERTEX_POINT('',#8599);
#3056=VERTEX_POINT('',#8640);
#3057=VERTEX_POINT('',#8641);
#3058=VERTEX_POINT('',#8643);
#3059=VERTEX_POINT('',#8645);
#3060=VERTEX_POINT('',#8647);
#3061=VERTEX_POINT('',#8649);
#3062=VERTEX_POINT('',#8651);
#3063=VERTEX_POINT('',#8653);
#3064=VERTEX_POINT('',#8655);
#3065=VERTEX_POINT('',#8679);
#3066=VERTEX_POINT('',#8680);
#3067=VERTEX_POINT('',#8684);
#3068=VERTEX_POINT('',#8688);
#3069=VERTEX_POINT('',#8690);
#3070=VERTEX_POINT('',#8692);
#3071=VERTEX_POINT('',#8694);
#3072=VERTEX_POINT('',#8698);
#3073=VERTEX_POINT('',#8700);
#3074=VERTEX_POINT('',#8702);
#3075=VERTEX_POINT('',#8704);
#3076=VERTEX_POINT('',#8706);
#3077=VERTEX_POINT('',#8708);
#3078=VERTEX_POINT('',#8712);
#3079=VERTEX_POINT('',#8716);
#3080=VERTEX_POINT('',#8718);
#3081=VERTEX_POINT('',#8720);
#3082=VERTEX_POINT('',#8724);
#3083=VERTEX_POINT('',#8728);
#3084=VERTEX_POINT('',#8730);
#3085=VERTEX_POINT('',#8732);
#3086=VERTEX_POINT('',#8736);
#3087=VERTEX_POINT('',#8740);
#3088=VERTEX_POINT('',#8742);
#3089=VERTEX_POINT('',#8744);
#3090=VERTEX_POINT('',#8746);
#3091=VERTEX_POINT('',#8750);
#3092=VERTEX_POINT('',#8754);
#3093=VERTEX_POINT('',#8956);
#3094=VERTEX_POINT('',#8957);
#3095=VERTEX_POINT('',#8961);
#3096=VERTEX_POINT('',#8963);
#3097=VERTEX_POINT('',#8966);
#3098=VERTEX_POINT('',#8967);
#3099=VERTEX_POINT('',#8969);
#3100=VERTEX_POINT('',#8971);
#3101=VERTEX_POINT('',#8973);
#3102=VERTEX_POINT('',#8975);
#3103=VERTEX_POINT('',#8977);
#3104=VERTEX_POINT('',#8979);
#3105=VERTEX_POINT('',#9020);
#3106=VERTEX_POINT('',#9021);
#3107=VERTEX_POINT('',#9023);
#3108=VERTEX_POINT('',#9025);
#3109=VERTEX_POINT('',#9027);
#3110=VERTEX_POINT('',#9029);
#3111=VERTEX_POINT('',#9031);
#3112=VERTEX_POINT('',#9033);
#3113=VERTEX_POINT('',#9035);
#3114=VERTEX_POINT('',#9037);
#3115=VERTEX_POINT('',#9039);
#3116=VERTEX_POINT('',#9041);
#3117=VERTEX_POINT('',#9043);
#3118=VERTEX_POINT('',#9045);
#3119=VERTEX_POINT('',#9047);
#3120=VERTEX_POINT('',#9049);
#3121=VERTEX_POINT('',#9051);
#3122=VERTEX_POINT('',#9055);
#3123=VERTEX_POINT('',#9057);
#3124=VERTEX_POINT('',#9112);
#3125=VERTEX_POINT('',#9113);
#3126=VERTEX_POINT('',#9115);
#3127=VERTEX_POINT('',#9117);
#3128=VERTEX_POINT('',#9119);
#3129=VERTEX_POINT('',#9121);
#3130=VERTEX_POINT('',#9123);
#3131=VERTEX_POINT('',#9125);
#3132=VERTEX_POINT('',#9127);
#3133=VERTEX_POINT('',#9129);
#3134=VERTEX_POINT('',#9131);
#3135=VERTEX_POINT('',#9133);
#3136=LINE('',#6925,#3654);
#3137=LINE('',#6928,#3655);
#3138=LINE('',#6930,#3656);
#3139=LINE('',#6932,#3657);
#3140=LINE('',#6934,#3658);
#3141=LINE('',#6936,#3659);
#3142=LINE('',#6938,#3660);
#3143=LINE('',#6940,#3661);
#3144=LINE('',#6942,#3662);
#3145=LINE('',#6944,#3663);
#3146=LINE('',#6946,#3664);
#3147=LINE('',#6947,#3665);
#3148=LINE('',#6950,#3666);
#3149=LINE('',#6953,#3667);
#3150=LINE('',#6955,#3668);
#3151=LINE('',#6957,#3669);
#3152=LINE('',#6959,#3670);
#3153=LINE('',#6961,#3671);
#3154=LINE('',#6963,#3672);
#3155=LINE('',#6965,#3673);
#3156=LINE('',#6967,#3674);
#3157=LINE('',#6969,#3675);
#3158=LINE('',#6971,#3676);
#3159=LINE('',#6973,#3677);
#3160=LINE('',#6975,#3678);
#3161=LINE('',#6977,#3679);
#3162=LINE('',#6979,#3680);
#3163=LINE('',#6981,#3681);
#3164=LINE('',#6983,#3682);
#3165=LINE('',#6984,#3683);
#3166=LINE('',#6987,#3684);
#3167=LINE('',#6990,#3685);
#3168=LINE('',#6992,#3686);
#3169=LINE('',#6994,#3687);
#3170=LINE('',#6996,#3688);
#3171=LINE('',#6998,#3689);
#3172=LINE('',#7000,#3690);
#3173=LINE('',#7002,#3691);
#3174=LINE('',#7004,#3692);
#3175=LINE('',#7006,#3693);
#3176=LINE('',#7008,#3694);
#3177=LINE('',#7010,#3695);
#3178=LINE('',#7012,#3696);
#3179=LINE('',#7014,#3697);
#3180=LINE('',#7016,#3698);
#3181=LINE('',#7018,#3699);
#3182=LINE('',#7020,#3700);
#3183=LINE('',#7022,#3701);
#3184=LINE('',#7024,#3702);
#3185=LINE('',#7026,#3703);
#3186=LINE('',#7028,#3704);
#3187=LINE('',#7030,#3705);
#3188=LINE('',#7047,#3706);
#3189=LINE('',#7049,#3707);
#3190=LINE('',#7051,#3708);
#3191=LINE('',#7053,#3709);
#3192=LINE('',#7055,#3710);
#3193=LINE('',#7057,#3711);
#3194=LINE('',#7073,#3712);
#3195=LINE('',#7074,#3713);
#3196=LINE('',#7084,#3714);
#3197=LINE('',#7086,#3715);
#3198=LINE('',#7088,#3716);
#3199=LINE('',#7091,#3717);
#3200=LINE('',#7098,#3718);
#3201=LINE('',#7102,#3719);
#3202=LINE('',#7106,#3720);
#3203=LINE('',#7108,#3721);
#3204=LINE('',#7110,#3722);
#3205=LINE('',#7112,#3723);
#3206=LINE('',#7114,#3724);
#3207=LINE('',#7116,#3725);
#3208=LINE('',#7118,#3726);
#3209=LINE('',#7120,#3727);
#3210=LINE('',#7122,#3728);
#3211=LINE('',#7124,#3729);
#3212=LINE('',#7126,#3730);
#3213=LINE('',#7128,#3731);
#3214=LINE('',#7130,#3732);
#3215=LINE('',#7132,#3733);
#3216=LINE('',#7134,#3734);
#3217=LINE('',#7136,#3735);
#3218=LINE('',#7138,#3736);
#3219=LINE('',#7140,#3737);
#3220=LINE('',#7153,#3738);
#3221=LINE('',#7159,#3739);
#3222=LINE('',#7161,#3740);
#3223=LINE('',#7163,#3741);
#3224=LINE('',#7165,#3742);
#3225=LINE('',#7167,#3743);
#3226=LINE('',#7169,#3744);
#3227=LINE('',#7171,#3745);
#3228=LINE('',#7173,#3746);
#3229=LINE('',#7175,#3747);
#3230=LINE('',#7177,#3748);
#3231=LINE('',#7179,#3749);
#3232=LINE('',#7181,#3750);
#3233=LINE('',#7183,#3751);
#3234=LINE('',#7184,#3752);
#3235=LINE('',#7187,#3753);
#3236=LINE('',#7190,#3754);
#3237=LINE('',#7192,#3755);
#3238=LINE('',#7194,#3756);
#3239=LINE('',#7196,#3757);
#3240=LINE('',#7198,#3758);
#3241=LINE('',#7200,#3759);
#3242=LINE('',#7202,#3760);
#3243=LINE('',#7204,#3761);
#3244=LINE('',#7206,#3762);
#3245=LINE('',#7208,#3763);
#3246=LINE('',#7209,#3764);
#3247=LINE('',#7212,#3765);
#3248=LINE('',#7215,#3766);
#3249=LINE('',#7217,#3767);
#3250=LINE('',#7219,#3768);
#3251=LINE('',#7221,#3769);
#3252=LINE('',#7223,#3770);
#3253=LINE('',#7225,#3771);
#3254=LINE('',#7227,#3772);
#3255=LINE('',#7229,#3773);
#3256=LINE('',#7231,#3774);
#3257=LINE('',#7233,#3775);
#3258=LINE('',#7235,#3776);
#3259=LINE('',#7237,#3777);
#3260=LINE('',#7239,#3778);
#3261=LINE('',#7241,#3779);
#3262=LINE('',#7243,#3780);
#3263=LINE('',#7245,#3781);
#3264=LINE('',#7247,#3782);
#3265=LINE('',#7249,#3783);
#3266=LINE('',#7251,#3784);
#3267=LINE('',#7253,#3785);
#3268=LINE('',#7255,#3786);
#3269=LINE('',#7257,#3787);
#3270=LINE('',#7259,#3788);
#3271=LINE('',#7261,#3789);
#3272=LINE('',#7263,#3790);
#3273=LINE('',#7265,#3791);
#3274=LINE('',#7267,#3792);
#3275=LINE('',#7269,#3793);
#3276=LINE('',#7271,#3794);
#3277=LINE('',#7273,#3795);
#3278=LINE('',#7275,#3796);
#3279=LINE('',#7277,#3797);
#3280=LINE('',#7279,#3798);
#3281=LINE('',#7281,#3799);
#3282=LINE('',#7283,#3800);
#3283=LINE('',#7285,#3801);
#3284=LINE('',#7287,#3802);
#3285=LINE('',#7288,#3803);
#3286=LINE('',#7298,#3804);
#3287=LINE('',#7305,#3805);
#3288=LINE('',#7322,#3806);
#3289=LINE('',#7339,#3807);
#3290=LINE('',#7356,#3808);
#3291=LINE('',#7362,#3809);
#3292=LINE('',#7364,#3810);
#3293=LINE('',#7366,#3811);
#3294=LINE('',#7368,#3812);
#3295=LINE('',#7370,#3813);
#3296=LINE('',#7372,#3814);
#3297=LINE('',#7374,#3815);
#3298=LINE('',#7377,#3816);
#3299=LINE('',#7379,#3817);
#3300=LINE('',#7381,#3818);
#3301=LINE('',#7383,#3819);
#3302=LINE('',#7385,#3820);
#3303=LINE('',#7387,#3821);
#3304=LINE('',#7429,#3822);
#3305=LINE('',#7446,#3823);
#3306=LINE('',#7452,#3824);
#3307=LINE('',#7454,#3825);
#3308=LINE('',#7456,#3826);
#3309=LINE('',#7458,#3827);
#3310=LINE('',#7460,#3828);
#3311=LINE('',#7462,#3829);
#3312=LINE('',#7464,#3830);
#3313=LINE('',#7466,#3831);
#3314=LINE('',#7468,#3832);
#3315=LINE('',#7470,#3833);
#3316=LINE('',#7472,#3834);
#3317=LINE('',#7474,#3835);
#3318=LINE('',#7476,#3836);
#3319=LINE('',#7478,#3837);
#3320=LINE('',#7480,#3838);
#3321=LINE('',#7482,#3839);
#3322=LINE('',#7483,#3840);
#3323=LINE('',#7485,#3841);
#3324=LINE('',#7486,#3842);
#3325=LINE('',#7497,#3843);
#3326=LINE('',#7504,#3844);
#3327=LINE('',#7521,#3845);
#3328=LINE('',#7538,#3846);
#3329=LINE('',#7555,#3847);
#3330=LINE('',#7561,#3848);
#3331=LINE('',#7563,#3849);
#3332=LINE('',#7565,#3850);
#3333=LINE('',#7567,#3851);
#3334=LINE('',#7569,#3852);
#3335=LINE('',#7571,#3853);
#3336=LINE('',#7573,#3854);
#3337=LINE('',#7575,#3855);
#3338=LINE('',#7577,#3856);
#3339=LINE('',#7590,#3857);
#3340=LINE('',#7607,#3858);
#3341=LINE('',#7653,#3859);
#3342=LINE('',#7659,#3860);
#3343=LINE('',#7661,#3861);
#3344=LINE('',#7663,#3862);
#3345=LINE('',#7665,#3863);
#3346=LINE('',#7667,#3864);
#3347=LINE('',#7669,#3865);
#3348=LINE('',#7671,#3866);
#3349=LINE('',#7672,#3867);
#3350=LINE('',#7675,#3868);
#3351=LINE('',#7678,#3869);
#3352=LINE('',#7680,#3870);
#3353=LINE('',#7682,#3871);
#3354=LINE('',#7684,#3872);
#3355=LINE('',#7686,#3873);
#3356=LINE('',#7688,#3874);
#3357=LINE('',#7690,#3875);
#3358=LINE('',#7692,#3876);
#3359=LINE('',#7694,#3877);
#3360=LINE('',#7696,#3878);
#3361=LINE('',#7698,#3879);
#3362=LINE('',#7702,#3880);
#3363=LINE('',#7704,#3881);
#3364=LINE('',#7706,#3882);
#3365=LINE('',#7708,#3883);
#3366=LINE('',#7710,#3884);
#3367=LINE('',#7716,#3885);
#3368=LINE('',#7718,#3886);
#3369=LINE('',#7720,#3887);
#3370=LINE('',#7722,#3888);
#3371=LINE('',#7724,#3889);
#3372=LINE('',#7726,#3890);
#3373=LINE('',#7728,#3891);
#3374=LINE('',#7730,#3892);
#3375=LINE('',#7732,#3893);
#3376=LINE('',#7734,#3894);
#3377=LINE('',#7736,#3895);
#3378=LINE('',#7739,#3896);
#3379=LINE('',#7742,#3897);
#3380=LINE('',#7744,#3898);
#3381=LINE('',#7746,#3899);
#3382=LINE('',#7748,#3900);
#3383=LINE('',#7750,#3901);
#3384=LINE('',#7752,#3902);
#3385=LINE('',#7754,#3903);
#3386=LINE('',#7780,#3904);
#3387=LINE('',#7824,#3905);
#3388=LINE('',#7839,#3906);
#3389=LINE('',#7842,#3907);
#3390=LINE('',#7844,#3908);
#3391=LINE('',#7846,#3909);
#3392=LINE('',#7848,#3910);
#3393=LINE('',#7850,#3911);
#3394=LINE('',#7852,#3912);
#3395=LINE('',#7854,#3913);
#3396=LINE('',#7871,#3914);
#3397=LINE('',#7874,#3915);
#3398=LINE('',#7876,#3916);
#3399=LINE('',#7878,#3917);
#3400=LINE('',#7880,#3918);
#3401=LINE('',#7882,#3919);
#3402=LINE('',#7884,#3920);
#3403=LINE('',#7886,#3921);
#3404=LINE('',#7887,#3922);
#3405=LINE('',#7890,#3923);
#3406=LINE('',#7892,#3924);
#3407=LINE('',#7894,#3925);
#3408=LINE('',#7896,#3926);
#3409=LINE('',#7898,#3927);
#3410=LINE('',#7900,#3928);
#3411=LINE('',#7902,#3929);
#3412=LINE('',#7904,#3930);
#3413=LINE('',#7930,#3931);
#3414=LINE('',#7972,#3932);
#3415=LINE('',#7987,#3933);
#3416=LINE('',#7990,#3934);
#3417=LINE('',#7992,#3935);
#3418=LINE('',#7994,#3936);
#3419=LINE('',#7995,#3937);
#3420=LINE('',#7998,#3938);
#3421=LINE('',#8000,#3939);
#3422=LINE('',#8002,#3940);
#3423=LINE('',#8004,#3941);
#3424=LINE('',#8006,#3942);
#3425=LINE('',#8008,#3943);
#3426=LINE('',#8010,#3944);
#3427=LINE('',#8012,#3945);
#3428=LINE('',#8014,#3946);
#3429=LINE('',#8016,#3947);
#3430=LINE('',#8018,#3948);
#3431=LINE('',#8019,#3949);
#3432=LINE('',#8022,#3950);
#3433=LINE('',#8024,#3951);
#3434=LINE('',#8026,#3952);
#3435=LINE('',#8028,#3953);
#3436=LINE('',#8030,#3954);
#3437=LINE('',#8032,#3955);
#3438=LINE('',#8034,#3956);
#3439=LINE('',#8036,#3957);
#3440=LINE('',#8038,#3958);
#3441=LINE('',#8040,#3959);
#3442=LINE('',#8042,#3960);
#3443=LINE('',#8044,#3961);
#3444=LINE('',#8046,#3962);
#3445=LINE('',#8048,#3963);
#3446=LINE('',#8050,#3964);
#3447=LINE('',#8052,#3965);
#3448=LINE('',#8054,#3966);
#3449=LINE('',#8056,#3967);
#3450=LINE('',#8058,#3968);
#3451=LINE('',#8060,#3969);
#3452=LINE('',#8062,#3970);
#3453=LINE('',#8064,#3971);
#3454=LINE('',#8066,#3972);
#3455=LINE('',#8069,#3973);
#3456=LINE('',#8071,#3974);
#3457=LINE('',#8073,#3975);
#3458=LINE('',#8075,#3976);
#3459=LINE('',#8077,#3977);
#3460=LINE('',#8079,#3978);
#3461=LINE('',#8081,#3979);
#3462=LINE('',#8083,#3980);
#3463=LINE('',#8085,#3981);
#3464=LINE('',#8087,#3982);
#3465=LINE('',#8089,#3983);
#3466=LINE('',#8091,#3984);
#3467=LINE('',#8093,#3985);
#3468=LINE('',#8095,#3986);
#3469=LINE('',#8097,#3987);
#3470=LINE('',#8099,#3988);
#3471=LINE('',#8101,#3989);
#3472=LINE('',#8103,#3990);
#3473=LINE('',#8105,#3991);
#3474=LINE('',#8107,#3992);
#3475=LINE('',#8109,#3993);
#3476=LINE('',#8111,#3994);
#3477=LINE('',#8113,#3995);
#3478=LINE('',#8115,#3996);
#3479=LINE('',#8118,#3997);
#3480=LINE('',#8120,#3998);
#3481=LINE('',#8122,#3999);
#3482=LINE('',#8124,#4000);
#3483=LINE('',#8126,#4001);
#3484=LINE('',#8128,#4002);
#3485=LINE('',#8130,#4003);
#3486=LINE('',#8132,#4004);
#3487=LINE('',#8142,#4005);
#3488=LINE('',#8197,#4006);
#3489=LINE('',#8201,#4007);
#3490=LINE('',#8203,#4008);
#3491=LINE('',#8226,#4009);
#3492=LINE('',#8269,#4010);
#3493=LINE('',#8312,#4011);
#3494=LINE('',#8348,#4012);
#3495=LINE('',#8354,#4013);
#3496=LINE('',#8356,#4014);
#3497=LINE('',#8365,#4015);
#3498=LINE('',#8378,#4016);
#3499=LINE('',#8391,#4017);
#3500=LINE('',#8404,#4018);
#3501=LINE('',#8422,#4019);
#3502=LINE('',#8424,#4020);
#3503=LINE('',#8426,#4021);
#3504=LINE('',#8428,#4022);
#3505=LINE('',#8430,#4023);
#3506=LINE('',#8432,#4024);
#3507=LINE('',#8434,#4025);
#3508=LINE('',#8436,#4026);
#3509=LINE('',#8438,#4027);
#3510=LINE('',#8440,#4028);
#3511=LINE('',#8442,#4029);
#3512=LINE('',#8444,#4030);
#3513=LINE('',#8446,#4031);
#3514=LINE('',#8448,#4032);
#3515=LINE('',#8450,#4033);
#3516=LINE('',#8467,#4034);
#3517=LINE('',#8469,#4035);
#3518=LINE('',#8471,#4036);
#3519=LINE('',#8473,#4037);
#3520=LINE('',#8475,#4038);
#3521=LINE('',#8477,#4039);
#3522=LINE('',#8493,#4040);
#3523=LINE('',#8503,#4041);
#3524=LINE('',#8505,#4042);
#3525=LINE('',#8575,#4043);
#3526=LINE('',#8584,#4044);
#3527=LINE('',#8585,#4045);
#3528=LINE('',#8588,#4046);
#3529=LINE('',#8590,#4047);
#3530=LINE('',#8592,#4048);
#3531=LINE('',#8594,#4049);
#3532=LINE('',#8596,#4050);
#3533=LINE('',#8598,#4051);
#3534=LINE('',#8600,#4052);
#3535=LINE('',#8602,#4053);
#3536=LINE('',#8603,#4054);
#3537=LINE('',#8616,#4055);
#3538=LINE('',#8618,#4056);
#3539=LINE('',#8626,#4057);
#3540=LINE('',#8628,#4058);
#3541=LINE('',#8630,#4059);
#3542=LINE('',#8632,#4060);
#3543=LINE('',#8634,#4061);
#3544=LINE('',#8636,#4062);
#3545=LINE('',#8639,#4063);
#3546=LINE('',#8642,#4064);
#3547=LINE('',#8644,#4065);
#3548=LINE('',#8646,#4066);
#3549=LINE('',#8648,#4067);
#3550=LINE('',#8650,#4068);
#3551=LINE('',#8652,#4069);
#3552=LINE('',#8654,#4070);
#3553=LINE('',#8656,#4071);
#3554=LINE('',#8658,#4072);
#3555=LINE('',#8659,#4073);
#3556=LINE('',#8661,#4074);
#3557=LINE('',#8663,#4075);
#3558=LINE('',#8665,#4076);
#3559=LINE('',#8667,#4077);
#3560=LINE('',#8669,#4078);
#3561=LINE('',#8671,#4079);
#3562=LINE('',#8673,#4080);
#3563=LINE('',#8703,#4081);
#3564=LINE('',#8745,#4082);
#3565=LINE('',#8766,#4083);
#3566=LINE('',#8767,#4084);
#3567=LINE('',#8776,#4085);
#3568=LINE('',#8785,#4086);
#3569=LINE('',#8794,#4087);
#3570=LINE('',#8803,#4088);
#3571=LINE('',#8805,#4089);
#3572=LINE('',#8824,#4090);
#3573=LINE('',#8855,#4091);
#3574=LINE('',#8886,#4092);
#3575=LINE('',#8905,#4093);
#3576=LINE('',#8907,#4094);
#3577=LINE('',#8955,#4095);
#3578=LINE('',#8964,#4096);
#3579=LINE('',#8965,#4097);
#3580=LINE('',#8968,#4098);
#3581=LINE('',#8970,#4099);
#3582=LINE('',#8972,#4100);
#3583=LINE('',#8974,#4101);
#3584=LINE('',#8976,#4102);
#3585=LINE('',#8978,#4103);
#3586=LINE('',#8980,#4104);
#3587=LINE('',#8982,#4105);
#3588=LINE('',#8983,#4106);
#3589=LINE('',#8996,#4107);
#3590=LINE('',#8998,#4108);
#3591=LINE('',#9006,#4109);
#3592=LINE('',#9008,#4110);
#3593=LINE('',#9010,#4111);
#3594=LINE('',#9012,#4112);
#3595=LINE('',#9014,#4113);
#3596=LINE('',#9016,#4114);
#3597=LINE('',#9019,#4115);
#3598=LINE('',#9022,#4116);
#3599=LINE('',#9024,#4117);
#3600=LINE('',#9030,#4118);
#3601=LINE('',#9032,#4119);
#3602=LINE('',#9034,#4120);
#3603=LINE('',#9036,#4121);
#3604=LINE('',#9038,#4122);
#3605=LINE('',#9040,#4123);
#3606=LINE('',#9042,#4124);
#3607=LINE('',#9044,#4125);
#3608=LINE('',#9046,#4126);
#3609=LINE('',#9048,#4127);
#3610=LINE('',#9050,#4128);
#3611=LINE('',#9056,#4129);
#3612=LINE('',#9058,#4130);
#3613=LINE('',#9060,#4131);
#3614=LINE('',#9061,#4132);
#3615=LINE('',#9063,#4133);
#3616=LINE('',#9065,#4134);
#3617=LINE('',#9067,#4135);
#3618=LINE('',#9076,#4136);
#3619=LINE('',#9078,#4137);
#3620=LINE('',#9080,#4138);
#3621=LINE('',#9082,#4139);
#3622=LINE('',#9084,#4140);
#3623=LINE('',#9086,#4141);
#3624=LINE('',#9088,#4142);
#3625=LINE('',#9090,#4143);
#3626=LINE('',#9092,#4144);
#3627=LINE('',#9094,#4145);
#3628=LINE('',#9096,#4146);
#3629=LINE('',#9108,#4147);
#3630=LINE('',#9111,#4148);
#3631=LINE('',#9114,#4149);
#3632=LINE('',#9116,#4150);
#3633=LINE('',#9118,#4151);
#3634=LINE('',#9120,#4152);
#3635=LINE('',#9122,#4153);
#3636=LINE('',#9124,#4154);
#3637=LINE('',#9126,#4155);
#3638=LINE('',#9128,#4156);
#3639=LINE('',#9130,#4157);
#3640=LINE('',#9132,#4158);
#3641=LINE('',#9134,#4159);
#3642=LINE('',#9136,#4160);
#3643=LINE('',#9137,#4161);
#3644=LINE('',#9139,#4162);
#3645=LINE('',#9141,#4163);
#3646=LINE('',#9143,#4164);
#3647=LINE('',#9145,#4165);
#3648=LINE('',#9147,#4166);
#3649=LINE('',#9149,#4167);
#3650=LINE('',#9151,#4168);
#3651=LINE('',#9153,#4169);
#3652=LINE('',#9155,#4170);
#3653=LINE('',#9157,#4171);
#3654=VECTOR('',#5719,1.);
#3655=VECTOR('',#5720,1.);
#3656=VECTOR('',#5721,1.);
#3657=VECTOR('',#5722,1.);
#3658=VECTOR('',#5725,1.);
#3659=VECTOR('',#5726,1.);
#3660=VECTOR('',#5727,1.);
#3661=VECTOR('',#5730,1.);
#3662=VECTOR('',#5731,1.);
#3663=VECTOR('',#5732,1.);
#3664=VECTOR('',#5735,1.);
#3665=VECTOR('',#5736,1.);
#3666=VECTOR('',#5741,1.);
#3667=VECTOR('',#5742,1.);
#3668=VECTOR('',#5743,1.);
#3669=VECTOR('',#5744,1.);
#3670=VECTOR('',#5747,1.);
#3671=VECTOR('',#5748,1.);
#3672=VECTOR('',#5749,1.);
#3673=VECTOR('',#5752,1.);
#3674=VECTOR('',#5753,1.);
#3675=VECTOR('',#5754,1.);
#3676=VECTOR('',#5757,1.);
#3677=VECTOR('',#5758,1.);
#3678=VECTOR('',#5759,1.);
#3679=VECTOR('',#5762,1.);
#3680=VECTOR('',#5763,1.);
#3681=VECTOR('',#5764,1.);
#3682=VECTOR('',#5767,1.);
#3683=VECTOR('',#5768,1.);
#3684=VECTOR('',#5773,1.);
#3685=VECTOR('',#5774,1.);
#3686=VECTOR('',#5775,1.);
#3687=VECTOR('',#5776,1.);
#3688=VECTOR('',#5779,1.);
#3689=VECTOR('',#5780,1.);
#3690=VECTOR('',#5781,1.);
#3691=VECTOR('',#5784,1.);
#3692=VECTOR('',#5785,1.);
#3693=VECTOR('',#5786,1.);
#3694=VECTOR('',#5789,1.);
#3695=VECTOR('',#5790,1.);
#3696=VECTOR('',#5791,1.);
#3697=VECTOR('',#5794,1.);
#3698=VECTOR('',#5795,1.);
#3699=VECTOR('',#5796,1.);
#3700=VECTOR('',#5799,1.);
#3701=VECTOR('',#5800,1.);
#3702=VECTOR('',#5801,1.);
#3703=VECTOR('',#5804,1.);
#3704=VECTOR('',#5805,1.);
#3705=VECTOR('',#5806,1.);
#3706=VECTOR('',#5815,1.);
#3707=VECTOR('',#5816,1.);
#3708=VECTOR('',#5817,1.);
#3709=VECTOR('',#5820,1.);
#3710=VECTOR('',#5821,1.);
#3711=VECTOR('',#5822,1.);
#3712=VECTOR('',#5825,1.);
#3713=VECTOR('',#5826,1.);
#3714=VECTOR('',#5833,1.);
#3715=VECTOR('',#5834,1.);
#3716=VECTOR('',#5837,1.);
#3717=VECTOR('',#5838,1.);
#3718=VECTOR('',#5839,1.);
#3719=VECTOR('',#5844,1.);
#3720=VECTOR('',#5849,1.);
#3721=VECTOR('',#5850,1.);
#3722=VECTOR('',#5851,1.);
#3723=VECTOR('',#5854,1.);
#3724=VECTOR('',#5855,1.);
#3725=VECTOR('',#5856,1.);
#3726=VECTOR('',#5859,1.);
#3727=VECTOR('',#5860,1.);
#3728=VECTOR('',#5861,1.);
#3729=VECTOR('',#5864,1.);
#3730=VECTOR('',#5865,1.);
#3731=VECTOR('',#5866,1.);
#3732=VECTOR('',#5869,1.);
#3733=VECTOR('',#5870,1.);
#3734=VECTOR('',#5871,1.);
#3735=VECTOR('',#5874,1.);
#3736=VECTOR('',#5875,1.);
#3737=VECTOR('',#5876,1.);
#3738=VECTOR('',#5877,1.);
#3739=VECTOR('',#5880,1.);
#3740=VECTOR('',#5881,1.);
#3741=VECTOR('',#5882,1.);
#3742=VECTOR('',#5885,1.);
#3743=VECTOR('',#5886,1.);
#3744=VECTOR('',#5887,1.);
#3745=VECTOR('',#5890,1.);
#3746=VECTOR('',#5891,1.);
#3747=VECTOR('',#5892,1.);
#3748=VECTOR('',#5895,1.);
#3749=VECTOR('',#5896,1.);
#3750=VECTOR('',#5897,1.);
#3751=VECTOR('',#5900,1.);
#3752=VECTOR('',#5901,1.);
#3753=VECTOR('',#5906,1.);
#3754=VECTOR('',#5907,1.);
#3755=VECTOR('',#5908,1.);
#3756=VECTOR('',#5909,1.);
#3757=VECTOR('',#5912,1.);
#3758=VECTOR('',#5913,1.);
#3759=VECTOR('',#5914,1.);
#3760=VECTOR('',#5917,1.);
#3761=VECTOR('',#5918,1.);
#3762=VECTOR('',#5919,1.);
#3763=VECTOR('',#5922,1.);
#3764=VECTOR('',#5923,1.);
#3765=VECTOR('',#5928,1.);
#3766=VECTOR('',#5929,1.);
#3767=VECTOR('',#5930,1.);
#3768=VECTOR('',#5931,1.);
#3769=VECTOR('',#5934,1.);
#3770=VECTOR('',#5935,1.);
#3771=VECTOR('',#5936,1.);
#3772=VECTOR('',#5939,1.);
#3773=VECTOR('',#5940,1.);
#3774=VECTOR('',#5941,1.);
#3775=VECTOR('',#5944,1.);
#3776=VECTOR('',#5945,1.);
#3777=VECTOR('',#5946,1.);
#3778=VECTOR('',#5949,1.);
#3779=VECTOR('',#5950,1.);
#3780=VECTOR('',#5951,1.);
#3781=VECTOR('',#5954,1.);
#3782=VECTOR('',#5955,1.);
#3783=VECTOR('',#5956,1.);
#3784=VECTOR('',#5959,1.);
#3785=VECTOR('',#5960,1.);
#3786=VECTOR('',#5961,1.);
#3787=VECTOR('',#5964,1.);
#3788=VECTOR('',#5965,1.);
#3789=VECTOR('',#5966,1.);
#3790=VECTOR('',#5969,1.);
#3791=VECTOR('',#5970,1.);
#3792=VECTOR('',#5971,1.);
#3793=VECTOR('',#5974,1.);
#3794=VECTOR('',#5975,1.);
#3795=VECTOR('',#5976,1.);
#3796=VECTOR('',#5979,1.);
#3797=VECTOR('',#5980,1.);
#3798=VECTOR('',#5981,1.);
#3799=VECTOR('',#5984,1.);
#3800=VECTOR('',#5985,1.);
#3801=VECTOR('',#5986,1.);
#3802=VECTOR('',#5989,1.);
#3803=VECTOR('',#5990,1.);
#3804=VECTOR('',#5993,1.);
#3805=VECTOR('',#5994,1.);
#3806=VECTOR('',#5995,1.);
#3807=VECTOR('',#5996,1.);
#3808=VECTOR('',#5997,1.);
#3809=VECTOR('',#6000,1.);
#3810=VECTOR('',#6001,1.);
#3811=VECTOR('',#6002,1.);
#3812=VECTOR('',#6005,1.);
#3813=VECTOR('',#6006,1.);
#3814=VECTOR('',#6007,1.);
#3815=VECTOR('',#6010,1.);
#3816=VECTOR('',#6011,1.);
#3817=VECTOR('',#6012,1.);
#3818=VECTOR('',#6013,1.);
#3819=VECTOR('',#6016,1.);
#3820=VECTOR('',#6017,1.);
#3821=VECTOR('',#6018,1.);
#3822=VECTOR('',#6025,1.);
#3823=VECTOR('',#6026,1.);
#3824=VECTOR('',#6029,1.);
#3825=VECTOR('',#6030,1.);
#3826=VECTOR('',#6031,1.);
#3827=VECTOR('',#6034,1.);
#3828=VECTOR('',#6035,1.);
#3829=VECTOR('',#6036,1.);
#3830=VECTOR('',#6039,1.);
#3831=VECTOR('',#6040,1.);
#3832=VECTOR('',#6041,1.);
#3833=VECTOR('',#6044,1.);
#3834=VECTOR('',#6045,1.);
#3835=VECTOR('',#6046,1.);
#3836=VECTOR('',#6049,1.);
#3837=VECTOR('',#6050,1.);
#3838=VECTOR('',#6051,1.);
#3839=VECTOR('',#6054,1.);
#3840=VECTOR('',#6055,1.);
#3841=VECTOR('',#6058,1.);
#3842=VECTOR('',#6059,1.);
#3843=VECTOR('',#6064,1.);
#3844=VECTOR('',#6065,1.);
#3845=VECTOR('',#6066,1.);
#3846=VECTOR('',#6067,1.);
#3847=VECTOR('',#6068,1.);
#3848=VECTOR('',#6071,1.);
#3849=VECTOR('',#6072,1.);
#3850=VECTOR('',#6073,1.);
#3851=VECTOR('',#6076,1.);
#3852=VECTOR('',#6077,1.);
#3853=VECTOR('',#6078,1.);
#3854=VECTOR('',#6081,1.);
#3855=VECTOR('',#6082,1.);
#3856=VECTOR('',#6083,1.);
#3857=VECTOR('',#6084,1.);
#3858=VECTOR('',#6085,1.);
#3859=VECTOR('',#6092,1.);
#3860=VECTOR('',#6095,1.);
#3861=VECTOR('',#6096,1.);
#3862=VECTOR('',#6097,1.);
#3863=VECTOR('',#6100,1.);
#3864=VECTOR('',#6101,1.);
#3865=VECTOR('',#6102,1.);
#3866=VECTOR('',#6105,1.);
#3867=VECTOR('',#6106,1.);
#3868=VECTOR('',#6111,1.);
#3869=VECTOR('',#6112,1.);
#3870=VECTOR('',#6113,1.);
#3871=VECTOR('',#6114,1.);
#3872=VECTOR('',#6115,1.);
#3873=VECTOR('',#6116,1.);
#3874=VECTOR('',#6117,1.);
#3875=VECTOR('',#6118,1.);
#3876=VECTOR('',#6119,1.);
#3877=VECTOR('',#6120,1.);
#3878=VECTOR('',#6121,1.);
#3879=VECTOR('',#6122,1.);
#3880=VECTOR('',#6125,1.);
#3881=VECTOR('',#6126,1.);
#3882=VECTOR('',#6127,1.);
#3883=VECTOR('',#6128,1.);
#3884=VECTOR('',#6129,1.);
#3885=VECTOR('',#6130,1.);
#3886=VECTOR('',#6131,1.);
#3887=VECTOR('',#6132,1.);
#3888=VECTOR('',#6133,1.);
#3889=VECTOR('',#6134,1.);
#3890=VECTOR('',#6135,1.);
#3891=VECTOR('',#6136,1.);
#3892=VECTOR('',#6137,1.);
#3893=VECTOR('',#6138,1.);
#3894=VECTOR('',#6139,1.);
#3895=VECTOR('',#6140,1.);
#3896=VECTOR('',#6143,1.);
#3897=VECTOR('',#6144,1.);
#3898=VECTOR('',#6145,1.);
#3899=VECTOR('',#6146,1.);
#3900=VECTOR('',#6147,1.);
#3901=VECTOR('',#6148,1.);
#3902=VECTOR('',#6149,1.);
#3903=VECTOR('',#6150,1.);
#3904=VECTOR('',#6151,1.);
#3905=VECTOR('',#6166,1.);
#3906=VECTOR('',#6177,1.);
#3907=VECTOR('',#6178,1.);
#3908=VECTOR('',#6179,1.);
#3909=VECTOR('',#6180,1.);
#3910=VECTOR('',#6181,1.);
#3911=VECTOR('',#6182,1.);
#3912=VECTOR('',#6183,1.);
#3913=VECTOR('',#6184,1.);
#3914=VECTOR('',#6201,1.);
#3915=VECTOR('',#6202,1.);
#3916=VECTOR('',#6203,1.);
#3917=VECTOR('',#6204,1.);
#3918=VECTOR('',#6205,1.);
#3919=VECTOR('',#6206,1.);
#3920=VECTOR('',#6207,1.);
#3921=VECTOR('',#6208,1.);
#3922=VECTOR('',#6209,1.);
#3923=VECTOR('',#6210,1.);
#3924=VECTOR('',#6211,1.);
#3925=VECTOR('',#6212,1.);
#3926=VECTOR('',#6213,1.);
#3927=VECTOR('',#6214,1.);
#3928=VECTOR('',#6215,1.);
#3929=VECTOR('',#6216,1.);
#3930=VECTOR('',#6217,1.);
#3931=VECTOR('',#6218,1.);
#3932=VECTOR('',#6235,1.);
#3933=VECTOR('',#6246,1.);
#3934=VECTOR('',#6247,1.);
#3935=VECTOR('',#6248,1.);
#3936=VECTOR('',#6249,1.);
#3937=VECTOR('',#6250,1.);
#3938=VECTOR('',#6251,1.);
#3939=VECTOR('',#6252,1.);
#3940=VECTOR('',#6253,1.);
#3941=VECTOR('',#6254,1.);
#3942=VECTOR('',#6255,1.);
#3943=VECTOR('',#6256,1.);
#3944=VECTOR('',#6257,1.);
#3945=VECTOR('',#6258,1.);
#3946=VECTOR('',#6259,1.);
#3947=VECTOR('',#6260,1.);
#3948=VECTOR('',#6261,1.);
#3949=VECTOR('',#6262,1.);
#3950=VECTOR('',#6263,1.);
#3951=VECTOR('',#6264,1.);
#3952=VECTOR('',#6265,1.);
#3953=VECTOR('',#6266,1.);
#3954=VECTOR('',#6267,1.);
#3955=VECTOR('',#6268,1.);
#3956=VECTOR('',#6269,1.);
#3957=VECTOR('',#6272,1.);
#3958=VECTOR('',#6273,1.);
#3959=VECTOR('',#6274,1.);
#3960=VECTOR('',#6277,1.);
#3961=VECTOR('',#6278,1.);
#3962=VECTOR('',#6281,1.);
#3963=VECTOR('',#6282,1.);
#3964=VECTOR('',#6285,1.);
#3965=VECTOR('',#6286,1.);
#3966=VECTOR('',#6289,1.);
#3967=VECTOR('',#6290,1.);
#3968=VECTOR('',#6293,1.);
#3969=VECTOR('',#6294,1.);
#3970=VECTOR('',#6297,1.);
#3971=VECTOR('',#6298,1.);
#3972=VECTOR('',#6301,1.);
#3973=VECTOR('',#6306,1.);
#3974=VECTOR('',#6307,1.);
#3975=VECTOR('',#6308,1.);
#3976=VECTOR('',#6311,1.);
#3977=VECTOR('',#6312,1.);
#3978=VECTOR('',#6315,1.);
#3979=VECTOR('',#6316,1.);
#3980=VECTOR('',#6319,1.);
#3981=VECTOR('',#6320,1.);
#3982=VECTOR('',#6323,1.);
#3983=VECTOR('',#6324,1.);
#3984=VECTOR('',#6327,1.);
#3985=VECTOR('',#6328,1.);
#3986=VECTOR('',#6331,1.);
#3987=VECTOR('',#6332,1.);
#3988=VECTOR('',#6335,1.);
#3989=VECTOR('',#6336,1.);
#3990=VECTOR('',#6339,1.);
#3991=VECTOR('',#6340,1.);
#3992=VECTOR('',#6343,1.);
#3993=VECTOR('',#6344,1.);
#3994=VECTOR('',#6347,1.);
#3995=VECTOR('',#6348,1.);
#3996=VECTOR('',#6351,1.);
#3997=VECTOR('',#6356,1.);
#3998=VECTOR('',#6357,1.);
#3999=VECTOR('',#6358,1.);
#4000=VECTOR('',#6361,1.);
#4001=VECTOR('',#6362,1.);
#4002=VECTOR('',#6365,1.);
#4003=VECTOR('',#6366,1.);
#4004=VECTOR('',#6369,1.);
#4005=VECTOR('',#6372,1.);
#4006=VECTOR('',#6391,1.);
#4007=VECTOR('',#6396,1.);
#4008=VECTOR('',#6397,1.);
#4009=VECTOR('',#6406,1.);
#4010=VECTOR('',#6415,1.);
#4011=VECTOR('',#6424,1.);
#4012=VECTOR('',#6429,1.);
#4013=VECTOR('',#6432,1.);
#4014=VECTOR('',#6433,1.);
#4015=VECTOR('',#6434,1.);
#4016=VECTOR('',#6435,1.);
#4017=VECTOR('',#6436,1.);
#4018=VECTOR('',#6437,1.);
#4019=VECTOR('',#6442,1.);
#4020=VECTOR('',#6443,1.);
#4021=VECTOR('',#6444,1.);
#4022=VECTOR('',#6447,1.);
#4023=VECTOR('',#6448,1.);
#4024=VECTOR('',#6451,1.);
#4025=VECTOR('',#6452,1.);
#4026=VECTOR('',#6455,1.);
#4027=VECTOR('',#6456,1.);
#4028=VECTOR('',#6459,1.);
#4029=VECTOR('',#6460,1.);
#4030=VECTOR('',#6463,1.);
#4031=VECTOR('',#6464,1.);
#4032=VECTOR('',#6467,1.);
#4033=VECTOR('',#6468,1.);
#4034=VECTOR('',#6477,1.);
#4035=VECTOR('',#6478,1.);
#4036=VECTOR('',#6479,1.);
#4037=VECTOR('',#6482,1.);
#4038=VECTOR('',#6483,1.);
#4039=VECTOR('',#6484,1.);
#4040=VECTOR('',#6487,1.);
#4041=VECTOR('',#6494,1.);
#4042=VECTOR('',#6495,1.);
#4043=VECTOR('',#6594,1.);
#4044=VECTOR('',#6597,1.);
#4045=VECTOR('',#6598,1.);
#4046=VECTOR('',#6599,1.);
#4047=VECTOR('',#6600,1.);
#4048=VECTOR('',#6601,1.);
#4049=VECTOR('',#6602,1.);
#4050=VECTOR('',#6603,1.);
#4051=VECTOR('',#6604,1.);
#4052=VECTOR('',#6605,1.);
#4053=VECTOR('',#6608,1.);
#4054=VECTOR('',#6609,1.);
#4055=VECTOR('',#6610,1.);
#4056=VECTOR('',#6613,1.);
#4057=VECTOR('',#6620,1.);
#4058=VECTOR('',#6623,1.);
#4059=VECTOR('',#6626,1.);
#4060=VECTOR('',#6629,1.);
#4061=VECTOR('',#6632,1.);
#4062=VECTOR('',#6635,1.);
#4063=VECTOR('',#6640,1.);
#4064=VECTOR('',#6641,1.);
#4065=VECTOR('',#6642,1.);
#4066=VECTOR('',#6643,1.);
#4067=VECTOR('',#6644,1.);
#4068=VECTOR('',#6645,1.);
#4069=VECTOR('',#6646,1.);
#4070=VECTOR('',#6647,1.);
#4071=VECTOR('',#6648,1.);
#4072=VECTOR('',#6651,1.);
#4073=VECTOR('',#6652,1.);
#4074=VECTOR('',#6655,1.);
#4075=VECTOR('',#6658,1.);
#4076=VECTOR('',#6661,1.);
#4077=VECTOR('',#6664,1.);
#4078=VECTOR('',#6667,1.);
#4079=VECTOR('',#6670,1.);
#4080=VECTOR('',#6673,1.);
#4081=VECTOR('',#6688,1.);
#4082=VECTOR('',#6705,1.);
#4083=VECTOR('',#6706,1.);
#4084=VECTOR('',#6707,1.);
#4085=VECTOR('',#6708,1.);
#4086=VECTOR('',#6709,1.);
#4087=VECTOR('',#6710,1.);
#4088=VECTOR('',#6711,1.);
#4089=VECTOR('',#6714,1.);
#4090=VECTOR('',#6719,1.);
#4091=VECTOR('',#6724,1.);
#4092=VECTOR('',#6729,1.);
#4093=VECTOR('',#6734,1.);
#4094=VECTOR('',#6737,1.);
#4095=VECTOR('',#6752,1.);
#4096=VECTOR('',#6755,1.);
#4097=VECTOR('',#6756,1.);
#4098=VECTOR('',#6757,1.);
#4099=VECTOR('',#6758,1.);
#4100=VECTOR('',#6759,1.);
#4101=VECTOR('',#6760,1.);
#4102=VECTOR('',#6761,1.);
#4103=VECTOR('',#6762,1.);
#4104=VECTOR('',#6763,1.);
#4105=VECTOR('',#6766,1.);
#4106=VECTOR('',#6767,1.);
#4107=VECTOR('',#6768,1.);
#4108=VECTOR('',#6771,1.);
#4109=VECTOR('',#6778,1.);
#4110=VECTOR('',#6781,1.);
#4111=VECTOR('',#6784,1.);
#4112=VECTOR('',#6787,1.);
#4113=VECTOR('',#6790,1.);
#4114=VECTOR('',#6793,1.);
#4115=VECTOR('',#6798,1.);
#4116=VECTOR('',#6799,1.);
#4117=VECTOR('',#6800,1.);
#4118=VECTOR('',#6805,1.);
#4119=VECTOR('',#6806,1.);
#4120=VECTOR('',#6807,1.);
#4121=VECTOR('',#6808,1.);
#4122=VECTOR('',#6809,1.);
#4123=VECTOR('',#6810,1.);
#4124=VECTOR('',#6811,1.);
#4125=VECTOR('',#6812,1.);
#4126=VECTOR('',#6813,1.);
#4127=VECTOR('',#6814,1.);
#4128=VECTOR('',#6815,1.);
#4129=VECTOR('',#6816,1.);
#4130=VECTOR('',#6817,1.);
#4131=VECTOR('',#6820,1.);
#4132=VECTOR('',#6821,1.);
#4133=VECTOR('',#6824,1.);
#4134=VECTOR('',#6827,1.);
#4135=VECTOR('',#6830,1.);
#4136=VECTOR('',#6831,1.);
#4137=VECTOR('',#6834,1.);
#4138=VECTOR('',#6837,1.);
#4139=VECTOR('',#6840,1.);
#4140=VECTOR('',#6843,1.);
#4141=VECTOR('',#6846,1.);
#4142=VECTOR('',#6849,1.);
#4143=VECTOR('',#6852,1.);
#4144=VECTOR('',#6855,1.);
#4145=VECTOR('',#6858,1.);
#4146=VECTOR('',#6861,1.);
#4147=VECTOR('',#6868,1.);
#4148=VECTOR('',#6873,1.);
#4149=VECTOR('',#6874,1.);
#4150=VECTOR('',#6875,1.);
#4151=VECTOR('',#6876,1.);
#4152=VECTOR('',#6877,1.);
#4153=VECTOR('',#6878,1.);
#4154=VECTOR('',#6879,1.);
#4155=VECTOR('',#6880,1.);
#4156=VECTOR('',#6881,1.);
#4157=VECTOR('',#6882,1.);
#4158=VECTOR('',#6883,1.);
#4159=VECTOR('',#6884,1.);
#4160=VECTOR('',#6887,1.);
#4161=VECTOR('',#6888,1.);
#4162=VECTOR('',#6891,1.);
#4163=VECTOR('',#6894,1.);
#4164=VECTOR('',#6897,1.);
#4165=VECTOR('',#6900,1.);
#4166=VECTOR('',#6903,1.);
#4167=VECTOR('',#6906,1.);
#4168=VECTOR('',#6909,1.);
#4169=VECTOR('',#6912,1.);
#4170=VECTOR('',#6915,1.);
#4171=VECTOR('',#6918,1.);
#4172=EDGE_LOOP('',(#351,#352,#353,#354));
#4173=EDGE_LOOP('',(#355,#356,#357,#358));
#4174=EDGE_LOOP('',(#359,#360,#361,#362));
#4175=EDGE_LOOP('',(#363,#364,#365,#366));
#4176=EDGE_LOOP('',(#367,#368,#369,#370));
#4177=EDGE_LOOP('',(#371,#372,#373,#374));
#4178=EDGE_LOOP('',(#375,#376,#377,#378));
#4179=EDGE_LOOP('',(#379,#380,#381,#382));
#4180=EDGE_LOOP('',(#383,#384,#385,#386));
#4181=EDGE_LOOP('',(#387,#388,#389,#390));
#4182=EDGE_LOOP('',(#391,#392,#393,#394));
#4183=EDGE_LOOP('',(#395,#396,#397,#398,#399,#400));
#4184=EDGE_LOOP('',(#401,#402,#403,#404));
#4185=EDGE_LOOP('',(#405,#406,#407,#408));
#4186=EDGE_LOOP('',(#409,#410,#411,#412));
#4187=EDGE_LOOP('',(#413,#414,#415,#416));
#4188=EDGE_LOOP('',(#417,#418,#419,#420));
#4189=EDGE_LOOP('',(#421,#422,#423,#424));
#4190=EDGE_LOOP('',(#425,#426,#427,#428));
#4191=EDGE_LOOP('',(#429,#430,#431,#432));
#4192=EDGE_LOOP('',(#433,#434,#435,#436));
#4193=EDGE_LOOP('',(#437,#438,#439,#440));
#4194=EDGE_LOOP('',(#441,#442,#443,#444));
#4195=EDGE_LOOP('',(#445,#446,#447,#448));
#4196=EDGE_LOOP('',(#449,#450,#451,#452));
#4197=EDGE_LOOP('',(#453,#454,#455,#456,#457,#458,#459,#460));
#4198=EDGE_LOOP('',(#461,#462,#463,#464));
#4199=EDGE_LOOP('',(#465,#466,#467,#468));
#4200=EDGE_LOOP('',(#469,#470,#471,#472));
#4201=EDGE_LOOP('',(#473,#474,#475,#476));
#4202=EDGE_LOOP('',(#477,#478,#479,#480));
#4203=EDGE_LOOP('',(#481,#482,#483,#484));
#4204=EDGE_LOOP('',(#485,#486,#487,#488));
#4205=EDGE_LOOP('',(#489,#490,#491,#492));
#4206=EDGE_LOOP('',(#493,#494,#495,#496));
#4207=EDGE_LOOP('',(#497,#498,#499,#500));
#4208=EDGE_LOOP('',(#501,#502,#503,#504));
#4209=EDGE_LOOP('',(#505,#506,#507,#508));
#4210=EDGE_LOOP('',(#509,#510,#511,#512));
#4211=EDGE_LOOP('',(#513,#514,#515,#516));
#4212=EDGE_LOOP('',(#517,#518,#519,#520));
#4213=EDGE_LOOP('',(#521,#522,#523,#524,#525,#526,#527,#528,#529,#530,#531,
#532,#533,#534));
#4214=EDGE_LOOP('',(#535,#536,#537,#538));
#4215=EDGE_LOOP('',(#539,#540,#541,#542));
#4216=EDGE_LOOP('',(#543,#544,#545,#546));
#4217=EDGE_LOOP('',(#547,#548,#549,#550));
#4218=EDGE_LOOP('',(#551,#552,#553,#554));
#4219=EDGE_LOOP('',(#555,#556,#557,#558));
#4220=EDGE_LOOP('',(#559,#560,#561,#562));
#4221=EDGE_LOOP('',(#563,#564,#565,#566));
#4222=EDGE_LOOP('',(#567,#568,#569,#570));
#4223=EDGE_LOOP('',(#571,#572,#573,#574));
#4224=EDGE_LOOP('',(#575,#576,#577,#578));
#4225=EDGE_LOOP('',(#579,#580,#581,#582));
#4226=EDGE_LOOP('',(#583,#584,#585,#586));
#4227=EDGE_LOOP('',(#587,#588,#589,#590));
#4228=EDGE_LOOP('',(#591,#592,#593,#594));
#4229=EDGE_LOOP('',(#595,#596,#597,#598));
#4230=EDGE_LOOP('',(#599,#600,#601,#602));
#4231=EDGE_LOOP('',(#603,#604,#605,#606));
#4232=EDGE_LOOP('',(#607,#608,#609,#610,#611,#612,#613,#614,#615,#616,#617,
#618,#619));
#4233=EDGE_LOOP('',(#620,#621,#622,#623));
#4234=EDGE_LOOP('',(#624,#625,#626,#627));
#4235=EDGE_LOOP('',(#628,#629,#630,#631));
#4236=EDGE_LOOP('',(#632,#633,#634,#635));
#4237=EDGE_LOOP('',(#636,#637,#638,#639));
#4238=EDGE_LOOP('',(#640,#641,#642,#643));
#4239=EDGE_LOOP('',(#644,#645,#646,#647));
#4240=EDGE_LOOP('',(#648,#649,#650,#651));
#4241=EDGE_LOOP('',(#652,#653,#654,#655));
#4242=EDGE_LOOP('',(#656,#657,#658,#659));
#4243=EDGE_LOOP('',(#660,#661,#662,#663));
#4244=EDGE_LOOP('',(#664,#665,#666,#667));
#4245=EDGE_LOOP('',(#668,#669,#670,#671));
#4246=EDGE_LOOP('',(#672,#673,#674,#675));
#4247=EDGE_LOOP('',(#676,#677,#678,#679));
#4248=EDGE_LOOP('',(#680,#681,#682,#683));
#4249=EDGE_LOOP('',(#684,#685,#686,#687));
#4250=EDGE_LOOP('',(#688,#689,#690,#691));
#4251=EDGE_LOOP('',(#692,#693,#694,#695));
#4252=EDGE_LOOP('',(#696,#697,#698,#699,#700,#701,#702,#703,#704,#705,#706,
#707));
#4253=EDGE_LOOP('',(#708,#709,#710,#711,#712,#713,#714));
#4254=EDGE_LOOP('',(#715,#716,#717,#718,#719,#720,#721));
#4255=EDGE_LOOP('',(#722,#723,#724,#725));
#4256=EDGE_LOOP('',(#726,#727,#728,#729));
#4257=EDGE_LOOP('',(#730,#731,#732,#733));
#4258=EDGE_LOOP('',(#734,#735,#736,#737));
#4259=EDGE_LOOP('',(#738,#739,#740,#741));
#4260=EDGE_LOOP('',(#742,#743,#744,#745));
#4261=EDGE_LOOP('',(#746,#747,#748,#749));
#4262=EDGE_LOOP('',(#750,#751,#752,#753));
#4263=EDGE_LOOP('',(#754,#755,#756,#757));
#4264=EDGE_LOOP('',(#758,#759,#760,#761));
#4265=EDGE_LOOP('',(#762,#763,#764,#765));
#4266=EDGE_LOOP('',(#766,#767,#768,#769));
#4267=EDGE_LOOP('',(#770,#771,#772,#773));
#4268=EDGE_LOOP('',(#774,#775,#776,#777));
#4269=EDGE_LOOP('',(#778,#779,#780,#781));
#4270=EDGE_LOOP('',(#782,#783,#784,#785,#786,#787,#788,#789,#790,#791,#792,
#793,#794,#795,#796));
#4271=EDGE_LOOP('',(#797,#798,#799,#800));
#4272=EDGE_LOOP('',(#801,#802,#803,#804,#805,#806));
#4273=EDGE_LOOP('',(#807,#808,#809,#810,#811,#812,#813,#814));
#4274=EDGE_LOOP('',(#815,#816,#817,#818,#819,#820,#821,#822,#823,#824,#825,
#826));
#4275=EDGE_LOOP('',(#827,#828,#829,#830,#831,#832,#833,#834,#835,#836,#837,
#838,#839,#840,#841,#842,#843,#844,#845));
#4276=EDGE_LOOP('',(#846,#847,#848,#849,#850,#851,#852,#853));
#4277=EDGE_LOOP('',(#854,#855,#856,#857,#858,#859,#860,#861,#862,#863,#864,
#865,#866,#867));
#4278=EDGE_LOOP('',(#868,#869,#870,#871));
#4279=EDGE_LOOP('',(#872,#873,#874,#875,#876,#877,#878,#879,#880,#881,#882,
#883,#884));
#4280=EDGE_LOOP('',(#885,#886,#887,#888,#889,#890,#891,#892,#893,#894,#895,
#896));
#4281=EDGE_LOOP('',(#897,#898,#899,#900,#901,#902,#903,#904,#905,#906,#907,
#908,#909,#910,#911,#912,#913,#914,#915,#916,#917,#918,#919,#920,#921,#922,
#923,#924));
#4282=EDGE_LOOP('',(#925,#926,#927,#928,#929,#930,#931,#932));
#4283=EDGE_LOOP('',(#933));
#4284=EDGE_LOOP('',(#934));
#4285=EDGE_LOOP('',(#935));
#4286=EDGE_LOOP('',(#936));
#4287=EDGE_LOOP('',(#937));
#4288=EDGE_LOOP('',(#938));
#4289=EDGE_LOOP('',(#939));
#4290=EDGE_LOOP('',(#940));
#4291=EDGE_LOOP('',(#941,#942,#943,#944,#945,#946,#947,#948));
#4292=EDGE_LOOP('',(#949,#950,#951,#952,#953,#954,#955,#956,#957));
#4293=EDGE_LOOP('',(#958,#959,#960,#961,#962,#963,#964,#965,#966,#967,#968,
#969,#970,#971,#972,#973,#974,#975,#976,#977,#978,#979,#980,#981,#982,#983,
#984,#985));
#4294=EDGE_LOOP('',(#986,#987,#988,#989));
#4295=EDGE_LOOP('',(#990,#991,#992,#993,#994,#995,#996,#997,#998,#999,#1000,
#1001));
#4296=EDGE_LOOP('',(#1002,#1003,#1004,#1005,#1006,#1007,#1008,#1009));
#4297=EDGE_LOOP('',(#1010,#1011,#1012,#1013,#1014,#1015,#1016,#1017,#1018,
#1019,#1020,#1021,#1022,#1023,#1024));
#4298=EDGE_LOOP('',(#1025,#1026,#1027,#1028));
#4299=EDGE_LOOP('',(#1029,#1030,#1031,#1032));
#4300=EDGE_LOOP('',(#1033,#1034,#1035,#1036));
#4301=EDGE_LOOP('',(#1037,#1038,#1039,#1040));
#4302=EDGE_LOOP('',(#1041,#1042,#1043,#1044));
#4303=EDGE_LOOP('',(#1045,#1046,#1047,#1048));
#4304=EDGE_LOOP('',(#1049,#1050,#1051,#1052));
#4305=EDGE_LOOP('',(#1053,#1054,#1055,#1056));
#4306=EDGE_LOOP('',(#1057,#1058,#1059,#1060,#1061,#1062,#1063,#1064));
#4307=EDGE_LOOP('',(#1065,#1066,#1067,#1068));
#4308=EDGE_LOOP('',(#1069,#1070,#1071,#1072));
#4309=EDGE_LOOP('',(#1073,#1074,#1075,#1076));
#4310=EDGE_LOOP('',(#1077,#1078,#1079,#1080));
#4311=EDGE_LOOP('',(#1081,#1082,#1083,#1084));
#4312=EDGE_LOOP('',(#1085,#1086,#1087,#1088));
#4313=EDGE_LOOP('',(#1089,#1090,#1091,#1092));
#4314=EDGE_LOOP('',(#1093,#1094,#1095,#1096));
#4315=EDGE_LOOP('',(#1097,#1098,#1099,#1100));
#4316=EDGE_LOOP('',(#1101,#1102,#1103,#1104));
#4317=EDGE_LOOP('',(#1105,#1106,#1107,#1108));
#4318=EDGE_LOOP('',(#1109,#1110,#1111,#1112));
#4319=EDGE_LOOP('',(#1113,#1114,#1115,#1116,#1117,#1118,#1119,#1120,#1121,
#1122,#1123,#1124));
#4320=EDGE_LOOP('',(#1125,#1126,#1127,#1128));
#4321=EDGE_LOOP('',(#1129,#1130,#1131,#1132));
#4322=EDGE_LOOP('',(#1133,#1134,#1135,#1136));
#4323=EDGE_LOOP('',(#1137,#1138,#1139,#1140));
#4324=EDGE_LOOP('',(#1141,#1142,#1143,#1144));
#4325=EDGE_LOOP('',(#1145,#1146,#1147,#1148));
#4326=EDGE_LOOP('',(#1149,#1150,#1151,#1152));
#4327=EDGE_LOOP('',(#1153,#1154,#1155,#1156));
#4328=EDGE_LOOP('',(#1157,#1158,#1159,#1160));
#4329=EDGE_LOOP('',(#1161,#1162,#1163,#1164));
#4330=EDGE_LOOP('',(#1165,#1166,#1167,#1168));
#4331=EDGE_LOOP('',(#1169,#1170,#1171,#1172));
#4332=EDGE_LOOP('',(#1173,#1174,#1175,#1176));
#4333=EDGE_LOOP('',(#1177,#1178,#1179,#1180));
#4334=EDGE_LOOP('',(#1181,#1182,#1183,#1184));
#4335=EDGE_LOOP('',(#1185,#1186,#1187,#1188));
#4336=EDGE_LOOP('',(#1189,#1190,#1191,#1192));
#4337=EDGE_LOOP('',(#1193,#1194,#1195,#1196));
#4338=EDGE_LOOP('',(#1197,#1198,#1199,#1200));
#4339=EDGE_LOOP('',(#1201,#1202,#1203,#1204));
#4340=EDGE_LOOP('',(#1205,#1206,#1207,#1208));
#4341=EDGE_LOOP('',(#1209,#1210,#1211,#1212));
#4342=EDGE_LOOP('',(#1213,#1214,#1215,#1216));
#4343=EDGE_LOOP('',(#1217,#1218,#1219,#1220));
#4344=EDGE_LOOP('',(#1221,#1222,#1223,#1224));
#4345=EDGE_LOOP('',(#1225,#1226,#1227,#1228));
#4346=EDGE_LOOP('',(#1229,#1230,#1231,#1232));
#4347=EDGE_LOOP('',(#1233,#1234,#1235,#1236));
#4348=EDGE_LOOP('',(#1237,#1238,#1239,#1240));
#4349=EDGE_LOOP('',(#1241,#1242,#1243,#1244));
#4350=EDGE_LOOP('',(#1245,#1246,#1247,#1248));
#4351=EDGE_LOOP('',(#1249,#1250,#1251,#1252));
#4352=EDGE_LOOP('',(#1253,#1254,#1255,#1256));
#4353=EDGE_LOOP('',(#1257,#1258,#1259,#1260,#1261,#1262,#1263,#1264,#1265,
#1266,#1267,#1268,#1269,#1270,#1271,#1272,#1273,#1274,#1275,#1276,#1277,
#1278,#1279,#1280,#1281,#1282,#1283,#1284));
#4354=EDGE_LOOP('',(#1285,#1286,#1287,#1288));
#4355=EDGE_LOOP('',(#1289,#1290,#1291,#1292));
#4356=EDGE_LOOP('',(#1293,#1294,#1295,#1296));
#4357=EDGE_LOOP('',(#1297,#1298,#1299,#1300));
#4358=EDGE_LOOP('',(#1301,#1302,#1303,#1304));
#4359=EDGE_LOOP('',(#1305,#1306,#1307,#1308));
#4360=EDGE_LOOP('',(#1309,#1310,#1311,#1312));
#4361=EDGE_LOOP('',(#1313,#1314,#1315,#1316));
#4362=EDGE_LOOP('',(#1317,#1318,#1319,#1320));
#4363=EDGE_LOOP('',(#1321,#1322,#1323,#1324));
#4364=EDGE_LOOP('',(#1325,#1326,#1327,#1328));
#4365=EDGE_LOOP('',(#1329,#1330,#1331,#1332));
#4366=EDGE_LOOP('',(#1333,#1334,#1335,#1336));
#4367=EDGE_LOOP('',(#1337,#1338,#1339,#1340,#1341,#1342,#1343,#1344));
#4368=EDGE_LOOP('',(#1345,#1346,#1347,#1348));
#4369=EDGE_LOOP('',(#1349));
#4370=EDGE_LOOP('',(#1350));
#4371=EDGE_LOOP('',(#1351));
#4372=EDGE_LOOP('',(#1352));
#4373=EDGE_LOOP('',(#1353));
#4374=EDGE_LOOP('',(#1354));
#4375=EDGE_LOOP('',(#1355));
#4376=EDGE_LOOP('',(#1356));
#4377=EDGE_LOOP('',(#1357));
#4378=EDGE_LOOP('',(#1358));
#4379=EDGE_LOOP('',(#1359));
#4380=EDGE_LOOP('',(#1360));
#4381=EDGE_LOOP('',(#1361));
#4382=EDGE_LOOP('',(#1362));
#4383=EDGE_LOOP('',(#1363));
#4384=EDGE_LOOP('',(#1364));
#4385=EDGE_LOOP('',(#1365));
#4386=EDGE_LOOP('',(#1366));
#4387=EDGE_LOOP('',(#1367));
#4388=EDGE_LOOP('',(#1368));
#4389=EDGE_LOOP('',(#1369));
#4390=EDGE_LOOP('',(#1370));
#4391=EDGE_LOOP('',(#1371));
#4392=EDGE_LOOP('',(#1372));
#4393=EDGE_LOOP('',(#1373));
#4394=EDGE_LOOP('',(#1374));
#4395=EDGE_LOOP('',(#1375));
#4396=EDGE_LOOP('',(#1376));
#4397=EDGE_LOOP('',(#1377));
#4398=EDGE_LOOP('',(#1378));
#4399=EDGE_LOOP('',(#1379));
#4400=EDGE_LOOP('',(#1380));
#4401=EDGE_LOOP('',(#1381));
#4402=EDGE_LOOP('',(#1382));
#4403=EDGE_LOOP('',(#1383));
#4404=EDGE_LOOP('',(#1384));
#4405=EDGE_LOOP('',(#1385));
#4406=EDGE_LOOP('',(#1386));
#4407=EDGE_LOOP('',(#1387));
#4408=EDGE_LOOP('',(#1388));
#4409=EDGE_LOOP('',(#1389));
#4410=EDGE_LOOP('',(#1390));
#4411=EDGE_LOOP('',(#1391));
#4412=EDGE_LOOP('',(#1392));
#4413=EDGE_LOOP('',(#1393));
#4414=EDGE_LOOP('',(#1394));
#4415=EDGE_LOOP('',(#1395));
#4416=EDGE_LOOP('',(#1396));
#4417=EDGE_LOOP('',(#1397,#1398,#1399,#1400));
#4418=EDGE_LOOP('',(#1401,#1402,#1403,#1404,#1405,#1406,#1407,#1408));
#4419=EDGE_LOOP('',(#1409,#1410,#1411,#1412));
#4420=EDGE_LOOP('',(#1413,#1414,#1415,#1416));
#4421=EDGE_LOOP('',(#1417,#1418,#1419,#1420));
#4422=EDGE_LOOP('',(#1421,#1422,#1423,#1424));
#4423=EDGE_LOOP('',(#1425,#1426,#1427,#1428));
#4424=EDGE_LOOP('',(#1429,#1430,#1431,#1432));
#4425=EDGE_LOOP('',(#1433,#1434,#1435,#1436));
#4426=EDGE_LOOP('',(#1437,#1438,#1439,#1440));
#4427=EDGE_LOOP('',(#1441,#1442,#1443,#1444));
#4428=EDGE_LOOP('',(#1445,#1446,#1447,#1448));
#4429=EDGE_LOOP('',(#1449,#1450,#1451,#1452));
#4430=EDGE_LOOP('',(#1453,#1454,#1455,#1456));
#4431=EDGE_LOOP('',(#1457,#1458,#1459,#1460,#1461,#1462,#1463,#1464,#1465));
#4432=EDGE_LOOP('',(#1466,#1467,#1468,#1469));
#4433=EDGE_LOOP('',(#1470,#1471,#1472,#1473));
#4434=EDGE_LOOP('',(#1474,#1475,#1476,#1477));
#4435=EDGE_LOOP('',(#1478,#1479,#1480,#1481));
#4436=EDGE_LOOP('',(#1482,#1483,#1484,#1485));
#4437=EDGE_LOOP('',(#1486,#1487,#1488,#1489));
#4438=EDGE_LOOP('',(#1490,#1491,#1492,#1493));
#4439=EDGE_LOOP('',(#1494,#1495,#1496,#1497));
#4440=EDGE_LOOP('',(#1498,#1499,#1500,#1501));
#4441=EDGE_LOOP('',(#1502,#1503,#1504,#1505,#1506,#1507,#1508,#1509,#1510,
#1511,#1512,#1513,#1514,#1515,#1516,#1517,#1518,#1519,#1520,#1521,#1522,
#1523,#1524,#1525,#1526,#1527,#1528,#1529));
#4442=EDGE_LOOP('',(#1530,#1531,#1532,#1533));
#4443=EDGE_LOOP('',(#1534,#1535,#1536,#1537));
#4444=EDGE_LOOP('',(#1538,#1539,#1540,#1541));
#4445=EDGE_LOOP('',(#1542,#1543,#1544,#1545));
#4446=EDGE_LOOP('',(#1546,#1547,#1548,#1549));
#4447=EDGE_LOOP('',(#1550,#1551,#1552,#1553));
#4448=EDGE_LOOP('',(#1554,#1555,#1556,#1557));
#4449=EDGE_LOOP('',(#1558,#1559,#1560,#1561));
#4450=EDGE_LOOP('',(#1562,#1563,#1564,#1565));
#4451=EDGE_LOOP('',(#1566,#1567,#1568,#1569));
#4452=EDGE_LOOP('',(#1570,#1571,#1572,#1573));
#4453=EDGE_LOOP('',(#1574,#1575,#1576,#1577));
#4454=EDGE_LOOP('',(#1578,#1579,#1580,#1581));
#4455=EDGE_LOOP('',(#1582,#1583,#1584,#1585));
#4456=EDGE_LOOP('',(#1586,#1587,#1588,#1589));
#4457=EDGE_LOOP('',(#1590,#1591,#1592,#1593));
#4458=EDGE_LOOP('',(#1594,#1595,#1596,#1597));
#4459=EDGE_LOOP('',(#1598,#1599,#1600,#1601));
#4460=EDGE_LOOP('',(#1602,#1603,#1604,#1605));
#4461=EDGE_LOOP('',(#1606,#1607,#1608,#1609));
#4462=EDGE_LOOP('',(#1610,#1611,#1612,#1613));
#4463=EDGE_LOOP('',(#1614,#1615,#1616,#1617));
#4464=EDGE_LOOP('',(#1618,#1619,#1620,#1621));
#4465=EDGE_LOOP('',(#1622,#1623,#1624,#1625));
#4466=EDGE_LOOP('',(#1626,#1627,#1628,#1629));
#4467=EDGE_LOOP('',(#1630,#1631,#1632,#1633));
#4468=EDGE_LOOP('',(#1634,#1635,#1636,#1637));
#4469=EDGE_LOOP('',(#1638,#1639,#1640,#1641));
#4470=EDGE_LOOP('',(#1642,#1643,#1644,#1645));
#4471=EDGE_LOOP('',(#1646,#1647,#1648,#1649));
#4472=EDGE_LOOP('',(#1650,#1651,#1652,#1653,#1654,#1655,#1656,#1657));
#4473=EDGE_LOOP('',(#1658,#1659,#1660,#1661));
#4474=EDGE_LOOP('',(#1662,#1663,#1664,#1665));
#4475=EDGE_LOOP('',(#1666,#1667,#1668,#1669));
#4476=EDGE_LOOP('',(#1670,#1671,#1672,#1673));
#4477=EDGE_LOOP('',(#1674,#1675,#1676,#1677));
#4478=EDGE_LOOP('',(#1678,#1679,#1680,#1681));
#4479=EDGE_LOOP('',(#1682,#1683,#1684,#1685));
#4480=EDGE_LOOP('',(#1686,#1687,#1688,#1689));
#4481=EDGE_LOOP('',(#1690,#1691,#1692,#1693));
#4482=EDGE_LOOP('',(#1694,#1695,#1696,#1697));
#4483=EDGE_LOOP('',(#1698,#1699,#1700,#1701));
#4484=EDGE_LOOP('',(#1702,#1703,#1704,#1705));
#4485=EDGE_LOOP('',(#1706,#1707,#1708,#1709,#1710,#1711,#1712,#1713,#1714,
#1715,#1716,#1717,#1718,#1719,#1720,#1721,#1722,#1723,#1724));
#4486=EDGE_LOOP('',(#1725,#1726,#1727,#1728));
#4487=EDGE_LOOP('',(#1729,#1730,#1731,#1732));
#4488=EDGE_LOOP('',(#1733,#1734,#1735,#1736));
#4489=EDGE_LOOP('',(#1737,#1738,#1739,#1740));
#4490=EDGE_LOOP('',(#1741,#1742,#1743,#1744));
#4491=EDGE_LOOP('',(#1745,#1746,#1747,#1748));
#4492=EDGE_LOOP('',(#1749,#1750,#1751,#1752));
#4493=EDGE_LOOP('',(#1753,#1754,#1755,#1756));
#4494=EDGE_LOOP('',(#1757,#1758,#1759,#1760));
#4495=EDGE_LOOP('',(#1761,#1762,#1763,#1764));
#4496=EDGE_LOOP('',(#1765,#1766,#1767,#1768));
#4497=EDGE_LOOP('',(#1769,#1770,#1771,#1772));
#4498=EDGE_LOOP('',(#1773,#1774,#1775,#1776));
#4499=EDGE_LOOP('',(#1777,#1778,#1779,#1780));
#4500=EDGE_LOOP('',(#1781,#1782,#1783,#1784));
#4501=EDGE_LOOP('',(#1785,#1786,#1787,#1788));
#4502=EDGE_LOOP('',(#1789,#1790,#1791,#1792));
#4503=EDGE_LOOP('',(#1793,#1794,#1795,#1796));
#4504=EDGE_LOOP('',(#1797,#1798,#1799,#1800));
#4505=EDGE_LOOP('',(#1801,#1802,#1803,#1804,#1805,#1806,#1807,#1808,#1809,
#1810,#1811,#1812));
#4506=EDGE_LOOP('',(#1813,#1814,#1815,#1816));
#4507=EDGE_LOOP('',(#1817,#1818,#1819,#1820));
#4508=EDGE_LOOP('',(#1821,#1822,#1823,#1824));
#4509=EDGE_LOOP('',(#1825,#1826,#1827,#1828));
#4510=EDGE_LOOP('',(#1829,#1830,#1831,#1832));
#4511=EDGE_LOOP('',(#1833,#1834,#1835,#1836));
#4512=EDGE_LOOP('',(#1837,#1838,#1839,#1840));
#4513=EDGE_LOOP('',(#1841,#1842,#1843,#1844));
#4514=EDGE_LOOP('',(#1845,#1846,#1847,#1848));
#4515=EDGE_LOOP('',(#1849,#1850,#1851,#1852));
#4516=EDGE_LOOP('',(#1853,#1854,#1855,#1856));
#4517=EDGE_LOOP('',(#1857,#1858,#1859,#1860));
#4518=EDGE_LOOP('',(#1861,#1862,#1863,#1864));
#4519=FACE_BOUND('',#4172,.T.);
#4520=FACE_BOUND('',#4173,.T.);
#4521=FACE_BOUND('',#4174,.T.);
#4522=FACE_BOUND('',#4175,.T.);
#4523=FACE_BOUND('',#4176,.T.);
#4524=FACE_BOUND('',#4177,.T.);
#4525=FACE_BOUND('',#4178,.T.);
#4526=FACE_BOUND('',#4179,.T.);
#4527=FACE_BOUND('',#4180,.T.);
#4528=FACE_BOUND('',#4181,.T.);
#4529=FACE_BOUND('',#4182,.T.);
#4530=FACE_BOUND('',#4183,.T.);
#4531=FACE_BOUND('',#4184,.T.);
#4532=FACE_BOUND('',#4185,.T.);
#4533=FACE_BOUND('',#4186,.T.);
#4534=FACE_BOUND('',#4187,.T.);
#4535=FACE_BOUND('',#4188,.T.);
#4536=FACE_BOUND('',#4189,.T.);
#4537=FACE_BOUND('',#4190,.T.);
#4538=FACE_BOUND('',#4191,.T.);
#4539=FACE_BOUND('',#4192,.T.);
#4540=FACE_BOUND('',#4193,.T.);
#4541=FACE_BOUND('',#4194,.T.);
#4542=FACE_BOUND('',#4195,.T.);
#4543=FACE_BOUND('',#4196,.T.);
#4544=FACE_BOUND('',#4197,.T.);
#4545=FACE_BOUND('',#4198,.T.);
#4546=FACE_BOUND('',#4199,.T.);
#4547=FACE_BOUND('',#4200,.T.);
#4548=FACE_BOUND('',#4201,.T.);
#4549=FACE_BOUND('',#4202,.T.);
#4550=FACE_BOUND('',#4203,.T.);
#4551=FACE_BOUND('',#4204,.T.);
#4552=FACE_BOUND('',#4205,.T.);
#4553=FACE_BOUND('',#4206,.T.);
#4554=FACE_BOUND('',#4207,.T.);
#4555=FACE_BOUND('',#4208,.T.);
#4556=FACE_BOUND('',#4209,.T.);
#4557=FACE_BOUND('',#4210,.T.);
#4558=FACE_BOUND('',#4211,.T.);
#4559=FACE_BOUND('',#4212,.T.);
#4560=FACE_BOUND('',#4213,.T.);
#4561=FACE_BOUND('',#4214,.T.);
#4562=FACE_BOUND('',#4215,.T.);
#4563=FACE_BOUND('',#4216,.T.);
#4564=FACE_BOUND('',#4217,.T.);
#4565=FACE_BOUND('',#4218,.T.);
#4566=FACE_BOUND('',#4219,.T.);
#4567=FACE_BOUND('',#4220,.T.);
#4568=FACE_BOUND('',#4221,.T.);
#4569=FACE_BOUND('',#4222,.T.);
#4570=FACE_BOUND('',#4223,.T.);
#4571=FACE_BOUND('',#4224,.T.);
#4572=FACE_BOUND('',#4225,.T.);
#4573=FACE_BOUND('',#4226,.T.);
#4574=FACE_BOUND('',#4227,.T.);
#4575=FACE_BOUND('',#4228,.T.);
#4576=FACE_BOUND('',#4229,.T.);
#4577=FACE_BOUND('',#4230,.T.);
#4578=FACE_BOUND('',#4231,.T.);
#4579=FACE_BOUND('',#4232,.T.);
#4580=FACE_BOUND('',#4233,.T.);
#4581=FACE_BOUND('',#4234,.T.);
#4582=FACE_BOUND('',#4235,.T.);
#4583=FACE_BOUND('',#4236,.T.);
#4584=FACE_BOUND('',#4237,.T.);
#4585=FACE_BOUND('',#4238,.T.);
#4586=FACE_BOUND('',#4239,.T.);
#4587=FACE_BOUND('',#4240,.T.);
#4588=FACE_BOUND('',#4241,.T.);
#4589=FACE_BOUND('',#4242,.T.);
#4590=FACE_BOUND('',#4243,.T.);
#4591=FACE_BOUND('',#4244,.T.);
#4592=FACE_BOUND('',#4245,.T.);
#4593=FACE_BOUND('',#4246,.T.);
#4594=FACE_BOUND('',#4247,.T.);
#4595=FACE_BOUND('',#4248,.T.);
#4596=FACE_BOUND('',#4249,.T.);
#4597=FACE_BOUND('',#4250,.T.);
#4598=FACE_BOUND('',#4251,.T.);
#4599=FACE_BOUND('',#4252,.T.);
#4600=FACE_BOUND('',#4253,.T.);
#4601=FACE_BOUND('',#4254,.T.);
#4602=FACE_BOUND('',#4255,.T.);
#4603=FACE_BOUND('',#4256,.T.);
#4604=FACE_BOUND('',#4257,.T.);
#4605=FACE_BOUND('',#4258,.T.);
#4606=FACE_BOUND('',#4259,.T.);
#4607=FACE_BOUND('',#4260,.T.);
#4608=FACE_BOUND('',#4261,.T.);
#4609=FACE_BOUND('',#4262,.T.);
#4610=FACE_BOUND('',#4263,.T.);
#4611=FACE_BOUND('',#4264,.T.);
#4612=FACE_BOUND('',#4265,.T.);
#4613=FACE_BOUND('',#4266,.T.);
#4614=FACE_BOUND('',#4267,.T.);
#4615=FACE_BOUND('',#4268,.T.);
#4616=FACE_BOUND('',#4269,.T.);
#4617=FACE_BOUND('',#4270,.T.);
#4618=FACE_BOUND('',#4271,.T.);
#4619=FACE_BOUND('',#4272,.T.);
#4620=FACE_BOUND('',#4273,.T.);
#4621=FACE_BOUND('',#4274,.T.);
#4622=FACE_BOUND('',#4275,.T.);
#4623=FACE_BOUND('',#4276,.T.);
#4624=FACE_BOUND('',#4277,.T.);
#4625=FACE_BOUND('',#4278,.T.);
#4626=FACE_BOUND('',#4279,.T.);
#4627=FACE_BOUND('',#4280,.T.);
#4628=FACE_BOUND('',#4281,.T.);
#4629=FACE_BOUND('',#4282,.T.);
#4630=FACE_BOUND('',#4283,.T.);
#4631=FACE_BOUND('',#4284,.T.);
#4632=FACE_BOUND('',#4285,.T.);
#4633=FACE_BOUND('',#4286,.T.);
#4634=FACE_BOUND('',#4287,.T.);
#4635=FACE_BOUND('',#4288,.T.);
#4636=FACE_BOUND('',#4289,.T.);
#4637=FACE_BOUND('',#4290,.T.);
#4638=FACE_BOUND('',#4291,.T.);
#4639=FACE_BOUND('',#4292,.T.);
#4640=FACE_BOUND('',#4293,.T.);
#4641=FACE_BOUND('',#4294,.T.);
#4642=FACE_BOUND('',#4295,.T.);
#4643=FACE_BOUND('',#4296,.T.);
#4644=FACE_BOUND('',#4297,.T.);
#4645=FACE_BOUND('',#4298,.T.);
#4646=FACE_BOUND('',#4299,.T.);
#4647=FACE_BOUND('',#4300,.T.);
#4648=FACE_BOUND('',#4301,.T.);
#4649=FACE_BOUND('',#4302,.T.);
#4650=FACE_BOUND('',#4303,.T.);
#4651=FACE_BOUND('',#4304,.T.);
#4652=FACE_BOUND('',#4305,.T.);
#4653=FACE_BOUND('',#4306,.T.);
#4654=FACE_BOUND('',#4307,.T.);
#4655=FACE_BOUND('',#4308,.T.);
#4656=FACE_BOUND('',#4309,.T.);
#4657=FACE_BOUND('',#4310,.T.);
#4658=FACE_BOUND('',#4311,.T.);
#4659=FACE_BOUND('',#4312,.T.);
#4660=FACE_BOUND('',#4313,.T.);
#4661=FACE_BOUND('',#4314,.T.);
#4662=FACE_BOUND('',#4315,.T.);
#4663=FACE_BOUND('',#4316,.T.);
#4664=FACE_BOUND('',#4317,.T.);
#4665=FACE_BOUND('',#4318,.T.);
#4666=FACE_BOUND('',#4319,.T.);
#4667=FACE_BOUND('',#4320,.T.);
#4668=FACE_BOUND('',#4321,.T.);
#4669=FACE_BOUND('',#4322,.T.);
#4670=FACE_BOUND('',#4323,.T.);
#4671=FACE_BOUND('',#4324,.T.);
#4672=FACE_BOUND('',#4325,.T.);
#4673=FACE_BOUND('',#4326,.T.);
#4674=FACE_BOUND('',#4327,.T.);
#4675=FACE_BOUND('',#4328,.T.);
#4676=FACE_BOUND('',#4329,.T.);
#4677=FACE_BOUND('',#4330,.T.);
#4678=FACE_BOUND('',#4331,.T.);
#4679=FACE_BOUND('',#4332,.T.);
#4680=FACE_BOUND('',#4333,.T.);
#4681=FACE_BOUND('',#4334,.T.);
#4682=FACE_BOUND('',#4335,.T.);
#4683=FACE_BOUND('',#4336,.T.);
#4684=FACE_BOUND('',#4337,.T.);
#4685=FACE_BOUND('',#4338,.T.);
#4686=FACE_BOUND('',#4339,.T.);
#4687=FACE_BOUND('',#4340,.T.);
#4688=FACE_BOUND('',#4341,.T.);
#4689=FACE_BOUND('',#4342,.T.);
#4690=FACE_BOUND('',#4343,.T.);
#4691=FACE_BOUND('',#4344,.T.);
#4692=FACE_BOUND('',#4345,.T.);
#4693=FACE_BOUND('',#4346,.T.);
#4694=FACE_BOUND('',#4347,.T.);
#4695=FACE_BOUND('',#4348,.T.);
#4696=FACE_BOUND('',#4349,.T.);
#4697=FACE_BOUND('',#4350,.T.);
#4698=FACE_BOUND('',#4351,.T.);
#4699=FACE_BOUND('',#4352,.T.);
#4700=FACE_BOUND('',#4353,.T.);
#4701=FACE_BOUND('',#4354,.T.);
#4702=FACE_BOUND('',#4355,.T.);
#4703=FACE_BOUND('',#4356,.T.);
#4704=FACE_BOUND('',#4357,.T.);
#4705=FACE_BOUND('',#4358,.T.);
#4706=FACE_BOUND('',#4359,.T.);
#4707=FACE_BOUND('',#4360,.T.);
#4708=FACE_BOUND('',#4361,.T.);
#4709=FACE_BOUND('',#4362,.T.);
#4710=FACE_BOUND('',#4363,.T.);
#4711=FACE_BOUND('',#4364,.T.);
#4712=FACE_BOUND('',#4365,.T.);
#4713=FACE_BOUND('',#4366,.T.);
#4714=FACE_BOUND('',#4367,.T.);
#4715=FACE_BOUND('',#4368,.T.);
#4716=FACE_BOUND('',#4369,.T.);
#4717=FACE_BOUND('',#4370,.T.);
#4718=FACE_BOUND('',#4371,.T.);
#4719=FACE_BOUND('',#4372,.T.);
#4720=FACE_BOUND('',#4373,.T.);
#4721=FACE_BOUND('',#4374,.T.);
#4722=FACE_BOUND('',#4375,.T.);
#4723=FACE_BOUND('',#4376,.T.);
#4724=FACE_BOUND('',#4377,.T.);
#4725=FACE_BOUND('',#4378,.T.);
#4726=FACE_BOUND('',#4379,.T.);
#4727=FACE_BOUND('',#4380,.T.);
#4728=FACE_BOUND('',#4381,.T.);
#4729=FACE_BOUND('',#4382,.T.);
#4730=FACE_BOUND('',#4383,.T.);
#4731=FACE_BOUND('',#4384,.T.);
#4732=FACE_BOUND('',#4385,.T.);
#4733=FACE_BOUND('',#4386,.T.);
#4734=FACE_BOUND('',#4387,.T.);
#4735=FACE_BOUND('',#4388,.T.);
#4736=FACE_BOUND('',#4389,.T.);
#4737=FACE_BOUND('',#4390,.T.);
#4738=FACE_BOUND('',#4391,.T.);
#4739=FACE_BOUND('',#4392,.T.);
#4740=FACE_BOUND('',#4393,.T.);
#4741=FACE_BOUND('',#4394,.T.);
#4742=FACE_BOUND('',#4395,.T.);
#4743=FACE_BOUND('',#4396,.T.);
#4744=FACE_BOUND('',#4397,.T.);
#4745=FACE_BOUND('',#4398,.T.);
#4746=FACE_BOUND('',#4399,.T.);
#4747=FACE_BOUND('',#4400,.T.);
#4748=FACE_BOUND('',#4401,.T.);
#4749=FACE_BOUND('',#4402,.T.);
#4750=FACE_BOUND('',#4403,.T.);
#4751=FACE_BOUND('',#4404,.T.);
#4752=FACE_BOUND('',#4405,.T.);
#4753=FACE_BOUND('',#4406,.T.);
#4754=FACE_BOUND('',#4407,.T.);
#4755=FACE_BOUND('',#4408,.T.);
#4756=FACE_BOUND('',#4409,.T.);
#4757=FACE_BOUND('',#4410,.T.);
#4758=FACE_BOUND('',#4411,.T.);
#4759=FACE_BOUND('',#4412,.T.);
#4760=FACE_BOUND('',#4413,.T.);
#4761=FACE_BOUND('',#4414,.T.);
#4762=FACE_BOUND('',#4415,.T.);
#4763=FACE_BOUND('',#4416,.T.);
#4764=FACE_BOUND('',#4417,.T.);
#4765=FACE_BOUND('',#4418,.T.);
#4766=FACE_BOUND('',#4419,.T.);
#4767=FACE_BOUND('',#4420,.T.);
#4768=FACE_BOUND('',#4421,.T.);
#4769=FACE_BOUND('',#4422,.T.);
#4770=FACE_BOUND('',#4423,.T.);
#4771=FACE_BOUND('',#4424,.T.);
#4772=FACE_BOUND('',#4425,.T.);
#4773=FACE_BOUND('',#4426,.T.);
#4774=FACE_BOUND('',#4427,.T.);
#4775=FACE_BOUND('',#4428,.T.);
#4776=FACE_BOUND('',#4429,.T.);
#4777=FACE_BOUND('',#4430,.T.);
#4778=FACE_BOUND('',#4431,.T.);
#4779=FACE_BOUND('',#4432,.T.);
#4780=FACE_BOUND('',#4433,.T.);
#4781=FACE_BOUND('',#4434,.T.);
#4782=FACE_BOUND('',#4435,.T.);
#4783=FACE_BOUND('',#4436,.T.);
#4784=FACE_BOUND('',#4437,.T.);
#4785=FACE_BOUND('',#4438,.T.);
#4786=FACE_BOUND('',#4439,.T.);
#4787=FACE_BOUND('',#4440,.T.);
#4788=FACE_BOUND('',#4441,.T.);
#4789=FACE_BOUND('',#4442,.T.);
#4790=FACE_BOUND('',#4443,.T.);
#4791=FACE_BOUND('',#4444,.T.);
#4792=FACE_BOUND('',#4445,.T.);
#4793=FACE_BOUND('',#4446,.T.);
#4794=FACE_BOUND('',#4447,.T.);
#4795=FACE_BOUND('',#4448,.T.);
#4796=FACE_BOUND('',#4449,.T.);
#4797=FACE_BOUND('',#4450,.T.);
#4798=FACE_BOUND('',#4451,.T.);
#4799=FACE_BOUND('',#4452,.T.);
#4800=FACE_BOUND('',#4453,.T.);
#4801=FACE_BOUND('',#4454,.T.);
#4802=FACE_BOUND('',#4455,.T.);
#4803=FACE_BOUND('',#4456,.T.);
#4804=FACE_BOUND('',#4457,.T.);
#4805=FACE_BOUND('',#4458,.T.);
#4806=FACE_BOUND('',#4459,.T.);
#4807=FACE_BOUND('',#4460,.T.);
#4808=FACE_BOUND('',#4461,.T.);
#4809=FACE_BOUND('',#4462,.T.);
#4810=FACE_BOUND('',#4463,.T.);
#4811=FACE_BOUND('',#4464,.T.);
#4812=FACE_BOUND('',#4465,.T.);
#4813=FACE_BOUND('',#4466,.T.);
#4814=FACE_BOUND('',#4467,.T.);
#4815=FACE_BOUND('',#4468,.T.);
#4816=FACE_BOUND('',#4469,.T.);
#4817=FACE_BOUND('',#4470,.T.);
#4818=FACE_BOUND('',#4471,.T.);
#4819=FACE_BOUND('',#4472,.T.);
#4820=FACE_BOUND('',#4473,.T.);
#4821=FACE_BOUND('',#4474,.T.);
#4822=FACE_BOUND('',#4475,.T.);
#4823=FACE_BOUND('',#4476,.T.);
#4824=FACE_BOUND('',#4477,.T.);
#4825=FACE_BOUND('',#4478,.T.);
#4826=FACE_BOUND('',#4479,.T.);
#4827=FACE_BOUND('',#4480,.T.);
#4828=FACE_BOUND('',#4481,.T.);
#4829=FACE_BOUND('',#4482,.T.);
#4830=FACE_BOUND('',#4483,.T.);
#4831=FACE_BOUND('',#4484,.T.);
#4832=FACE_BOUND('',#4485,.T.);
#4833=FACE_BOUND('',#4486,.T.);
#4834=FACE_BOUND('',#4487,.T.);
#4835=FACE_BOUND('',#4488,.T.);
#4836=FACE_BOUND('',#4489,.T.);
#4837=FACE_BOUND('',#4490,.T.);
#4838=FACE_BOUND('',#4491,.T.);
#4839=FACE_BOUND('',#4492,.T.);
#4840=FACE_BOUND('',#4493,.T.);
#4841=FACE_BOUND('',#4494,.T.);
#4842=FACE_BOUND('',#4495,.T.);
#4843=FACE_BOUND('',#4496,.T.);
#4844=FACE_BOUND('',#4497,.T.);
#4845=FACE_BOUND('',#4498,.T.);
#4846=FACE_BOUND('',#4499,.T.);
#4847=FACE_BOUND('',#4500,.T.);
#4848=FACE_BOUND('',#4501,.T.);
#4849=FACE_BOUND('',#4502,.T.);
#4850=FACE_BOUND('',#4503,.T.);
#4851=FACE_BOUND('',#4504,.T.);
#4852=FACE_BOUND('',#4505,.T.);
#4853=FACE_BOUND('',#4506,.T.);
#4854=FACE_BOUND('',#4507,.T.);
#4855=FACE_BOUND('',#4508,.T.);
#4856=FACE_BOUND('',#4509,.T.);
#4857=FACE_BOUND('',#4510,.T.);
#4858=FACE_BOUND('',#4511,.T.);
#4859=FACE_BOUND('',#4512,.T.);
#4860=FACE_BOUND('',#4513,.T.);
#4861=FACE_BOUND('',#4514,.T.);
#4862=FACE_BOUND('',#4515,.T.);
#4863=FACE_BOUND('',#4516,.T.);
#4864=FACE_BOUND('',#4517,.T.);
#4865=FACE_BOUND('',#4518,.T.);
#4866=PLANE('',#5371);
#4867=PLANE('',#5372);
#4868=PLANE('',#5373);
#4869=PLANE('',#5374);
#4870=PLANE('',#5375);
#4871=PLANE('',#5376);
#4872=PLANE('',#5377);
#4873=PLANE('',#5378);
#4874=PLANE('',#5379);
#4875=PLANE('',#5380);
#4876=PLANE('',#5381);
#4877=PLANE('',#5382);
#4878=PLANE('',#5383);
#4879=PLANE('',#5384);
#4880=PLANE('',#5385);
#4881=PLANE('',#5386);
#4882=PLANE('',#5387);
#4883=PLANE('',#5388);
#4884=PLANE('',#5389);
#4885=PLANE('',#5393);
#4886=PLANE('',#5394);
#4887=PLANE('',#5395);
#4888=PLANE('',#5396);
#4889=PLANE('',#5397);
#4890=PLANE('',#5399);
#4891=PLANE('',#5403);
#4892=PLANE('',#5404);
#4893=PLANE('',#5405);
#4894=PLANE('',#5406);
#4895=PLANE('',#5407);
#4896=PLANE('',#5408);
#4897=PLANE('',#5409);
#4898=PLANE('',#5410);
#4899=PLANE('',#5411);
#4900=PLANE('',#5412);
#4901=PLANE('',#5413);
#4902=PLANE('',#5414);
#4903=PLANE('',#5415);
#4904=PLANE('',#5416);
#4905=PLANE('',#5417);
#4906=PLANE('',#5418);
#4907=PLANE('',#5419);
#4908=PLANE('',#5420);
#4909=PLANE('',#5421);
#4910=PLANE('',#5422);
#4911=PLANE('',#5423);
#4912=PLANE('',#5424);
#4913=PLANE('',#5425);
#4914=PLANE('',#5426);
#4915=PLANE('',#5427);
#4916=PLANE('',#5428);
#4917=PLANE('',#5429);
#4918=PLANE('',#5430);
#4919=PLANE('',#5431);
#4920=PLANE('',#5432);
#4921=PLANE('',#5433);
#4922=PLANE('',#5434);
#4923=PLANE('',#5435);
#4924=PLANE('',#5436);
#4925=PLANE('',#5437);
#4926=PLANE('',#5441);
#4927=PLANE('',#5442);
#4928=PLANE('',#5443);
#4929=PLANE('',#5444);
#4930=PLANE('',#5445);
#4931=PLANE('',#5446);
#4932=PLANE('',#5447);
#4933=PLANE('',#5448);
#4934=PLANE('',#5449);
#4935=PLANE('',#5450);
#4936=PLANE('',#5451);
#4937=PLANE('',#5452);
#4938=PLANE('',#5456);
#4939=PLANE('',#5457);
#4940=PLANE('',#5458);
#4941=PLANE('',#5459);
#4942=PLANE('',#5460);
#4943=PLANE('',#5496);
#4944=PLANE('',#5497);
#4945=PLANE('',#5498);
#4946=PLANE('',#5499);
#4947=PLANE('',#5500);
#4948=PLANE('',#5501);
#4949=PLANE('',#5502);
#4950=PLANE('',#5503);
#4951=PLANE('',#5504);
#4952=PLANE('',#5505);
#4953=PLANE('',#5506);
#4954=PLANE('',#5507);
#4955=PLANE('',#5508);
#4956=PLANE('',#5509);
#4957=PLANE('',#5510);
#4958=PLANE('',#5511);
#4959=PLANE('',#5512);
#4960=PLANE('',#5513);
#4961=PLANE('',#5514);
#4962=PLANE('',#5515);
#4963=PLANE('',#5516);
#4964=PLANE('',#5517);
#4965=PLANE('',#5518);
#4966=PLANE('',#5519);
#4967=PLANE('',#5520);
#4968=PLANE('',#5521);
#4969=PLANE('',#5522);
#4970=PLANE('',#5533);
#4971=PLANE('',#5548);
#4972=PLANE('',#5549);
#4973=PLANE('',#5550);
#4974=PLANE('',#5551);
#4975=PLANE('',#5552);
#4976=PLANE('',#5553);
#4977=PLANE('',#5554);
#4978=PLANE('',#5555);
#4979=PLANE('',#5556);
#4980=PLANE('',#5560);
#4981=PLANE('',#5561);
#4982=PLANE('',#5562);
#4983=PLANE('',#5563);
#4984=PLANE('',#5564);
#4985=PLANE('',#5569);
#4986=PLANE('',#5573);
#4987=PLANE('',#5577);
#4988=PLANE('',#5581);
#4989=PLANE('',#5585);
#4990=PLANE('',#5589);
#4991=PLANE('',#5593);
#4992=PLANE('',#5599);
#4993=PLANE('',#5601);
#4994=PLANE('',#5604);
#4995=PLANE('',#5614);
#4996=PLANE('',#5616);
#4997=PLANE('',#5617);
#4998=PLANE('',#5618);
#4999=PLANE('',#5620);
#5000=PLANE('',#5621);
#5001=PLANE('',#5622);
#5002=PLANE('',#5623);
#5003=PLANE('',#5624);
#5004=PLANE('',#5625);
#5005=PLANE('',#5626);
#5006=PLANE('',#5627);
#5007=PLANE('',#5628);
#5008=PLANE('',#5629);
#5009=PLANE('',#5630);
#5010=PLANE('',#5631);
#5011=PLANE('',#5632);
#5012=PLANE('',#5633);
#5013=PLANE('',#5634);
#5014=PLANE('',#5635);
#5015=PLANE('',#5636);
#5016=PLANE('',#5637);
#5017=PLANE('',#5651);
#5018=PLANE('',#5660);
#5019=PLANE('',#5666);
#5020=PLANE('',#5667);
#5021=PLANE('',#5669);
#5022=PLANE('',#5670);
#5023=PLANE('',#5671);
#5024=PLANE('',#5673);
#5025=PLANE('',#5674);
#5026=PLANE('',#5675);
#5027=PLANE('',#5676);
#5028=PLANE('',#5677);
#5029=PLANE('',#5678);
#5030=PLANE('',#5679);
#5031=PLANE('',#5680);
#5032=PLANE('',#5683);
#5033=PLANE('',#5684);
#5034=PLANE('',#5685);
#5035=PLANE('',#5686);
#5036=PLANE('',#5687);
#5037=PLANE('',#5688);
#5038=PLANE('',#5689);
#5039=PLANE('',#5690);
#5040=PLANE('',#5691);
#5041=PLANE('',#5692);
#5042=PLANE('',#5693);
#5043=PLANE('',#5694);
#5044=PLANE('',#5695);
#5045=PLANE('',#5696);
#5046=PLANE('',#5697);
#5047=PLANE('',#5700);
#5048=PLANE('',#5701);
#5049=PLANE('',#5702);
#5050=PLANE('',#5703);
#5051=PLANE('',#5704);
#5052=PLANE('',#5705);
#5053=PLANE('',#5706);
#5054=PLANE('',#5707);
#5055=PLANE('',#5708);
#5056=PLANE('',#5709);
#5057=PLANE('',#5710);
#5058=PLANE('',#5711);
#5059=PLANE('',#5712);
#5060=PLANE('',#5713);
#5061=PLANE('',#5714);
#5062=ADVANCED_FACE('',(#4519),#4866,.F.);
#5063=ADVANCED_FACE('',(#4520),#4867,.F.);
#5064=ADVANCED_FACE('',(#4521),#4868,.F.);
#5065=ADVANCED_FACE('',(#4522),#4869,.F.);
#5066=ADVANCED_FACE('',(#4523),#4870,.T.);
#5067=ADVANCED_FACE('',(#4524),#4871,.F.);
#5068=ADVANCED_FACE('',(#4525),#4872,.F.);
#5069=ADVANCED_FACE('',(#4526),#4873,.F.);
#5070=ADVANCED_FACE('',(#4527),#4874,.F.);
#5071=ADVANCED_FACE('',(#4528),#4875,.F.);
#5072=ADVANCED_FACE('',(#4529),#4876,.F.);
#5073=ADVANCED_FACE('',(#4530),#4877,.T.);
#5074=ADVANCED_FACE('',(#4531),#4878,.F.);
#5075=ADVANCED_FACE('',(#4532),#4879,.F.);
#5076=ADVANCED_FACE('',(#4533),#4880,.F.);
#5077=ADVANCED_FACE('',(#4534),#4881,.F.);
#5078=ADVANCED_FACE('',(#4535),#4882,.F.);
#5079=ADVANCED_FACE('',(#4536),#4883,.F.);
#5080=ADVANCED_FACE('',(#4537),#4884,.F.);
#5081=ADVANCED_FACE('',(#4538),#307,.T.);
#5082=ADVANCED_FACE('',(#4539),#4885,.F.);
#5083=ADVANCED_FACE('',(#4540),#4886,.F.);
#5084=ADVANCED_FACE('',(#4541),#20,.F.);
#5085=ADVANCED_FACE('',(#4542),#4887,.F.);
#5086=ADVANCED_FACE('',(#4543,#4544),#4888,.T.);
#5087=ADVANCED_FACE('',(#4545),#4889,.T.);
#5088=ADVANCED_FACE('',(#4546),#4890,.F.);
#5089=ADVANCED_FACE('',(#4547),#308,.T.);
#5090=ADVANCED_FACE('',(#4548),#4891,.F.);
#5091=ADVANCED_FACE('',(#4549),#4892,.F.);
#5092=ADVANCED_FACE('',(#4550),#4893,.F.);
#5093=ADVANCED_FACE('',(#4551),#4894,.F.);
#5094=ADVANCED_FACE('',(#4552),#4895,.F.);
#5095=ADVANCED_FACE('',(#4553),#4896,.F.);
#5096=ADVANCED_FACE('',(#4554),#21,.F.);
#5097=ADVANCED_FACE('',(#4555),#4897,.F.);
#5098=ADVANCED_FACE('',(#4556),#4898,.F.);
#5099=ADVANCED_FACE('',(#4557),#4899,.F.);
#5100=ADVANCED_FACE('',(#4558),#4900,.F.);
#5101=ADVANCED_FACE('',(#4559),#4901,.F.);
#5102=ADVANCED_FACE('',(#4560),#4902,.T.);
#5103=ADVANCED_FACE('',(#4561),#4903,.F.);
#5104=ADVANCED_FACE('',(#4562),#4904,.F.);
#5105=ADVANCED_FACE('',(#4563),#4905,.F.);
#5106=ADVANCED_FACE('',(#4564),#4906,.F.);
#5107=ADVANCED_FACE('',(#4565),#4907,.T.);
#5108=ADVANCED_FACE('',(#4566),#4908,.F.);
#5109=ADVANCED_FACE('',(#4567),#4909,.F.);
#5110=ADVANCED_FACE('',(#4568),#4910,.F.);
#5111=ADVANCED_FACE('',(#4569),#4911,.F.);
#5112=ADVANCED_FACE('',(#4570),#4912,.F.);
#5113=ADVANCED_FACE('',(#4571),#4913,.F.);
#5114=ADVANCED_FACE('',(#4572),#4914,.F.);
#5115=ADVANCED_FACE('',(#4573),#4915,.F.);
#5116=ADVANCED_FACE('',(#4574),#4916,.F.);
#5117=ADVANCED_FACE('',(#4575),#4917,.F.);
#5118=ADVANCED_FACE('',(#4576),#4918,.F.);
#5119=ADVANCED_FACE('',(#4577),#4919,.F.);
#5120=ADVANCED_FACE('',(#4578),#4920,.F.);
#5121=ADVANCED_FACE('',(#4579),#4921,.T.);
#5122=ADVANCED_FACE('',(#4580),#22,.F.);
#5123=ADVANCED_FACE('',(#4581),#23,.F.);
#5124=ADVANCED_FACE('',(#4582),#24,.F.);
#5125=ADVANCED_FACE('',(#4583),#25,.F.);
#5126=ADVANCED_FACE('',(#4584),#4922,.F.);
#5127=ADVANCED_FACE('',(#4585),#4923,.F.);
#5128=ADVANCED_FACE('',(#4586),#4924,.F.);
#5129=ADVANCED_FACE('',(#4587),#4925,.F.);
#5130=ADVANCED_FACE('',(#4588),#26,.F.);
#5131=ADVANCED_FACE('',(#4589),#309,.T.);
#5132=ADVANCED_FACE('',(#4590),#27,.F.);
#5133=ADVANCED_FACE('',(#4591),#28,.F.);
#5134=ADVANCED_FACE('',(#4592),#4926,.F.);
#5135=ADVANCED_FACE('',(#4593),#4927,.F.);
#5136=ADVANCED_FACE('',(#4594),#4928,.F.);
#5137=ADVANCED_FACE('',(#4595),#4929,.F.);
#5138=ADVANCED_FACE('',(#4596),#4930,.F.);
#5139=ADVANCED_FACE('',(#4597),#4931,.F.);
#5140=ADVANCED_FACE('',(#4598),#4932,.F.);
#5141=ADVANCED_FACE('',(#4599,#4600),#4933,.T.);
#5142=ADVANCED_FACE('',(#4601),#4934,.T.);
#5143=ADVANCED_FACE('',(#4602),#29,.F.);
#5144=ADVANCED_FACE('',(#4603),#30,.F.);
#5145=ADVANCED_FACE('',(#4604),#31,.F.);
#5146=ADVANCED_FACE('',(#4605),#32,.F.);
#5147=ADVANCED_FACE('',(#4606),#4935,.F.);
#5148=ADVANCED_FACE('',(#4607),#4936,.F.);
#5149=ADVANCED_FACE('',(#4608),#4937,.F.);
#5150=ADVANCED_FACE('',(#4609),#33,.F.);
#5151=ADVANCED_FACE('',(#4610),#34,.F.);
#5152=ADVANCED_FACE('',(#4611),#35,.F.);
#5153=ADVANCED_FACE('',(#4612),#310,.T.);
#5154=ADVANCED_FACE('',(#4613),#36,.F.);
#5155=ADVANCED_FACE('',(#4614),#4938,.F.);
#5156=ADVANCED_FACE('',(#4615),#4939,.F.);
#5157=ADVANCED_FACE('',(#4616),#4940,.F.);
#5158=ADVANCED_FACE('',(#4617),#4941,.T.);
#5159=ADVANCED_FACE('',(#4618,#4619,#4620,#4621,#4622,#4623,#4624,#4625,
#4626,#4627,#4628,#4629,#4630,#4631,#4632,#4633,#4634,#4635,#4636,#4637,
#4638,#4639,#4640,#4641,#4642,#4643,#4644),#4942,.T.);
#5160=ADVANCED_FACE('',(#4645),#4943,.F.);
#5161=ADVANCED_FACE('',(#4646),#4944,.F.);
#5162=ADVANCED_FACE('',(#4647),#4945,.F.);
#5163=ADVANCED_FACE('',(#4648),#4946,.F.);
#5164=ADVANCED_FACE('',(#4649),#4947,.F.);
#5165=ADVANCED_FACE('',(#4650),#4948,.F.);
#5166=ADVANCED_FACE('',(#4651),#4949,.F.);
#5167=ADVANCED_FACE('',(#4652),#4950,.F.);
#5168=ADVANCED_FACE('',(#4653),#4951,.T.);
#5169=ADVANCED_FACE('',(#4654),#4952,.F.);
#5170=ADVANCED_FACE('',(#4655),#4953,.F.);
#5171=ADVANCED_FACE('',(#4656),#4954,.F.);
#5172=ADVANCED_FACE('',(#4657),#4955,.F.);
#5173=ADVANCED_FACE('',(#4658),#4956,.F.);
#5174=ADVANCED_FACE('',(#4659),#4957,.F.);
#5175=ADVANCED_FACE('',(#4660),#4958,.F.);
#5176=ADVANCED_FACE('',(#4661),#4959,.F.);
#5177=ADVANCED_FACE('',(#4662),#4960,.F.);
#5178=ADVANCED_FACE('',(#4663),#4961,.F.);
#5179=ADVANCED_FACE('',(#4664),#4962,.F.);
#5180=ADVANCED_FACE('',(#4665),#4963,.F.);
#5181=ADVANCED_FACE('',(#4666),#4964,.T.);
#5182=ADVANCED_FACE('',(#4667),#4965,.F.);
#5183=ADVANCED_FACE('',(#4668),#4966,.F.);
#5184=ADVANCED_FACE('',(#4669),#4967,.F.);
#5185=ADVANCED_FACE('',(#4670),#4968,.F.);
#5186=ADVANCED_FACE('',(#4671),#4969,.T.);
#5187=ADVANCED_FACE('',(#4672),#37,.F.);
#5188=ADVANCED_FACE('',(#4673),#311,.F.);
#5189=ADVANCED_FACE('',(#4674),#312,.F.);
#5190=ADVANCED_FACE('',(#4675),#313,.F.);
#5191=ADVANCED_FACE('',(#4676),#38,.F.);
#5192=ADVANCED_FACE('',(#4677),#314,.F.);
#5193=ADVANCED_FACE('',(#4678),#315,.F.);
#5194=ADVANCED_FACE('',(#4679),#4970,.F.);
#5195=ADVANCED_FACE('',(#4680),#316,.T.);
#5196=ADVANCED_FACE('',(#4681),#317,.T.);
#5197=ADVANCED_FACE('',(#4682),#39,.F.);
#5198=ADVANCED_FACE('',(#4683),#40,.F.);
#5199=ADVANCED_FACE('',(#4684),#318,.T.);
#5200=ADVANCED_FACE('',(#4685),#319,.T.);
#5201=ADVANCED_FACE('',(#4686),#41,.F.);
#5202=ADVANCED_FACE('',(#4687),#42,.F.);
#5203=ADVANCED_FACE('',(#4688),#320,.F.);
#5204=ADVANCED_FACE('',(#4689),#321,.F.);
#5205=ADVANCED_FACE('',(#4690),#43,.F.);
#5206=ADVANCED_FACE('',(#4691),#44,.F.);
#5207=ADVANCED_FACE('',(#4692),#322,.F.);
#5208=ADVANCED_FACE('',(#4693),#45,.F.);
#5209=ADVANCED_FACE('',(#4694),#4971,.F.);
#5210=ADVANCED_FACE('',(#4695),#46,.F.);
#5211=ADVANCED_FACE('',(#4696),#47,.F.);
#5212=ADVANCED_FACE('',(#4697),#48,.F.);
#5213=ADVANCED_FACE('',(#4698),#49,.F.);
#5214=ADVANCED_FACE('',(#4699),#50,.F.);
#5215=ADVANCED_FACE('',(#4700),#4972,.T.);
#5216=ADVANCED_FACE('',(#4701),#4973,.F.);
#5217=ADVANCED_FACE('',(#4702),#4974,.F.);
#5218=ADVANCED_FACE('',(#4703),#4975,.F.);
#5219=ADVANCED_FACE('',(#4704),#4976,.F.);
#5220=ADVANCED_FACE('',(#4705),#4977,.F.);
#5221=ADVANCED_FACE('',(#4706),#4978,.F.);
#5222=ADVANCED_FACE('',(#4707),#4979,.F.);
#5223=ADVANCED_FACE('',(#4708),#323,.T.);
#5224=ADVANCED_FACE('',(#4709),#4980,.F.);
#5225=ADVANCED_FACE('',(#4710),#4981,.F.);
#5226=ADVANCED_FACE('',(#4711),#51,.F.);
#5227=ADVANCED_FACE('',(#4712),#4982,.F.);
#5228=ADVANCED_FACE('',(#4713,#4714),#4983,.T.);
#5229=ADVANCED_FACE('',(#4715),#4984,.T.);
#5230=ADVANCED_FACE('',(#4716,#4717),#324,.T.);
#5231=ADVANCED_FACE('',(#4718),#4985,.F.);
#5232=ADVANCED_FACE('',(#4719,#4720),#325,.F.);
#5233=ADVANCED_FACE('',(#4721),#4986,.T.);
#5234=ADVANCED_FACE('',(#4722,#4723),#326,.F.);
#5235=ADVANCED_FACE('',(#4724),#4987,.T.);
#5236=ADVANCED_FACE('',(#4725,#4726),#327,.F.);
#5237=ADVANCED_FACE('',(#4727),#4988,.T.);
#5238=ADVANCED_FACE('',(#4728,#4729),#328,.F.);
#5239=ADVANCED_FACE('',(#4730),#4989,.T.);
#5240=ADVANCED_FACE('',(#4731,#4732),#329,.F.);
#5241=ADVANCED_FACE('',(#4733),#4990,.T.);
#5242=ADVANCED_FACE('',(#4734,#4735),#330,.F.);
#5243=ADVANCED_FACE('',(#4736),#4991,.T.);
#5244=ADVANCED_FACE('',(#4737,#4738),#331,.T.);
#5245=ADVANCED_FACE('',(#4739,#4740),#332,.T.);
#5246=ADVANCED_FACE('',(#4741,#4742),#4992,.T.);
#5247=ADVANCED_FACE('',(#4743,#4744),#4993,.F.);
#5248=ADVANCED_FACE('',(#4745,#4746),#333,.T.);
#5249=ADVANCED_FACE('',(#4747),#4994,.T.);
#5250=ADVANCED_FACE('',(#4748,#4749),#12,.T.);
#5251=ADVANCED_FACE('',(#4750,#4751),#13,.T.);
#5252=ADVANCED_FACE('',(#4752,#4753),#14,.T.);
#5253=ADVANCED_FACE('',(#4754,#4755),#15,.T.);
#5254=ADVANCED_FACE('',(#4756,#4757),#16,.T.);
#5255=ADVANCED_FACE('',(#4758,#4759),#17,.T.);
#5256=ADVANCED_FACE('',(#4760,#4761),#18,.T.);
#5257=ADVANCED_FACE('',(#4762,#4763),#19,.T.);
#5258=ADVANCED_FACE('',(#4764,#4765),#4995,.T.);
#5259=ADVANCED_FACE('',(#4766),#4996,.F.);
#5260=ADVANCED_FACE('',(#4767),#52,.F.);
#5261=ADVANCED_FACE('',(#4768),#4997,.F.);
#5262=ADVANCED_FACE('',(#4769),#4998,.F.);
#5263=ADVANCED_FACE('',(#4770),#334,.T.);
#5264=ADVANCED_FACE('',(#4771),#4999,.F.);
#5265=ADVANCED_FACE('',(#4772),#5000,.F.);
#5266=ADVANCED_FACE('',(#4773),#5001,.F.);
#5267=ADVANCED_FACE('',(#4774),#5002,.F.);
#5268=ADVANCED_FACE('',(#4775),#5003,.F.);
#5269=ADVANCED_FACE('',(#4776),#5004,.F.);
#5270=ADVANCED_FACE('',(#4777),#5005,.F.);
#5271=ADVANCED_FACE('',(#4778),#5006,.T.);
#5272=ADVANCED_FACE('',(#4779),#5007,.F.);
#5273=ADVANCED_FACE('',(#4780),#5008,.F.);
#5274=ADVANCED_FACE('',(#4781),#5009,.F.);
#5275=ADVANCED_FACE('',(#4782),#5010,.F.);
#5276=ADVANCED_FACE('',(#4783),#5011,.F.);
#5277=ADVANCED_FACE('',(#4784),#5012,.F.);
#5278=ADVANCED_FACE('',(#4785),#5013,.F.);
#5279=ADVANCED_FACE('',(#4786),#5014,.F.);
#5280=ADVANCED_FACE('',(#4787),#5015,.F.);
#5281=ADVANCED_FACE('',(#4788),#5016,.T.);
#5282=ADVANCED_FACE('',(#4789),#53,.F.);
#5283=ADVANCED_FACE('',(#4790),#54,.F.);
#5284=ADVANCED_FACE('',(#4791),#55,.F.);
#5285=ADVANCED_FACE('',(#4792),#56,.F.);
#5286=ADVANCED_FACE('',(#4793),#57,.F.);
#5287=ADVANCED_FACE('',(#4794),#5017,.F.);
#5288=ADVANCED_FACE('',(#4795),#335,.F.);
#5289=ADVANCED_FACE('',(#4796),#336,.F.);
#5290=ADVANCED_FACE('',(#4797),#58,.F.);
#5291=ADVANCED_FACE('',(#4798),#59,.F.);
#5292=ADVANCED_FACE('',(#4799),#337,.F.);
#5293=ADVANCED_FACE('',(#4800),#338,.F.);
#5294=ADVANCED_FACE('',(#4801),#60,.F.);
#5295=ADVANCED_FACE('',(#4802),#61,.F.);
#5296=ADVANCED_FACE('',(#4803),#339,.T.);
#5297=ADVANCED_FACE('',(#4804),#340,.T.);
#5298=ADVANCED_FACE('',(#4805),#62,.F.);
#5299=ADVANCED_FACE('',(#4806),#63,.F.);
#5300=ADVANCED_FACE('',(#4807),#341,.T.);
#5301=ADVANCED_FACE('',(#4808),#342,.T.);
#5302=ADVANCED_FACE('',(#4809),#5018,.F.);
#5303=ADVANCED_FACE('',(#4810),#343,.F.);
#5304=ADVANCED_FACE('',(#4811),#344,.F.);
#5305=ADVANCED_FACE('',(#4812),#64,.F.);
#5306=ADVANCED_FACE('',(#4813),#345,.F.);
#5307=ADVANCED_FACE('',(#4814),#346,.F.);
#5308=ADVANCED_FACE('',(#4815),#347,.F.);
#5309=ADVANCED_FACE('',(#4816),#65,.F.);
#5310=ADVANCED_FACE('',(#4817),#5019,.T.);
#5311=ADVANCED_FACE('',(#4818,#4819),#5020,.T.);
#5312=ADVANCED_FACE('',(#4820),#5021,.F.);
#5313=ADVANCED_FACE('',(#4821),#66,.F.);
#5314=ADVANCED_FACE('',(#4822),#5022,.F.);
#5315=ADVANCED_FACE('',(#4823),#5023,.F.);
#5316=ADVANCED_FACE('',(#4824),#348,.T.);
#5317=ADVANCED_FACE('',(#4825),#5024,.F.);
#5318=ADVANCED_FACE('',(#4826),#5025,.F.);
#5319=ADVANCED_FACE('',(#4827),#5026,.F.);
#5320=ADVANCED_FACE('',(#4828),#5027,.F.);
#5321=ADVANCED_FACE('',(#4829),#5028,.F.);
#5322=ADVANCED_FACE('',(#4830),#5029,.F.);
#5323=ADVANCED_FACE('',(#4831),#5030,.F.);
#5324=ADVANCED_FACE('',(#4832),#5031,.T.);
#5325=ADVANCED_FACE('',(#4833),#5032,.F.);
#5326=ADVANCED_FACE('',(#4834),#5033,.F.);
#5327=ADVANCED_FACE('',(#4835),#5034,.F.);
#5328=ADVANCED_FACE('',(#4836),#5035,.F.);
#5329=ADVANCED_FACE('',(#4837),#67,.F.);
#5330=ADVANCED_FACE('',(#4838),#5036,.F.);
#5331=ADVANCED_FACE('',(#4839),#5037,.F.);
#5332=ADVANCED_FACE('',(#4840),#5038,.F.);
#5333=ADVANCED_FACE('',(#4841),#5039,.F.);
#5334=ADVANCED_FACE('',(#4842),#5040,.F.);
#5335=ADVANCED_FACE('',(#4843),#5041,.F.);
#5336=ADVANCED_FACE('',(#4844),#5042,.F.);
#5337=ADVANCED_FACE('',(#4845),#5043,.F.);
#5338=ADVANCED_FACE('',(#4846),#5044,.F.);
#5339=ADVANCED_FACE('',(#4847),#5045,.F.);
#5340=ADVANCED_FACE('',(#4848),#5046,.F.);
#5341=ADVANCED_FACE('',(#4849),#349,.T.);
#5342=ADVANCED_FACE('',(#4850),#350,.T.);
#5343=ADVANCED_FACE('',(#4851),#5047,.F.);
#5344=ADVANCED_FACE('',(#4852),#5048,.T.);
#5345=ADVANCED_FACE('',(#4853),#5049,.F.);
#5346=ADVANCED_FACE('',(#4854),#5050,.F.);
#5347=ADVANCED_FACE('',(#4855),#5051,.F.);
#5348=ADVANCED_FACE('',(#4856),#5052,.F.);
#5349=ADVANCED_FACE('',(#4857),#5053,.F.);
#5350=ADVANCED_FACE('',(#4858),#5054,.F.);
#5351=ADVANCED_FACE('',(#4859),#5055,.F.);
#5352=ADVANCED_FACE('',(#4860),#5056,.F.);
#5353=ADVANCED_FACE('',(#4861),#5057,.F.);
#5354=ADVANCED_FACE('',(#4862),#5058,.F.);
#5355=ADVANCED_FACE('',(#4863),#5059,.F.);
#5356=ADVANCED_FACE('',(#4864),#5060,.F.);
#5357=ADVANCED_FACE('',(#4865),#5061,.T.);
#5358=CLOSED_SHELL('',(#5062,#5063,#5064,#5065,#5066,#5067,#5068,#5069,
#5070,#5071,#5072,#5073,#5074,#5075,#5076,#5077,#5078,#5079,#5080,#5081,
#5082,#5083,#5084,#5085,#5086,#5087,#5088,#5089,#5090,#5091,#5092,#5093,
#5094,#5095,#5096,#5097,#5098,#5099,#5100,#5101,#5102,#5103,#5104,#5105,
#5106,#5107,#5108,#5109,#5110,#5111,#5112,#5113,#5114,#5115,#5116,#5117,
#5118,#5119,#5120,#5121,#5122,#5123,#5124,#5125,#5126,#5127,#5128,#5129,
#5130,#5131,#5132,#5133,#5134,#5135,#5136,#5137,#5138,#5139,#5140,#5141,
#5142,#5143,#5144,#5145,#5146,#5147,#5148,#5149,#5150,#5151,#5152,#5153,
#5154,#5155,#5156,#5157,#5158,#5159,#5160,#5161,#5162,#5163,#5164,#5165,
#5166,#5167,#5168,#5169,#5170,#5171,#5172,#5173,#5174,#5175,#5176,#5177,
#5178,#5179,#5180,#5181,#5182,#5183,#5184,#5185,#5186,#5187,#5188,#5189,
#5190,#5191,#5192,#5193,#5194,#5195,#5196,#5197,#5198,#5199,#5200,#5201,
#5202,#5203,#5204,#5205,#5206,#5207,#5208,#5209,#5210,#5211,#5212,#5213,
#5214,#5215,#5216,#5217,#5218,#5219,#5220,#5221,#5222,#5223,#5224,#5225,
#5226,#5227,#5228,#5229,#5230,#5231,#5232,#5233,#5234,#5235,#5236,#5237,
#5238,#5239,#5240,#5241,#5242,#5243,#5244,#5245,#5246,#5247,#5248,#5249,
#5250,#5251,#5252,#5253,#5254,#5255,#5256,#5257,#5258,#5259,#5260,#5261,
#5262,#5263,#5264,#5265,#5266,#5267,#5268,#5269,#5270,#5271,#5272,#5273,
#5274,#5275,#5276,#5277,#5278,#5279,#5280,#5281,#5282,#5283,#5284,#5285,
#5286,#5287,#5288,#5289,#5290,#5291,#5292,#5293,#5294,#5295,#5296,#5297,
#5298,#5299,#5300,#5301,#5302,#5303,#5304,#5305,#5306,#5307,#5308,#5309,
#5310,#5311,#5312,#5313,#5314,#5315,#5316,#5317,#5318,#5319,#5320,#5321,
#5322,#5323,#5324,#5325,#5326,#5327,#5328,#5329,#5330,#5331,#5332,#5333,
#5334,#5335,#5336,#5337,#5338,#5339,#5340,#5341,#5342,#5343,#5344,#5345,
#5346,#5347,#5348,#5349,#5350,#5351,#5352,#5353,#5354,#5355,#5356,#5357));
#5359=STYLED_ITEM('',(#5360),#5367);
#5360=PRESENTATION_STYLE_ASSIGNMENT((#5361));
#5361=SURFACE_STYLE_USAGE(.BOTH.,#5362);
#5362=SURFACE_SIDE_STYLE('',(#5363));
#5363=SURFACE_STYLE_FILL_AREA(#5364);
#5364=FILL_AREA_STYLE('',(#5365));
#5365=FILL_AREA_STYLE_COLOUR('',#5366);
#5366=COLOUR_RGB('',0.647058823529412,0.647058823529412,0.647058823529412);
#5367=MANIFOLD_SOLID_BREP('Part 1',#5358);
#5368=SHAPE_DEFINITION_REPRESENTATION(#9166,#5369);
#5369=SHAPE_REPRESENTATION('Part 1',(#5370),#9161);
#5370=AXIS2_PLACEMENT_3D('',#6923,#5715,#5716);
#5371=AXIS2_PLACEMENT_3D('',#6924,#5717,#5718);
#5372=AXIS2_PLACEMENT_3D('',#6933,#5723,#5724);
#5373=AXIS2_PLACEMENT_3D('',#6939,#5728,#5729);
#5374=AXIS2_PLACEMENT_3D('',#6945,#5733,#5734);
#5375=AXIS2_PLACEMENT_3D('',#6948,#5737,#5738);
#5376=AXIS2_PLACEMENT_3D('',#6949,#5739,#5740);
#5377=AXIS2_PLACEMENT_3D('',#6958,#5745,#5746);
#5378=AXIS2_PLACEMENT_3D('',#6964,#5750,#5751);
#5379=AXIS2_PLACEMENT_3D('',#6970,#5755,#5756);
#5380=AXIS2_PLACEMENT_3D('',#6976,#5760,#5761);
#5381=AXIS2_PLACEMENT_3D('',#6982,#5765,#5766);
#5382=AXIS2_PLACEMENT_3D('',#6985,#5769,#5770);
#5383=AXIS2_PLACEMENT_3D('',#6986,#5771,#5772);
#5384=AXIS2_PLACEMENT_3D('',#6995,#5777,#5778);
#5385=AXIS2_PLACEMENT_3D('',#7001,#5782,#5783);
#5386=AXIS2_PLACEMENT_3D('',#7007,#5787,#5788);
#5387=AXIS2_PLACEMENT_3D('',#7013,#5792,#5793);
#5388=AXIS2_PLACEMENT_3D('',#7019,#5797,#5798);
#5389=AXIS2_PLACEMENT_3D('',#7025,#5802,#5803);
#5390=AXIS2_PLACEMENT_3D('',#7031,#5807,#5808);
#5391=AXIS2_PLACEMENT_3D('',#7038,#5809,#5810);
#5392=AXIS2_PLACEMENT_3D('',#7045,#5811,#5812);
#5393=AXIS2_PLACEMENT_3D('',#7046,#5813,#5814);
#5394=AXIS2_PLACEMENT_3D('',#7052,#5818,#5819);
#5395=AXIS2_PLACEMENT_3D('',#7072,#5823,#5824);
#5396=AXIS2_PLACEMENT_3D('',#7075,#5827,#5828);
#5397=AXIS2_PLACEMENT_3D('',#7076,#5829,#5830);
#5398=AXIS2_PLACEMENT_3D('',#7077,#5831,#5832);
#5399=AXIS2_PLACEMENT_3D('',#7087,#5835,#5836);
#5400=AXIS2_PLACEMENT_3D('',#7099,#5840,#5841);
#5401=AXIS2_PLACEMENT_3D('',#7100,#5842,#5843);
#5402=AXIS2_PLACEMENT_3D('',#7104,#5845,#5846);
#5403=AXIS2_PLACEMENT_3D('',#7105,#5847,#5848);
#5404=AXIS2_PLACEMENT_3D('',#7111,#5852,#5853);
#5405=AXIS2_PLACEMENT_3D('',#7117,#5857,#5858);
#5406=AXIS2_PLACEMENT_3D('',#7123,#5862,#5863);
#5407=AXIS2_PLACEMENT_3D('',#7129,#5867,#5868);
#5408=AXIS2_PLACEMENT_3D('',#7135,#5872,#5873);
#5409=AXIS2_PLACEMENT_3D('',#7158,#5878,#5879);
#5410=AXIS2_PLACEMENT_3D('',#7164,#5883,#5884);
#5411=AXIS2_PLACEMENT_3D('',#7170,#5888,#5889);
#5412=AXIS2_PLACEMENT_3D('',#7176,#5893,#5894);
#5413=AXIS2_PLACEMENT_3D('',#7182,#5898,#5899);
#5414=AXIS2_PLACEMENT_3D('',#7185,#5902,#5903);
#5415=AXIS2_PLACEMENT_3D('',#7186,#5904,#5905);
#5416=AXIS2_PLACEMENT_3D('',#7195,#5910,#5911);
#5417=AXIS2_PLACEMENT_3D('',#7201,#5915,#5916);
#5418=AXIS2_PLACEMENT_3D('',#7207,#5920,#5921);
#5419=AXIS2_PLACEMENT_3D('',#7210,#5924,#5925);
#5420=AXIS2_PLACEMENT_3D('',#7211,#5926,#5927);
#5421=AXIS2_PLACEMENT_3D('',#7220,#5932,#5933);
#5422=AXIS2_PLACEMENT_3D('',#7226,#5937,#5938);
#5423=AXIS2_PLACEMENT_3D('',#7232,#5942,#5943);
#5424=AXIS2_PLACEMENT_3D('',#7238,#5947,#5948);
#5425=AXIS2_PLACEMENT_3D('',#7244,#5952,#5953);
#5426=AXIS2_PLACEMENT_3D('',#7250,#5957,#5958);
#5427=AXIS2_PLACEMENT_3D('',#7256,#5962,#5963);
#5428=AXIS2_PLACEMENT_3D('',#7262,#5967,#5968);
#5429=AXIS2_PLACEMENT_3D('',#7268,#5972,#5973);
#5430=AXIS2_PLACEMENT_3D('',#7274,#5977,#5978);
#5431=AXIS2_PLACEMENT_3D('',#7280,#5982,#5983);
#5432=AXIS2_PLACEMENT_3D('',#7286,#5987,#5988);
#5433=AXIS2_PLACEMENT_3D('',#7289,#5991,#5992);
#5434=AXIS2_PLACEMENT_3D('',#7361,#5998,#5999);
#5435=AXIS2_PLACEMENT_3D('',#7367,#6003,#6004);
#5436=AXIS2_PLACEMENT_3D('',#7373,#6008,#6009);
#5437=AXIS2_PLACEMENT_3D('',#7382,#6014,#6015);
#5438=AXIS2_PLACEMENT_3D('',#7408,#6019,#6020);
#5439=AXIS2_PLACEMENT_3D('',#7409,#6021,#6022);
#5440=AXIS2_PLACEMENT_3D('',#7416,#6023,#6024);
#5441=AXIS2_PLACEMENT_3D('',#7451,#6027,#6028);
#5442=AXIS2_PLACEMENT_3D('',#7457,#6032,#6033);
#5443=AXIS2_PLACEMENT_3D('',#7463,#6037,#6038);
#5444=AXIS2_PLACEMENT_3D('',#7469,#6042,#6043);
#5445=AXIS2_PLACEMENT_3D('',#7475,#6047,#6048);
#5446=AXIS2_PLACEMENT_3D('',#7481,#6052,#6053);
#5447=AXIS2_PLACEMENT_3D('',#7484,#6056,#6057);
#5448=AXIS2_PLACEMENT_3D('',#7487,#6060,#6061);
#5449=AXIS2_PLACEMENT_3D('',#7488,#6062,#6063);
#5450=AXIS2_PLACEMENT_3D('',#7560,#6069,#6070);
#5451=AXIS2_PLACEMENT_3D('',#7566,#6074,#6075);
#5452=AXIS2_PLACEMENT_3D('',#7572,#6079,#6080);
#5453=AXIS2_PLACEMENT_3D('',#7632,#6086,#6087);
#5454=AXIS2_PLACEMENT_3D('',#7633,#6088,#6089);
#5455=AXIS2_PLACEMENT_3D('',#7640,#6090,#6091);
#5456=AXIS2_PLACEMENT_3D('',#7658,#6093,#6094);
#5457=AXIS2_PLACEMENT_3D('',#7664,#6098,#6099);
#5458=AXIS2_PLACEMENT_3D('',#7670,#6103,#6104);
#5459=AXIS2_PLACEMENT_3D('',#7673,#6107,#6108);
#5460=AXIS2_PLACEMENT_3D('',#7674,#6109,#6110);
#5461=AXIS2_PLACEMENT_3D('',#7699,#6123,#6124);
#5462=AXIS2_PLACEMENT_3D('',#7738,#6141,#6142);
#5463=AXIS2_PLACEMENT_3D('',#7786,#6152,#6153);
#5464=AXIS2_PLACEMENT_3D('',#7796,#6154,#6155);
#5465=AXIS2_PLACEMENT_3D('',#7798,#6156,#6157);
#5466=AXIS2_PLACEMENT_3D('',#7808,#6158,#6159);
#5467=AXIS2_PLACEMENT_3D('',#7810,#6160,#6161);
#5468=AXIS2_PLACEMENT_3D('',#7820,#6162,#6163);
#5469=AXIS2_PLACEMENT_3D('',#7822,#6164,#6165);
#5470=AXIS2_PLACEMENT_3D('',#7826,#6167,#6168);
#5471=AXIS2_PLACEMENT_3D('',#7828,#6169,#6170);
#5472=AXIS2_PLACEMENT_3D('',#7834,#6171,#6172);
#5473=AXIS2_PLACEMENT_3D('',#7836,#6173,#6174);
#5474=AXIS2_PLACEMENT_3D('',#7838,#6175,#6176);
#5475=AXIS2_PLACEMENT_3D('',#7855,#6185,#6186);
#5476=AXIS2_PLACEMENT_3D('',#7857,#6187,#6188);
#5477=AXIS2_PLACEMENT_3D('',#7859,#6189,#6190);
#5478=AXIS2_PLACEMENT_3D('',#7861,#6191,#6192);
#5479=AXIS2_PLACEMENT_3D('',#7863,#6193,#6194);
#5480=AXIS2_PLACEMENT_3D('',#7865,#6195,#6196);
#5481=AXIS2_PLACEMENT_3D('',#7867,#6197,#6198);
#5482=AXIS2_PLACEMENT_3D('',#7869,#6199,#6200);
#5483=AXIS2_PLACEMENT_3D('',#7932,#6219,#6220);
#5484=AXIS2_PLACEMENT_3D('',#7934,#6221,#6222);
#5485=AXIS2_PLACEMENT_3D('',#7944,#6223,#6224);
#5486=AXIS2_PLACEMENT_3D('',#7946,#6225,#6226);
#5487=AXIS2_PLACEMENT_3D('',#7956,#6227,#6228);
#5488=AXIS2_PLACEMENT_3D('',#7958,#6229,#6230);
#5489=AXIS2_PLACEMENT_3D('',#7968,#6231,#6232);
#5490=AXIS2_PLACEMENT_3D('',#7970,#6233,#6234);
#5491=AXIS2_PLACEMENT_3D('',#7974,#6236,#6237);
#5492=AXIS2_PLACEMENT_3D('',#7976,#6238,#6239);
#5493=AXIS2_PLACEMENT_3D('',#7982,#6240,#6241);
#5494=AXIS2_PLACEMENT_3D('',#7984,#6242,#6243);
#5495=AXIS2_PLACEMENT_3D('',#7986,#6244,#6245);
#5496=AXIS2_PLACEMENT_3D('',#8035,#6270,#6271);
#5497=AXIS2_PLACEMENT_3D('',#8041,#6275,#6276);
#5498=AXIS2_PLACEMENT_3D('',#8045,#6279,#6280);
#5499=AXIS2_PLACEMENT_3D('',#8049,#6283,#6284);
#5500=AXIS2_PLACEMENT_3D('',#8053,#6287,#6288);
#5501=AXIS2_PLACEMENT_3D('',#8057,#6291,#6292);
#5502=AXIS2_PLACEMENT_3D('',#8061,#6295,#6296);
#5503=AXIS2_PLACEMENT_3D('',#8065,#6299,#6300);
#5504=AXIS2_PLACEMENT_3D('',#8067,#6302,#6303);
#5505=AXIS2_PLACEMENT_3D('',#8068,#6304,#6305);
#5506=AXIS2_PLACEMENT_3D('',#8074,#6309,#6310);
#5507=AXIS2_PLACEMENT_3D('',#8078,#6313,#6314);
#5508=AXIS2_PLACEMENT_3D('',#8082,#6317,#6318);
#5509=AXIS2_PLACEMENT_3D('',#8086,#6321,#6322);
#5510=AXIS2_PLACEMENT_3D('',#8090,#6325,#6326);
#5511=AXIS2_PLACEMENT_3D('',#8094,#6329,#6330);
#5512=AXIS2_PLACEMENT_3D('',#8098,#6333,#6334);
#5513=AXIS2_PLACEMENT_3D('',#8102,#6337,#6338);
#5514=AXIS2_PLACEMENT_3D('',#8106,#6341,#6342);
#5515=AXIS2_PLACEMENT_3D('',#8110,#6345,#6346);
#5516=AXIS2_PLACEMENT_3D('',#8114,#6349,#6350);
#5517=AXIS2_PLACEMENT_3D('',#8116,#6352,#6353);
#5518=AXIS2_PLACEMENT_3D('',#8117,#6354,#6355);
#5519=AXIS2_PLACEMENT_3D('',#8123,#6359,#6360);
#5520=AXIS2_PLACEMENT_3D('',#8127,#6363,#6364);
#5521=AXIS2_PLACEMENT_3D('',#8131,#6367,#6368);
#5522=AXIS2_PLACEMENT_3D('',#8133,#6370,#6371);
#5523=AXIS2_PLACEMENT_3D('',#8152,#6373,#6374);
#5524=AXIS2_PLACEMENT_3D('',#8158,#6375,#6376);
#5525=AXIS2_PLACEMENT_3D('',#8159,#6377,#6378);
#5526=AXIS2_PLACEMENT_3D('',#8165,#6379,#6380);
#5527=AXIS2_PLACEMENT_3D('',#8166,#6381,#6382);
#5528=AXIS2_PLACEMENT_3D('',#8172,#6383,#6384);
#5529=AXIS2_PLACEMENT_3D('',#8189,#6385,#6386);
#5530=AXIS2_PLACEMENT_3D('',#8195,#6387,#6388);
#5531=AXIS2_PLACEMENT_3D('',#8196,#6389,#6390);
#5532=AXIS2_PLACEMENT_3D('',#8199,#6392,#6393);
#5533=AXIS2_PLACEMENT_3D('',#8200,#6394,#6395);
#5534=AXIS2_PLACEMENT_3D('',#8204,#6398,#6399);
#5535=AXIS2_PLACEMENT_3D('',#8210,#6400,#6401);
#5536=AXIS2_PLACEMENT_3D('',#8211,#6402,#6403);
#5537=AXIS2_PLACEMENT_3D('',#8217,#6404,#6405);
#5538=AXIS2_PLACEMENT_3D('',#8247,#6407,#6408);
#5539=AXIS2_PLACEMENT_3D('',#8253,#6409,#6410);
#5540=AXIS2_PLACEMENT_3D('',#8254,#6411,#6412);
#5541=AXIS2_PLACEMENT_3D('',#8260,#6413,#6414);
#5542=AXIS2_PLACEMENT_3D('',#8290,#6416,#6417);
#5543=AXIS2_PLACEMENT_3D('',#8296,#6418,#6419);
#5544=AXIS2_PLACEMENT_3D('',#8297,#6420,#6421);
#5545=AXIS2_PLACEMENT_3D('',#8303,#6422,#6423);
#5546=AXIS2_PLACEMENT_3D('',#8333,#6425,#6426);
#5547=AXIS2_PLACEMENT_3D('',#8339,#6427,#6428);
#5548=AXIS2_PLACEMENT_3D('',#8353,#6430,#6431);
#5549=AXIS2_PLACEMENT_3D('',#8420,#6438,#6439);
#5550=AXIS2_PLACEMENT_3D('',#8421,#6440,#6441);
#5551=AXIS2_PLACEMENT_3D('',#8427,#6445,#6446);
#5552=AXIS2_PLACEMENT_3D('',#8431,#6449,#6450);
#5553=AXIS2_PLACEMENT_3D('',#8435,#6453,#6454);
#5554=AXIS2_PLACEMENT_3D('',#8439,#6457,#6458);
#5555=AXIS2_PLACEMENT_3D('',#8443,#6461,#6462);
#5556=AXIS2_PLACEMENT_3D('',#8447,#6465,#6466);
#5557=AXIS2_PLACEMENT_3D('',#8451,#6469,#6470);
#5558=AXIS2_PLACEMENT_3D('',#8458,#6471,#6472);
#5559=AXIS2_PLACEMENT_3D('',#8465,#6473,#6474);
#5560=AXIS2_PLACEMENT_3D('',#8466,#6475,#6476);
#5561=AXIS2_PLACEMENT_3D('',#8472,#6480,#6481);
#5562=AXIS2_PLACEMENT_3D('',#8492,#6485,#6486);
#5563=AXIS2_PLACEMENT_3D('',#8494,#6488,#6489);
#5564=AXIS2_PLACEMENT_3D('',#8495,#6490,#6491);
#5565=AXIS2_PLACEMENT_3D('',#8496,#6492,#6493);
#5566=AXIS2_PLACEMENT_3D('',#8506,#6496,#6497);
#5567=AXIS2_PLACEMENT_3D('',#8507,#6498,#6499);
#5568=AXIS2_PLACEMENT_3D('',#8509,#6500,#6501);
#5569=AXIS2_PLACEMENT_3D('',#8511,#6502,#6503);
#5570=AXIS2_PLACEMENT_3D('',#8512,#6504,#6505);
#5571=AXIS2_PLACEMENT_3D('',#8513,#6506,#6507);
#5572=AXIS2_PLACEMENT_3D('',#8515,#6508,#6509);
#5573=AXIS2_PLACEMENT_3D('',#8517,#6510,#6511);
#5574=AXIS2_PLACEMENT_3D('',#8518,#6512,#6513);
#5575=AXIS2_PLACEMENT_3D('',#8519,#6514,#6515);
#5576=AXIS2_PLACEMENT_3D('',#8521,#6516,#6517);
#5577=AXIS2_PLACEMENT_3D('',#8523,#6518,#6519);
#5578=AXIS2_PLACEMENT_3D('',#8524,#6520,#6521);
#5579=AXIS2_PLACEMENT_3D('',#8525,#6522,#6523);
#5580=AXIS2_PLACEMENT_3D('',#8527,#6524,#6525);
#5581=AXIS2_PLACEMENT_3D('',#8529,#6526,#6527);
#5582=AXIS2_PLACEMENT_3D('',#8530,#6528,#6529);
#5583=AXIS2_PLACEMENT_3D('',#8531,#6530,#6531);
#5584=AXIS2_PLACEMENT_3D('',#8533,#6532,#6533);
#5585=AXIS2_PLACEMENT_3D('',#8535,#6534,#6535);
#5586=AXIS2_PLACEMENT_3D('',#8536,#6536,#6537);
#5587=AXIS2_PLACEMENT_3D('',#8537,#6538,#6539);
#5588=AXIS2_PLACEMENT_3D('',#8539,#6540,#6541);
#5589=AXIS2_PLACEMENT_3D('',#8541,#6542,#6543);
#5590=AXIS2_PLACEMENT_3D('',#8542,#6544,#6545);
#5591=AXIS2_PLACEMENT_3D('',#8543,#6546,#6547);
#5592=AXIS2_PLACEMENT_3D('',#8545,#6548,#6549);
#5593=AXIS2_PLACEMENT_3D('',#8547,#6550,#6551);
#5594=AXIS2_PLACEMENT_3D('',#8548,#6552,#6553);
#5595=AXIS2_PLACEMENT_3D('',#8549,#6554,#6555);
#5596=AXIS2_PLACEMENT_3D('',#8551,#6556,#6557);
#5597=AXIS2_PLACEMENT_3D('',#8552,#6558,#6559);
#5598=AXIS2_PLACEMENT_3D('',#8554,#6560,#6561);
#5599=AXIS2_PLACEMENT_3D('',#8556,#6562,#6563);
#5600=AXIS2_PLACEMENT_3D('',#8557,#6564,#6565);
#5601=AXIS2_PLACEMENT_3D('',#8559,#6566,#6567);
#5602=AXIS2_PLACEMENT_3D('',#8560,#6568,#6569);
#5603=AXIS2_PLACEMENT_3D('',#8561,#6570,#6571);
#5604=AXIS2_PLACEMENT_3D('',#8563,#6572,#6573);
#5605=AXIS2_PLACEMENT_3D('',#8564,#6574,#6575);
#5606=AXIS2_PLACEMENT_3D('',#8566,#6576,#6577);
#5607=AXIS2_PLACEMENT_3D('',#8567,#6578,#6579);
#5608=AXIS2_PLACEMENT_3D('',#8568,#6580,#6581);
#5609=AXIS2_PLACEMENT_3D('',#8569,#6582,#6583);
#5610=AXIS2_PLACEMENT_3D('',#8570,#6584,#6585);
#5611=AXIS2_PLACEMENT_3D('',#8571,#6586,#6587);
#5612=AXIS2_PLACEMENT_3D('',#8572,#6588,#6589);
#5613=AXIS2_PLACEMENT_3D('',#8573,#6590,#6591);
#5614=AXIS2_PLACEMENT_3D('',#8574,#6592,#6593);
#5615=AXIS2_PLACEMENT_3D('',#8582,#6595,#6596);
#5616=AXIS2_PLACEMENT_3D('',#8601,#6606,#6607);
#5617=AXIS2_PLACEMENT_3D('',#8617,#6611,#6612);
#5618=AXIS2_PLACEMENT_3D('',#8619,#6614,#6615);
#5619=AXIS2_PLACEMENT_3D('',#8624,#6616,#6617);
#5620=AXIS2_PLACEMENT_3D('',#8625,#6618,#6619);
#5621=AXIS2_PLACEMENT_3D('',#8627,#6621,#6622);
#5622=AXIS2_PLACEMENT_3D('',#8629,#6624,#6625);
#5623=AXIS2_PLACEMENT_3D('',#8631,#6627,#6628);
#5624=AXIS2_PLACEMENT_3D('',#8633,#6630,#6631);
#5625=AXIS2_PLACEMENT_3D('',#8635,#6633,#6634);
#5626=AXIS2_PLACEMENT_3D('',#8637,#6636,#6637);
#5627=AXIS2_PLACEMENT_3D('',#8638,#6638,#6639);
#5628=AXIS2_PLACEMENT_3D('',#8657,#6649,#6650);
#5629=AXIS2_PLACEMENT_3D('',#8660,#6653,#6654);
#5630=AXIS2_PLACEMENT_3D('',#8662,#6656,#6657);
#5631=AXIS2_PLACEMENT_3D('',#8664,#6659,#6660);
#5632=AXIS2_PLACEMENT_3D('',#8666,#6662,#6663);
#5633=AXIS2_PLACEMENT_3D('',#8668,#6665,#6666);
#5634=AXIS2_PLACEMENT_3D('',#8670,#6668,#6669);
#5635=AXIS2_PLACEMENT_3D('',#8672,#6671,#6672);
#5636=AXIS2_PLACEMENT_3D('',#8674,#6674,#6675);
#5637=AXIS2_PLACEMENT_3D('',#8675,#6676,#6677);
#5638=AXIS2_PLACEMENT_3D('',#8689,#6678,#6679);
#5639=AXIS2_PLACEMENT_3D('',#8691,#6680,#6681);
#5640=AXIS2_PLACEMENT_3D('',#8693,#6682,#6683);
#5641=AXIS2_PLACEMENT_3D('',#8699,#6684,#6685);
#5642=AXIS2_PLACEMENT_3D('',#8701,#6686,#6687);
#5643=AXIS2_PLACEMENT_3D('',#8705,#6689,#6690);
#5644=AXIS2_PLACEMENT_3D('',#8707,#6691,#6692);
#5645=AXIS2_PLACEMENT_3D('',#8717,#6693,#6694);
#5646=AXIS2_PLACEMENT_3D('',#8719,#6695,#6696);
#5647=AXIS2_PLACEMENT_3D('',#8729,#6697,#6698);
#5648=AXIS2_PLACEMENT_3D('',#8731,#6699,#6700);
#5649=AXIS2_PLACEMENT_3D('',#8741,#6701,#6702);
#5650=AXIS2_PLACEMENT_3D('',#8743,#6703,#6704);
#5651=AXIS2_PLACEMENT_3D('',#8804,#6712,#6713);
#5652=AXIS2_PLACEMENT_3D('',#8806,#6715,#6716);
#5653=AXIS2_PLACEMENT_3D('',#8811,#6717,#6718);
#5654=AXIS2_PLACEMENT_3D('',#8837,#6720,#6721);
#5655=AXIS2_PLACEMENT_3D('',#8842,#6722,#6723);
#5656=AXIS2_PLACEMENT_3D('',#8868,#6725,#6726);
#5657=AXIS2_PLACEMENT_3D('',#8873,#6727,#6728);
#5658=AXIS2_PLACEMENT_3D('',#8899,#6730,#6731);
#5659=AXIS2_PLACEMENT_3D('',#8904,#6732,#6733);
#5660=AXIS2_PLACEMENT_3D('',#8906,#6735,#6736);
#5661=AXIS2_PLACEMENT_3D('',#8908,#6738,#6739);
#5662=AXIS2_PLACEMENT_3D('',#8913,#6740,#6741);
#5663=AXIS2_PLACEMENT_3D('',#8930,#6742,#6743);
#5664=AXIS2_PLACEMENT_3D('',#8935,#6744,#6745);
#5665=AXIS2_PLACEMENT_3D('',#8940,#6746,#6747);
#5666=AXIS2_PLACEMENT_3D('',#8953,#6748,#6749);
#5667=AXIS2_PLACEMENT_3D('',#8954,#6750,#6751);
#5668=AXIS2_PLACEMENT_3D('',#8962,#6753,#6754);
#5669=AXIS2_PLACEMENT_3D('',#8981,#6764,#6765);
#5670=AXIS2_PLACEMENT_3D('',#8997,#6769,#6770);
#5671=AXIS2_PLACEMENT_3D('',#8999,#6772,#6773);
#5672=AXIS2_PLACEMENT_3D('',#9004,#6774,#6775);
#5673=AXIS2_PLACEMENT_3D('',#9005,#6776,#6777);
#5674=AXIS2_PLACEMENT_3D('',#9007,#6779,#6780);
#5675=AXIS2_PLACEMENT_3D('',#9009,#6782,#6783);
#5676=AXIS2_PLACEMENT_3D('',#9011,#6785,#6786);
#5677=AXIS2_PLACEMENT_3D('',#9013,#6788,#6789);
#5678=AXIS2_PLACEMENT_3D('',#9015,#6791,#6792);
#5679=AXIS2_PLACEMENT_3D('',#9017,#6794,#6795);
#5680=AXIS2_PLACEMENT_3D('',#9018,#6796,#6797);
#5681=AXIS2_PLACEMENT_3D('',#9026,#6801,#6802);
#5682=AXIS2_PLACEMENT_3D('',#9028,#6803,#6804);
#5683=AXIS2_PLACEMENT_3D('',#9059,#6818,#6819);
#5684=AXIS2_PLACEMENT_3D('',#9062,#6822,#6823);
#5685=AXIS2_PLACEMENT_3D('',#9064,#6825,#6826);
#5686=AXIS2_PLACEMENT_3D('',#9066,#6828,#6829);
#5687=AXIS2_PLACEMENT_3D('',#9077,#6832,#6833);
#5688=AXIS2_PLACEMENT_3D('',#9079,#6835,#6836);
#5689=AXIS2_PLACEMENT_3D('',#9081,#6838,#6839);
#5690=AXIS2_PLACEMENT_3D('',#9083,#6841,#6842);
#5691=AXIS2_PLACEMENT_3D('',#9085,#6844,#6845);
#5692=AXIS2_PLACEMENT_3D('',#9087,#6847,#6848);
#5693=AXIS2_PLACEMENT_3D('',#9089,#6850,#6851);
#5694=AXIS2_PLACEMENT_3D('',#9091,#6853,#6854);
#5695=AXIS2_PLACEMENT_3D('',#9093,#6856,#6857);
#5696=AXIS2_PLACEMENT_3D('',#9095,#6859,#6860);
#5697=AXIS2_PLACEMENT_3D('',#9097,#6862,#6863);
#5698=AXIS2_PLACEMENT_3D('',#9102,#6864,#6865);
#5699=AXIS2_PLACEMENT_3D('',#9107,#6866,#6867);
#5700=AXIS2_PLACEMENT_3D('',#9109,#6869,#6870);
#5701=AXIS2_PLACEMENT_3D('',#9110,#6871,#6872);
#5702=AXIS2_PLACEMENT_3D('',#9135,#6885,#6886);
#5703=AXIS2_PLACEMENT_3D('',#9138,#6889,#6890);
#5704=AXIS2_PLACEMENT_3D('',#9140,#6892,#6893);
#5705=AXIS2_PLACEMENT_3D('',#9142,#6895,#6896);
#5706=AXIS2_PLACEMENT_3D('',#9144,#6898,#6899);
#5707=AXIS2_PLACEMENT_3D('',#9146,#6901,#6902);
#5708=AXIS2_PLACEMENT_3D('',#9148,#6904,#6905);
#5709=AXIS2_PLACEMENT_3D('',#9150,#6907,#6908);
#5710=AXIS2_PLACEMENT_3D('',#9152,#6910,#6911);
#5711=AXIS2_PLACEMENT_3D('',#9154,#6913,#6914);
#5712=AXIS2_PLACEMENT_3D('',#9156,#6916,#6917);
#5713=AXIS2_PLACEMENT_3D('',#9158,#6919,#6920);
#5714=AXIS2_PLACEMENT_3D('',#9159,#6921,#6922);
#5715=DIRECTION('',(0.,0.,1.));
#5716=DIRECTION('',(1.,0.,0.));
#5717=DIRECTION('',(-0.995494327420715,0.0948211161776696,0.));
#5718=DIRECTION('',(-0.0948211161776696,-0.995494327420714,0.));
#5719=DIRECTION('',(0.,0.,1.));
#5720=DIRECTION('',(-0.0948211161776696,-0.995494327420714,0.));
#5721=DIRECTION('',(0.,0.,1.));
#5722=DIRECTION('',(-0.0948211161776696,-0.995494327420714,0.));
#5723=DIRECTION('',(-0.0948211161776696,-0.995494327420715,0.));
#5724=DIRECTION('',(0.995494327420714,-0.0948211161776696,0.));
#5725=DIRECTION('',(0.995494327420714,-0.0948211161776696,0.));
#5726=DIRECTION('',(0.,0.,1.));
#5727=DIRECTION('',(0.995494327420714,-0.0948211161776696,0.));
#5728=DIRECTION('',(0.995494327420715,-0.0948211161776696,0.));
#5729=DIRECTION('',(0.0948211161776696,0.995494327420714,0.));
#5730=DIRECTION('',(0.0948211161776696,0.995494327420714,0.));
#5731=DIRECTION('',(0.,0.,1.));
#5732=DIRECTION('',(-0.0948211161776696,-0.995494327420714,0.));
#5733=DIRECTION('',(0.0948211161776696,0.995494327420715,0.));
#5734=DIRECTION('',(-0.995494327420714,0.0948211161776696,0.));
#5735=DIRECTION('',(-0.995494327420714,0.0948211161776696,0.));
#5736=DIRECTION('',(0.995494327420714,-0.0948211161776696,0.));
#5737=DIRECTION('',(0.,0.,1.));
#5738=DIRECTION('',(-0.0948211161776696,-0.995494327420714,0.));
#5739=DIRECTION('',(-0.943234362325505,0.332127893631952,0.));
#5740=DIRECTION('',(-0.332127893631952,-0.943234362325505,0.));
#5741=DIRECTION('',(0.,0.,1.));
#5742=DIRECTION('',(-0.332127893631952,-0.943234362325505,0.));
#5743=DIRECTION('',(0.,0.,1.));
#5744=DIRECTION('',(-0.332127893631952,-0.943234362325505,0.));
#5745=DIRECTION('',(0.332127893631952,0.943234362325505,0.));
#5746=DIRECTION('',(-0.943234362325505,0.332127893631952,0.));
#5747=DIRECTION('',(-0.943234362325505,0.332127893631952,0.));
#5748=DIRECTION('',(0.,0.,1.));
#5749=DIRECTION('',(0.943234362325504,-0.332127893631952,0.));
#5750=DIRECTION('',(-0.943234362325505,0.332127893631952,0.));
#5751=DIRECTION('',(-0.332127893631952,-0.943234362325505,0.));
#5752=DIRECTION('',(-0.332127893631952,-0.943234362325505,0.));
#5753=DIRECTION('',(0.,0.,1.));
#5754=DIRECTION('',(-0.332127893631952,-0.943234362325505,0.));
#5755=DIRECTION('',(-0.332127893631952,-0.943234362325505,0.));
#5756=DIRECTION('',(0.943234362325505,-0.332127893631952,0.));
#5757=DIRECTION('',(0.943234362325505,-0.332127893631952,0.));
#5758=DIRECTION('',(0.,0.,1.));
#5759=DIRECTION('',(0.943234362325504,-0.332127893631952,0.));
#5760=DIRECTION('',(0.943234362325505,-0.332127893631952,0.));
#5761=DIRECTION('',(0.332127893631952,0.943234362325505,0.));
#5762=DIRECTION('',(0.332127893631952,0.943234362325505,0.));
#5763=DIRECTION('',(0.,0.,1.));
#5764=DIRECTION('',(-0.332127893631952,-0.943234362325505,0.));
#5765=DIRECTION('',(0.332127893631952,0.943234362325505,0.));
#5766=DIRECTION('',(-0.943234362325505,0.332127893631952,0.));
#5767=DIRECTION('',(-0.943234362325505,0.332127893631952,0.));
#5768=DIRECTION('',(0.943234362325504,-0.332127893631952,0.));
#5769=DIRECTION('',(0.,0.,1.));
#5770=DIRECTION('',(-0.332127893631952,-0.943234362325505,0.));
#5771=DIRECTION('',(-0.776484165925807,0.630136762986024,0.));
#5772=DIRECTION('',(-0.630136762986024,-0.776484165925807,0.));
#5773=DIRECTION('',(0.,0.,1.));
#5774=DIRECTION('',(-0.630136762986024,-0.776484165925807,0.));
#5775=DIRECTION('',(0.,0.,1.));
#5776=DIRECTION('',(-0.630136762986024,-0.776484165925807,0.));
#5777=DIRECTION('',(-0.852004124809737,-0.523535071706944,0.));
#5778=DIRECTION('',(0.523535071706943,-0.852004124809737,0.));
#5779=DIRECTION('',(0.523535071706943,-0.852004124809737,0.));
#5780=DIRECTION('',(0.,0.,1.));
#5781=DIRECTION('',(0.523535071706943,-0.852004124809737,0.));
#5782=DIRECTION('',(0.776484165925807,-0.630136762986024,0.));
#5783=DIRECTION('',(0.630136762986024,0.776484165925807,0.));
#5784=DIRECTION('',(0.630136762986024,0.776484165925807,0.));
#5785=DIRECTION('',(0.,0.,1.));
#5786=DIRECTION('',(-0.630136762986024,-0.776484165925807,0.));
#5787=DIRECTION('',(0.828856384532118,0.559461431932842,0.));
#5788=DIRECTION('',(-0.559461431932841,0.828856384532118,0.));
#5789=DIRECTION('',(-0.559461431932841,0.828856384532118,0.));
#5790=DIRECTION('',(0.,0.,1.));
#5791=DIRECTION('',(-0.559461431932841,0.828856384532118,0.));
#5792=DIRECTION('',(0.776484165925807,-0.630136762986024,0.));
#5793=DIRECTION('',(0.630136762986024,0.776484165925807,0.));
#5794=DIRECTION('',(0.630136762986024,0.776484165925807,0.));
#5795=DIRECTION('',(0.,0.,1.));
#5796=DIRECTION('',(-0.630136762986024,-0.776484165925807,0.));
#5797=DIRECTION('',(-0.376854635671898,-0.926272413263291,0.));
#5798=DIRECTION('',(0.926272413263291,-0.376854635671898,0.));
#5799=DIRECTION('',(0.926272413263291,-0.376854635671898,0.));
#5800=DIRECTION('',(0.,0.,1.));
#5801=DIRECTION('',(0.926272413263291,-0.376854635671898,0.));
#5802=DIRECTION('',(0.776484165925807,-0.630136762986024,0.));
#5803=DIRECTION('',(0.630136762986024,0.776484165925807,0.));
#5804=DIRECTION('',(0.630136762986024,0.776484165925807,0.));
#5805=DIRECTION('',(0.,0.,1.));
#5806=DIRECTION('',(-0.630136762986024,-0.776484165925807,0.));
#5807=DIRECTION('',(0.,0.,1.));
#5808=DIRECTION('',(0.407577413984159,0.913170658535405,0.));
#5809=DIRECTION('',(0.,0.,1.));
#5810=DIRECTION('',(1.,0.,0.));
#5811=DIRECTION('',(0.,0.,1.));
#5812=DIRECTION('',(1.,0.,0.));
#5813=DIRECTION('',(-0.372523903683376,-0.928022597345829,-2.63906958302484E-25));
#5814=DIRECTION('',(-0.928022597345829,0.372523903683376,2.9052282162178E-16));
#5815=DIRECTION('',(-0.928022597345829,0.372523903683376,0.));
#5816=DIRECTION('',(-1.74072264556908E-25,-2.14500034111302E-25,1.));
#5817=DIRECTION('',(-0.928022597345829,0.372523903683376,2.9052282162178E-16));
#5818=DIRECTION('',(-0.776484165925807,0.630136762986024,0.));
#5819=DIRECTION('',(-0.630136762986024,-0.776484165925807,0.));
#5820=DIRECTION('',(-0.630136762986024,-0.776484165925807,0.));
#5821=DIRECTION('',(0.,0.,1.));
#5822=DIRECTION('',(-0.630136762986024,-0.776484165925807,0.));
#5823=DIRECTION('',(0.335837020491748,0.94192011108545,0.));
#5824=DIRECTION('',(-0.941920111085449,0.335837020491748,0.));
#5825=DIRECTION('',(-0.941920111085449,0.335837020491748,0.));
#5826=DIRECTION('',(-0.941920111085449,0.335837020491748,0.));
#5827=DIRECTION('',(0.,0.,1.));
#5828=DIRECTION('',(-0.630136762986024,-0.776484165925807,0.));
#5829=DIRECTION('',(0.,0.,1.));
#5830=DIRECTION('',(1.,0.,0.));
#5831=DIRECTION('',(0.,0.,1.));
#5832=DIRECTION('',(1.,0.,0.));
#5833=DIRECTION('',(-0.938146685858036,0.346238062340902,0.));
#5834=DIRECTION('',(0.0535304240871242,0.998566218984526,0.));
#5835=DIRECTION('',(-0.732815621947084,0.680427265936859,0.));
#5836=DIRECTION('',(-0.680427265936859,-0.732815621947083,0.));
#5837=DIRECTION('',(0.,0.,1.));
#5838=DIRECTION('',(-0.680427265936859,-0.732815621947083,0.));
#5839=DIRECTION('',(-0.680427265936859,-0.732815621947083,0.));
#5840=DIRECTION('',(0.,0.,1.));
#5841=DIRECTION('',(0.75581337254041,-0.65478709966606,0.));
#5842=DIRECTION('',(0.,0.,1.));
#5843=DIRECTION('',(1.,0.,0.));
#5844=DIRECTION('',(0.,0.,1.));
#5845=DIRECTION('',(0.,0.,1.));
#5846=DIRECTION('',(1.,0.,0.));
#5847=DIRECTION('',(0.680427265936859,0.732815621947084,0.));
#5848=DIRECTION('',(-0.732815621947083,0.680427265936859,0.));
#5849=DIRECTION('',(-0.732815621947083,0.680427265936859,0.));
#5850=DIRECTION('',(0.,0.,1.));
#5851=DIRECTION('',(-0.732815621947083,0.680427265936859,0.));
#5852=DIRECTION('',(0.975254305352794,-0.221086046350375,0.));
#5853=DIRECTION('',(0.221086046350375,0.975254305352793,0.));
#5854=DIRECTION('',(0.221086046350375,0.975254305352793,0.));
#5855=DIRECTION('',(0.,0.,1.));
#5856=DIRECTION('',(0.221086046350375,0.975254305352793,0.));
#5857=DIRECTION('',(0.680427265936859,0.732815621947084,0.));
#5858=DIRECTION('',(-0.732815621947083,0.680427265936859,0.));
#5859=DIRECTION('',(-0.732815621947083,0.680427265936859,0.));
#5860=DIRECTION('',(0.,0.,1.));
#5861=DIRECTION('',(-0.732815621947083,0.680427265936859,0.));
#5862=DIRECTION('',(-0.732815621947084,0.680427265936859,0.));
#5863=DIRECTION('',(-0.680427265936859,-0.732815621947083,0.));
#5864=DIRECTION('',(-0.680427265936859,-0.732815621947083,0.));
#5865=DIRECTION('',(0.,0.,1.));
#5866=DIRECTION('',(-0.680427265936859,-0.732815621947083,0.));
#5867=DIRECTION('',(-0.680427265936859,-0.732815621947084,0.));
#5868=DIRECTION('',(0.732815621947083,-0.680427265936859,0.));
#5869=DIRECTION('',(0.732815621947083,-0.680427265936859,0.));
#5870=DIRECTION('',(0.,0.,1.));
#5871=DIRECTION('',(-0.732815621947083,0.680427265936859,0.));
#5872=DIRECTION('',(0.732815621947084,-0.680427265936859,0.));
#5873=DIRECTION('',(0.680427265936859,0.732815621947083,0.));
#5874=DIRECTION('',(0.680427265936859,0.732815621947083,0.));
#5875=DIRECTION('',(0.,0.,1.));
#5876=DIRECTION('',(-0.680427265936859,-0.732815621947083,0.));
#5877=DIRECTION('',(0.,0.,1.));
#5878=DIRECTION('',(-0.680427265936859,-0.732815621947084,0.));
#5879=DIRECTION('',(0.732815621947083,-0.680427265936859,0.));
#5880=DIRECTION('',(0.732815621947083,-0.680427265936859,0.));
#5881=DIRECTION('',(0.,0.,1.));
#5882=DIRECTION('',(-0.732815621947083,0.680427265936859,0.));
#5883=DIRECTION('',(-0.974494876034934,0.224409751529783,0.));
#5884=DIRECTION('',(-0.224409751529783,-0.974494876034933,0.));
#5885=DIRECTION('',(-0.224409751529783,-0.974494876034933,0.));
#5886=DIRECTION('',(0.,0.,1.));
#5887=DIRECTION('',(-0.224409751529783,-0.974494876034933,0.));
#5888=DIRECTION('',(-0.680427265936859,-0.732815621947084,0.));
#5889=DIRECTION('',(0.732815621947083,-0.680427265936859,0.));
#5890=DIRECTION('',(0.732815621947083,-0.680427265936859,0.));
#5891=DIRECTION('',(0.,0.,1.));
#5892=DIRECTION('',(-0.732815621947083,0.680427265936859,0.));
#5893=DIRECTION('',(0.732815621947084,-0.680427265936859,0.));
#5894=DIRECTION('',(0.680427265936859,0.732815621947083,0.));
#5895=DIRECTION('',(0.680427265936859,0.732815621947083,0.));
#5896=DIRECTION('',(0.,0.,1.));
#5897=DIRECTION('',(-0.680427265936859,-0.732815621947083,0.));
#5898=DIRECTION('',(0.680427265936859,0.732815621947084,0.));
#5899=DIRECTION('',(-0.732815621947083,0.680427265936859,0.));
#5900=DIRECTION('',(-0.732815621947083,0.680427265936859,0.));
#5901=DIRECTION('',(-0.732815621947083,0.680427265936859,0.));
#5902=DIRECTION('',(0.,0.,1.));
#5903=DIRECTION('',(-0.732815621947083,0.680427265936859,0.));
#5904=DIRECTION('',(0.866244112748225,0.499620993483101,0.));
#5905=DIRECTION('',(-0.499620993483101,0.866244112748224,0.));
#5906=DIRECTION('',(0.,0.,1.));
#5907=DIRECTION('',(-0.499620993483101,0.866244112748224,0.));
#5908=DIRECTION('',(0.,0.,1.));
#5909=DIRECTION('',(-0.499620993483101,0.866244112748224,0.));
#5910=DIRECTION('',(-0.499620993483101,0.866244112748225,0.));
#5911=DIRECTION('',(-0.866244112748224,-0.499620993483101,0.));
#5912=DIRECTION('',(-0.866244112748224,-0.499620993483101,0.));
#5913=DIRECTION('',(0.,0.,1.));
#5914=DIRECTION('',(-0.866244112748224,-0.499620993483101,0.));
#5915=DIRECTION('',(-0.866244112748225,-0.499620993483101,0.));
#5916=DIRECTION('',(0.499620993483101,-0.866244112748224,0.));
#5917=DIRECTION('',(0.499620993483101,-0.866244112748224,0.));
#5918=DIRECTION('',(0.,0.,1.));
#5919=DIRECTION('',(-0.499620993483101,0.866244112748224,0.));
#5920=DIRECTION('',(0.499620993483101,-0.866244112748225,0.));
#5921=DIRECTION('',(0.866244112748224,0.499620993483101,0.));
#5922=DIRECTION('',(0.866244112748224,0.499620993483101,0.));
#5923=DIRECTION('',(-0.866244112748224,-0.499620993483101,0.));
#5924=DIRECTION('',(0.,0.,1.));
#5925=DIRECTION('',(-0.499620993483101,0.866244112748224,0.));
#5926=DIRECTION('',(0.968987210548232,0.247110877530629,0.));
#5927=DIRECTION('',(-0.247110877530629,0.968987210548231,0.));
#5928=DIRECTION('',(0.,0.,1.));
#5929=DIRECTION('',(-0.247110877530629,0.968987210548231,0.));
#5930=DIRECTION('',(0.,0.,1.));
#5931=DIRECTION('',(-0.247110877530629,0.968987210548231,0.));
#5932=DIRECTION('',(0.41078368347563,0.911732836630442,0.));
#5933=DIRECTION('',(-0.911732836630442,0.41078368347563,0.));
#5934=DIRECTION('',(-0.911732836630442,0.41078368347563,0.));
#5935=DIRECTION('',(0.,0.,1.));
#5936=DIRECTION('',(-0.911732836630442,0.41078368347563,0.));
#5937=DIRECTION('',(0.358346586132922,0.933588626862432,0.));
#5938=DIRECTION('',(-0.933588626862431,0.358346586132922,0.));
#5939=DIRECTION('',(-0.933588626862431,0.358346586132922,0.));
#5940=DIRECTION('',(0.,0.,1.));
#5941=DIRECTION('',(-0.933588626862431,0.358346586132922,0.));
#5942=DIRECTION('',(0.247110877530629,-0.968987210548232,0.));
#5943=DIRECTION('',(0.968987210548231,0.247110877530629,0.));
#5944=DIRECTION('',(0.968987210548231,0.247110877530629,0.));
#5945=DIRECTION('',(0.,0.,1.));
#5946=DIRECTION('',(-0.968987210548231,-0.247110877530629,0.));
#5947=DIRECTION('',(0.968987210548232,0.247110877530629,0.));
#5948=DIRECTION('',(-0.247110877530629,0.968987210548231,0.));
#5949=DIRECTION('',(-0.247110877530629,0.968987210548231,0.));
#5950=DIRECTION('',(0.,0.,1.));
#5951=DIRECTION('',(-0.247110877530629,0.968987210548231,0.));
#5952=DIRECTION('',(-0.247110877530629,0.968987210548232,0.));
#5953=DIRECTION('',(-0.968987210548231,-0.247110877530629,0.));
#5954=DIRECTION('',(-0.968987210548231,-0.247110877530629,0.));
#5955=DIRECTION('',(0.,0.,1.));
#5956=DIRECTION('',(-0.968987210548231,-0.247110877530629,0.));
#5957=DIRECTION('',(-0.968987210548232,-0.247110877530629,0.));
#5958=DIRECTION('',(0.247110877530629,-0.968987210548231,0.));
#5959=DIRECTION('',(0.247110877530629,-0.968987210548231,0.));
#5960=DIRECTION('',(0.,0.,1.));
#5961=DIRECTION('',(-0.247110877530629,0.968987210548231,0.));
#5962=DIRECTION('',(0.247110877530629,-0.968987210548232,0.));
#5963=DIRECTION('',(0.968987210548231,0.247110877530629,0.));
#5964=DIRECTION('',(0.968987210548231,0.247110877530629,0.));
#5965=DIRECTION('',(0.,0.,1.));
#5966=DIRECTION('',(-0.968987210548231,-0.247110877530629,0.));
#5967=DIRECTION('',(-0.642571093588069,-0.766226069567614,0.));
#5968=DIRECTION('',(0.766226069567613,-0.642571093588069,0.));
#5969=DIRECTION('',(0.766226069567613,-0.642571093588069,0.));
#5970=DIRECTION('',(0.,0.,1.));
#5971=DIRECTION('',(0.766226069567613,-0.642571093588069,0.));
#5972=DIRECTION('',(-0.721527215738007,0.692386075068931,0.));
#5973=DIRECTION('',(-0.692386075068931,-0.721527215738007,0.));
#5974=DIRECTION('',(-0.692386075068931,-0.721527215738007,0.));
#5975=DIRECTION('',(0.,0.,1.));
#5976=DIRECTION('',(-0.692386075068931,-0.721527215738007,0.));
#5977=DIRECTION('',(-0.968987210548232,-0.247110877530629,0.));
#5978=DIRECTION('',(0.247110877530629,-0.968987210548231,0.));
#5979=DIRECTION('',(0.247110877530629,-0.968987210548231,0.));
#5980=DIRECTION('',(0.,0.,1.));
#5981=DIRECTION('',(-0.247110877530629,0.968987210548231,0.));
#5982=DIRECTION('',(0.725853806924049,-0.687849003033271,0.));
#5983=DIRECTION('',(0.687849003033271,0.725853806924049,0.));
#5984=DIRECTION('',(0.687849003033271,0.725853806924049,0.));
#5985=DIRECTION('',(0.,0.,1.));
#5986=DIRECTION('',(0.687849003033271,0.725853806924049,0.));
#5987=DIRECTION('',(-0.405829227435173,-0.913948925355991,0.));
#5988=DIRECTION('',(0.913948925355991,-0.405829227435173,0.));
#5989=DIRECTION('',(0.913948925355991,-0.405829227435173,0.));
#5990=DIRECTION('',(0.913948925355991,-0.405829227435173,0.));
#5991=DIRECTION('',(0.,0.,1.));
#5992=DIRECTION('',(-0.247110877530629,0.968987210548231,0.));
#5993=DIRECTION('',(0.,0.,1.));
#5994=DIRECTION('',(0.,0.,1.));
#5995=DIRECTION('',(0.,0.,1.));
#5996=DIRECTION('',(0.,0.,1.));
#5997=DIRECTION('',(0.,0.,1.));
#5998=DIRECTION('',(0.991372582111553,-0.131074037999418,0.));
#5999=DIRECTION('',(0.131074037999417,0.991372582111552,0.));
#6000=DIRECTION('',(0.131074037999417,0.991372582111552,0.));
#6001=DIRECTION('',(0.,0.,1.));
#6002=DIRECTION('',(0.131074037999417,0.991372582111552,0.));
#6003=DIRECTION('',(-0.131074037999418,-0.991372582111553,0.));
#6004=DIRECTION('',(0.991372582111552,-0.131074037999417,0.));
#6005=DIRECTION('',(0.991372582111552,-0.131074037999417,0.));
#6006=DIRECTION('',(0.,0.,1.));
#6007=DIRECTION('',(-0.991372582111552,0.131074037999417,0.));
#6008=DIRECTION('',(-0.991372582111553,0.131074037999418,0.));
#6009=DIRECTION('',(-0.131074037999417,-0.991372582111552,0.));
#6010=DIRECTION('',(0.,0.,1.));
#6011=DIRECTION('',(-0.131074037999417,-0.991372582111552,0.));
#6012=DIRECTION('',(0.,0.,1.));
#6013=DIRECTION('',(0.131074037999417,0.991372582111552,0.));
#6014=DIRECTION('',(0.446028667842237,-0.895018674365446,0.));
#6015=DIRECTION('',(0.895018674365445,0.446028667842237,0.));
#6016=DIRECTION('',(0.895018674365445,0.446028667842237,0.));
#6017=DIRECTION('',(0.,0.,1.));
#6018=DIRECTION('',(0.895018674365445,0.446028667842237,0.));
#6019=DIRECTION('',(0.,0.,1.));
#6020=DIRECTION('',(0.420283635023318,0.907392784923699,0.));
#6021=DIRECTION('',(0.,0.,1.));
#6022=DIRECTION('',(1.,0.,0.));
#6023=DIRECTION('',(0.,0.,1.));
#6024=DIRECTION('',(1.,0.,0.));
#6025=DIRECTION('',(0.,0.,1.));
#6026=DIRECTION('',(0.,0.,1.));
#6027=DIRECTION('',(0.991372582111553,-0.131074037999418,0.));
#6028=DIRECTION('',(0.131074037999417,0.991372582111552,0.));
#6029=DIRECTION('',(0.131074037999417,0.991372582111552,0.));
#6030=DIRECTION('',(0.,0.,1.));
#6031=DIRECTION('',(0.131074037999417,0.991372582111552,0.));
#6032=DIRECTION('',(0.131074037999418,0.991372582111553,0.));
#6033=DIRECTION('',(-0.991372582111552,0.131074037999417,0.));
#6034=DIRECTION('',(-0.991372582111552,0.131074037999417,0.));
#6035=DIRECTION('',(0.,0.,1.));
#6036=DIRECTION('',(-0.991372582111552,0.131074037999417,0.));
#6037=DIRECTION('',(-0.991372582111553,0.131074037999418,0.));
#6038=DIRECTION('',(-0.131074037999417,-0.991372582111552,0.));
#6039=DIRECTION('',(-0.131074037999417,-0.991372582111552,0.));
#6040=DIRECTION('',(0.,0.,1.));
#6041=DIRECTION('',(0.131074037999417,0.991372582111552,0.));
#6042=DIRECTION('',(-0.131074037999418,-0.991372582111553,0.));
#6043=DIRECTION('',(0.991372582111552,-0.131074037999417,0.));
#6044=DIRECTION('',(0.991372582111552,-0.131074037999417,0.));
#6045=DIRECTION('',(0.,0.,1.));
#6046=DIRECTION('',(-0.991372582111552,0.131074037999417,0.));
#6047=DIRECTION('',(-0.991372582111553,0.131074037999418,0.));
#6048=DIRECTION('',(-0.131074037999417,-0.991372582111552,0.));
#6049=DIRECTION('',(-0.131074037999417,-0.991372582111552,0.));
#6050=DIRECTION('',(0.,0.,1.));
#6051=DIRECTION('',(0.131074037999417,0.991372582111552,0.));
#6052=DIRECTION('',(-0.412546295823676,0.910936635448462,0.));
#6053=DIRECTION('',(-0.910936635448462,-0.412546295823676,0.));
#6054=DIRECTION('',(-0.910936635448462,-0.412546295823676,0.));
#6055=DIRECTION('',(-0.910936635448462,-0.412546295823676,0.));
#6056=DIRECTION('',(-0.991372582111553,0.131074037999418,0.));
#6057=DIRECTION('',(-0.131074037999417,-0.991372582111552,0.));
#6058=DIRECTION('',(-0.131074037999417,-0.991372582111552,0.));
#6059=DIRECTION('',(0.131074037999417,0.991372582111552,0.));
#6060=DIRECTION('',(0.,0.,1.));
#6061=DIRECTION('',(0.131074037999417,0.991372582111552,0.));
#6062=DIRECTION('',(0.,0.,1.));
#6063=DIRECTION('',(1.,0.,0.));
#6064=DIRECTION('',(0.,0.,1.));
#6065=DIRECTION('',(0.,0.,1.));
#6066=DIRECTION('',(0.,0.,1.));
#6067=DIRECTION('',(0.,0.,1.));
#6068=DIRECTION('',(0.,0.,1.));
#6069=DIRECTION('',(-0.480707223687945,-0.876881157908088,0.));
#6070=DIRECTION('',(0.876881157908087,-0.480707223687945,0.));
#6071=DIRECTION('',(0.876881157908087,-0.480707223687945,0.));
#6072=DIRECTION('',(0.,0.,1.));
#6073=DIRECTION('',(-0.876881157908087,0.480707223687944,0.));
#6074=DIRECTION('',(0.876881157908088,-0.480707223687945,0.));
#6075=DIRECTION('',(0.480707223687945,0.876881157908087,0.));
#6076=DIRECTION('',(0.480707223687945,0.876881157908087,0.));
#6077=DIRECTION('',(0.,0.,1.));
#6078=DIRECTION('',(0.480707223687945,0.876881157908087,0.));
#6079=DIRECTION('',(0.480707223687945,0.876881157908088,0.));
#6080=DIRECTION('',(-0.876881157908087,0.480707223687945,0.));
#6081=DIRECTION('',(-0.876881157908087,0.480707223687945,0.));
#6082=DIRECTION('',(0.,0.,1.));
#6083=DIRECTION('',(-0.876881157908087,0.480707223687944,0.));
#6084=DIRECTION('',(0.,0.,1.));
#6085=DIRECTION('',(0.,0.,1.));
#6086=DIRECTION('',(0.,0.,1.));
#6087=DIRECTION('',(0.973491995532651,0.228721084803866,0.));
#6088=DIRECTION('',(0.,0.,1.));
#6089=DIRECTION('',(1.,0.,0.));
#6090=DIRECTION('',(0.,0.,1.));
#6091=DIRECTION('',(1.,0.,0.));
#6092=DIRECTION('',(0.,0.,1.));
#6093=DIRECTION('',(-0.480707223687945,-0.876881157908088,0.));
#6094=DIRECTION('',(0.876881157908087,-0.480707223687945,0.));
#6095=DIRECTION('',(0.876881157908087,-0.480707223687945,0.));
#6096=DIRECTION('',(0.,0.,1.));
#6097=DIRECTION('',(-0.876881157908087,0.480707223687944,0.));
#6098=DIRECTION('',(0.876881157908088,-0.480707223687945,0.));
#6099=DIRECTION('',(0.480707223687945,0.876881157908087,0.));
#6100=DIRECTION('',(0.480707223687945,0.876881157908087,0.));
#6101=DIRECTION('',(0.,0.,1.));
#6102=DIRECTION('',(0.480707223687945,0.876881157908087,0.));
#6103=DIRECTION('',(0.480707223687945,0.876881157908088,0.));
#6104=DIRECTION('',(-0.876881157908087,0.480707223687945,0.));
#6105=DIRECTION('',(-0.876881157908087,0.480707223687945,0.));
#6106=DIRECTION('',(-0.876881157908087,0.480707223687944,0.));
#6107=DIRECTION('',(0.,0.,1.));
#6108=DIRECTION('',(0.480707223687945,0.876881157908087,0.));
#6109=DIRECTION('',(0.,0.,1.));
#6110=DIRECTION('',(1.,0.,0.));
#6111=DIRECTION('',(-0.0308057504086036,-0.999525390243671,0.));
#6112=DIRECTION('',(-0.877374014728474,-0.479807084440444,0.));
#6113=DIRECTION('',(0.0637342996845072,0.997966902779709,0.));
#6114=DIRECTION('',(-0.887106588259757,0.461564622849428,0.));
#6115=DIRECTION('',(0.877374014728474,0.479807084440444,0.));
#6116=DIRECTION('',(0.868381101555558,-0.495897431391972,0.));
#6117=DIRECTION('',(0.0506171271629333,0.998718131625621,0.));
#6118=DIRECTION('',(0.877374014728474,0.479807084440444,0.));
#6119=DIRECTION('',(-0.0712711096939634,-0.997456980988649,0.));
#6120=DIRECTION('',(0.877491618274751,-0.479591972261378,0.));
#6121=DIRECTION('',(-0.877374014728474,-0.479807084440444,0.));
#6122=DIRECTION('',(-0.862292943073049,0.506409794856319,0.));
#6123=DIRECTION('',(0.,0.,1.));
#6124=DIRECTION('',(1.,0.,0.));
#6125=DIRECTION('',(0.996725238005751,0.0808628463657922,0.));
#6126=DIRECTION('',(0.234890180415233,0.972021914950738,0.));
#6127=DIRECTION('',(0.996725238005751,0.0808628463657922,0.));
#6128=DIRECTION('',(0.369753931963691,-0.929129716346103,0.));
#6129=DIRECTION('',(0.996725238005751,0.0808628463657922,0.));
#6130=DIRECTION('',(-0.0808628463657922,0.996725238005751,0.));
#6131=DIRECTION('',(0.996725238005751,0.0808628463657922,0.));
#6132=DIRECTION('',(0.0808628463657922,-0.996725238005751,0.));
#6133=DIRECTION('',(-0.996725238005751,-0.0808628463657922,0.));
#6134=DIRECTION('',(-0.371847114594692,0.928293985420353,0.));
#6135=DIRECTION('',(-0.996725238005751,-0.0808628463657922,0.));
#6136=DIRECTION('',(-0.234050457796734,-0.972224451042628,0.));
#6137=DIRECTION('',(-0.996725238005751,-0.0808628463657922,0.));
#6138=DIRECTION('',(-0.0808628463657922,0.996725238005751,0.));
#6139=DIRECTION('',(0.996725238005751,0.0808628463657922,0.));
#6140=DIRECTION('',(0.0808628463657922,-0.996725238005751,0.));
#6141=DIRECTION('',(0.,0.,1.));
#6142=DIRECTION('',(1.,0.,0.));
#6143=DIRECTION('',(-0.637793727852487,-0.770207219332581,0.));
#6144=DIRECTION('',(-0.938146685858036,0.346238062340902,0.));
#6145=DIRECTION('',(0.0143220556847833,0.999897434100599,0.));
#6146=DIRECTION('',(0.938146685858036,-0.346238062340902,0.));
#6147=DIRECTION('',(-0.0581941454736569,-0.998305284686298,0.));
#6148=DIRECTION('',(0.938146685858036,-0.346238062340902,0.));
#6149=DIRECTION('',(0.604301794931855,0.796755508698959,0.));
#6150=DIRECTION('',(0.938146685858036,-0.346238062340902,0.));
#6151=DIRECTION('',(-0.00690994750791695,0.999976126027735,0.));
#6152=DIRECTION('',(0.,0.,1.));
#6153=DIRECTION('',(1.,0.,0.));
#6154=DIRECTION('',(0.,0.,1.));
#6155=DIRECTION('',(1.,0.,0.));
#6156=DIRECTION('',(0.,0.,1.));
#6157=DIRECTION('',(1.,0.,0.));
#6158=DIRECTION('',(0.,0.,1.));
#6159=DIRECTION('',(1.,0.,0.));
#6160=DIRECTION('',(0.,0.,1.));
#6161=DIRECTION('',(1.,0.,0.));
#6162=DIRECTION('',(0.,0.,1.));
#6163=DIRECTION('',(1.,0.,0.));
#6164=DIRECTION('',(0.,0.,1.));
#6165=DIRECTION('',(1.,0.,0.));
#6166=DIRECTION('',(-0.375957756661738,-0.926636803286958,0.));
#6167=DIRECTION('',(0.,0.,1.));
#6168=DIRECTION('',(1.,0.,0.));
#6169=DIRECTION('',(0.,0.,1.));
#6170=DIRECTION('',(1.,0.,0.));
#6171=DIRECTION('',(0.,0.,1.));
#6172=DIRECTION('',(1.,0.,0.));
#6173=DIRECTION('',(0.,0.,1.));
#6174=DIRECTION('',(1.,0.,0.));
#6175=DIRECTION('',(0.,0.,1.));
#6176=DIRECTION('',(1.,0.,0.));
#6177=DIRECTION('',(0.625373014362587,0.78032595298827,0.));
#6178=DIRECTION('',(0.943573091007901,-0.331164342775297,0.));
#6179=DIRECTION('',(0.0016983272189443,-0.999998557841288,0.));
#6180=DIRECTION('',(-0.943573091007901,0.331164342775297,0.));
#6181=DIRECTION('',(0.0421936389341896,0.999109451878767,0.));
#6182=DIRECTION('',(-0.943573091007901,0.331164342775297,0.));
#6183=DIRECTION('',(-0.591460070921892,-0.806334288310419,0.));
#6184=DIRECTION('',(-0.943573091007901,0.331164342775297,0.));
#6185=DIRECTION('',(0.,0.,1.));
#6186=DIRECTION('',(1.,0.,0.));
#6187=DIRECTION('',(0.,0.,1.));
#6188=DIRECTION('',(1.,0.,0.));
#6189=DIRECTION('',(0.,0.,1.));
#6190=DIRECTION('',(1.,0.,0.));
#6191=DIRECTION('',(0.,0.,1.));
#6192=DIRECTION('',(1.,0.,0.));
#6193=DIRECTION('',(0.,0.,1.));
#6194=DIRECTION('',(1.,0.,0.));
#6195=DIRECTION('',(0.,0.,1.));
#6196=DIRECTION('',(1.,0.,0.));
#6197=DIRECTION('',(0.,0.,1.));
#6198=DIRECTION('',(1.,0.,0.));
#6199=DIRECTION('',(0.,0.,1.));
#6200=DIRECTION('',(1.,0.,0.));
#6201=DIRECTION('',(0.990217145664467,-0.13953495774219,0.));
#6202=DIRECTION('',(0.196787651999286,-0.980446133156028,0.));
#6203=DIRECTION('',(-0.859085515574777,-0.511832078839944,0.));
#6204=DIRECTION('',(-0.196787651999286,0.980446133156028,0.));
#6205=DIRECTION('',(0.88072217089775,0.47363325230515,0.));
#6206=DIRECTION('',(-0.196787651999286,0.980446133156028,0.));
#6207=DIRECTION('',(-0.995274877522128,0.0970974673887651,0.));
#6208=DIRECTION('',(-0.196787651999286,0.980446133156028,0.));
#6209=DIRECTION('',(0.845836310055886,0.533442533541376,0.));
#6210=DIRECTION('',(0.492675979686771,0.870212835483182,0.));
#6211=DIRECTION('',(0.533442533541376,-0.845836310055886,0.));
#6212=DIRECTION('',(-0.515612812384733,-0.856821701233521,0.));
#6213=DIRECTION('',(0.995611910238129,0.0935784387131031,0.));
#6214=DIRECTION('',(0.533442533541376,-0.845836310055886,0.));
#6215=DIRECTION('',(-0.997883203756428,-0.0650316204688646,0.));
#6216=DIRECTION('',(-0.845836310055886,-0.533442533541376,0.));
#6217=DIRECTION('',(-0.533442533541376,0.845836310055886,0.));
#6218=DIRECTION('',(0.625331262956989,0.780359411789604,0.));
#6219=DIRECTION('',(0.,0.,1.));
#6220=DIRECTION('',(1.,0.,0.));
#6221=DIRECTION('',(0.,0.,1.));
#6222=DIRECTION('',(1.,0.,0.));
#6223=DIRECTION('',(0.,0.,1.));
#6224=DIRECTION('',(1.,0.,0.));
#6225=DIRECTION('',(0.,0.,1.));
#6226=DIRECTION('',(1.,0.,0.));
#6227=DIRECTION('',(0.,0.,1.));
#6228=DIRECTION('',(1.,0.,0.));
#6229=DIRECTION('',(0.,0.,1.));
#6230=DIRECTION('',(1.,0.,0.));
#6231=DIRECTION('',(0.,0.,1.));
#6232=DIRECTION('',(1.,0.,0.));
#6233=DIRECTION('',(0.,0.,1.));
#6234=DIRECTION('',(1.,0.,0.));
#6235=DIRECTION('',(-0.876188432880493,-0.481968702393034,0.));
#6236=DIRECTION('',(0.,0.,1.));
#6237=DIRECTION('',(1.,0.,0.));
#6238=DIRECTION('',(0.,0.,1.));
#6239=DIRECTION('',(1.,0.,0.));
#6240=DIRECTION('',(0.,0.,1.));
#6241=DIRECTION('',(1.,0.,0.));
#6242=DIRECTION('',(0.,0.,1.));
#6243=DIRECTION('',(1.,0.,0.));
#6244=DIRECTION('',(0.,0.,1.));
#6245=DIRECTION('',(1.,0.,0.));
#6246=DIRECTION('',(-0.247418264974111,0.968908768748224,0.));
#6247=DIRECTION('',(0.968908768748224,0.247418264974111,0.));
#6248=DIRECTION('',(0.247418264974111,-0.968908768748224,0.));
#6249=DIRECTION('',(-0.968908768748224,-0.247418264974111,0.));
#6250=DIRECTION('',(-0.639083734789803,-0.769137165872977,0.));
#6251=DIRECTION('',(0.431355756329775,-0.902181917066158,0.));
#6252=DIRECTION('',(0.999894876260271,0.0144995320081945,0.));
#6253=DIRECTION('',(0.431355756329775,-0.902181917066158,0.));
#6254=DIRECTION('',(-0.902181917066158,-0.431355756329775,0.));
#6255=DIRECTION('',(-0.431355756329775,0.902181917066158,0.));
#6256=DIRECTION('',(0.639608331191462,0.768700970905119,0.));
#6257=DIRECTION('',(-0.431355756329775,0.902181917066158,0.));
#6258=DIRECTION('',(-0.999884751220676,-0.0151817086115687,0.));
#6259=DIRECTION('',(-0.431355756329775,0.902181917066158,0.));
#6260=DIRECTION('',(0.902181917066158,0.431355756329775,0.));
#6261=DIRECTION('',(0.431355756329775,-0.902181917066158,0.));
#6262=DIRECTION('',(0.755700132006093,0.654917789104841,0.));
#6263=DIRECTION('',(0.654917789104841,-0.755700132006093,0.));
#6264=DIRECTION('',(-0.755700132006093,-0.654917789104841,0.));
#6265=DIRECTION('',(0.654917789104841,-0.755700132006093,0.));
#6266=DIRECTION('',(-0.755700132006093,-0.654917789104841,0.));
#6267=DIRECTION('',(-0.654917789104841,0.755700132006093,0.));
#6268=DIRECTION('',(-0.755700132006093,-0.654917789104841,0.));
#6269=DIRECTION('',(-0.654917789104841,0.755700132006093,0.));
#6270=DIRECTION('',(-0.755700132006093,-0.654917789104841,0.));
#6271=DIRECTION('',(0.654917789104841,-0.755700132006093,0.));
#6272=DIRECTION('',(0.,0.,1.));
#6273=DIRECTION('',(0.,0.,1.));
#6274=DIRECTION('',(-0.654917789104841,0.755700132006092,0.));
#6275=DIRECTION('',(0.654917789104841,-0.755700132006093,0.));
#6276=DIRECTION('',(0.755700132006093,0.654917789104841,0.));
#6277=DIRECTION('',(0.,0.,1.));
#6278=DIRECTION('',(0.755700132006093,0.654917789104841,0.));
#6279=DIRECTION('',(0.755700132006093,0.654917789104841,0.));
#6280=DIRECTION('',(-0.654917789104841,0.755700132006093,0.));
#6281=DIRECTION('',(0.,0.,1.));
#6282=DIRECTION('',(-0.654917789104841,0.755700132006092,0.));
#6283=DIRECTION('',(-0.654917789104841,0.755700132006093,0.));
#6284=DIRECTION('',(-0.755700132006093,-0.654917789104841,0.));
#6285=DIRECTION('',(0.,0.,1.));
#6286=DIRECTION('',(0.755700132006093,0.654917789104841,0.));
#6287=DIRECTION('',(0.755700132006093,0.654917789104841,0.));
#6288=DIRECTION('',(-0.654917789104841,0.755700132006093,0.));
#6289=DIRECTION('',(0.,0.,1.));
#6290=DIRECTION('',(-0.654917789104841,0.755700132006092,0.));
#6291=DIRECTION('',(-0.654917789104841,0.755700132006093,0.));
#6292=DIRECTION('',(-0.755700132006093,-0.654917789104841,0.));
#6293=DIRECTION('',(0.,0.,1.));
#6294=DIRECTION('',(0.755700132006093,0.654917789104841,0.));
#6295=DIRECTION('',(-0.755700132006093,-0.654917789104841,0.));
#6296=DIRECTION('',(0.654917789104841,-0.755700132006093,0.));
#6297=DIRECTION('',(0.,0.,1.));
#6298=DIRECTION('',(-0.654917789104841,0.755700132006092,0.));
#6299=DIRECTION('',(-0.654917789104841,0.755700132006093,0.));
#6300=DIRECTION('',(-0.755700132006093,-0.654917789104841,0.));
#6301=DIRECTION('',(0.755700132006093,0.654917789104841,0.));
#6302=DIRECTION('',(0.,0.,1.));
#6303=DIRECTION('',(0.755700132006093,0.654917789104841,0.));
#6304=DIRECTION('',(-0.902181917066158,-0.431355756329775,0.));
#6305=DIRECTION('',(0.431355756329775,-0.902181917066158,0.));
#6306=DIRECTION('',(0.,0.,1.));
#6307=DIRECTION('',(0.,0.,1.));
#6308=DIRECTION('',(-0.431355756329774,0.902181917066157,0.));
#6309=DIRECTION('',(-0.769137165872978,0.639083734789804,0.));
#6310=DIRECTION('',(-0.639083734789803,-0.769137165872977,0.));
#6311=DIRECTION('',(0.,0.,1.));
#6312=DIRECTION('',(-0.639083734789803,-0.769137165872977,0.));
#6313=DIRECTION('',(-0.902181917066158,-0.431355756329775,0.));
#6314=DIRECTION('',(0.431355756329775,-0.902181917066158,0.));
#6315=DIRECTION('',(0.,0.,1.));
#6316=DIRECTION('',(-0.431355756329774,0.902181917066157,0.));
#6317=DIRECTION('',(0.431355756329775,-0.902181917066158,0.));
#6318=DIRECTION('',(0.902181917066158,0.431355756329775,0.));
#6319=DIRECTION('',(0.,0.,1.));
#6320=DIRECTION('',(0.902181917066158,0.431355756329775,0.));
#6321=DIRECTION('',(0.902181917066158,0.431355756329775,0.));
#6322=DIRECTION('',(-0.431355756329775,0.902181917066158,0.));
#6323=DIRECTION('',(0.,0.,1.));
#6324=DIRECTION('',(-0.431355756329774,0.902181917066157,0.));
#6325=DIRECTION('',(-0.0151817086115687,0.999884751220676,0.));
#6326=DIRECTION('',(-0.999884751220676,-0.0151817086115687,0.));
#6327=DIRECTION('',(0.,0.,1.));
#6328=DIRECTION('',(-0.999884751220676,-0.0151817086115687,0.));
#6329=DIRECTION('',(0.902181917066158,0.431355756329775,0.));
#6330=DIRECTION('',(-0.431355756329775,0.902181917066158,0.));
#6331=DIRECTION('',(0.,0.,1.));
#6332=DIRECTION('',(-0.431355756329774,0.902181917066157,0.));
#6333=DIRECTION('',(0.768700970905119,-0.639608331191462,0.));
#6334=DIRECTION('',(0.639608331191462,0.768700970905119,0.));
#6335=DIRECTION('',(0.,0.,1.));
#6336=DIRECTION('',(0.639608331191462,0.768700970905119,0.));
#6337=DIRECTION('',(0.902181917066158,0.431355756329775,0.));
#6338=DIRECTION('',(-0.431355756329775,0.902181917066158,0.));
#6339=DIRECTION('',(0.,0.,1.));
#6340=DIRECTION('',(-0.431355756329774,0.902181917066157,0.));
#6341=DIRECTION('',(-0.431355756329775,0.902181917066158,0.));
#6342=DIRECTION('',(-0.902181917066158,-0.431355756329775,0.));
#6343=DIRECTION('',(0.,0.,1.));
#6344=DIRECTION('',(0.902181917066158,0.431355756329775,0.));
#6345=DIRECTION('',(-0.902181917066158,-0.431355756329775,0.));
#6346=DIRECTION('',(0.431355756329775,-0.902181917066158,0.));
#6347=DIRECTION('',(0.,0.,1.));
#6348=DIRECTION('',(-0.431355756329774,0.902181917066157,0.));
#6349=DIRECTION('',(0.0144995320081945,-0.999894876260272,0.));
#6350=DIRECTION('',(0.999894876260271,0.0144995320081945,0.));
#6351=DIRECTION('',(0.999894876260271,0.0144995320081945,0.));
#6352=DIRECTION('',(0.,0.,1.));
#6353=DIRECTION('',(0.902181917066158,0.431355756329775,0.));
#6354=DIRECTION('',(0.247418264974111,-0.968908768748225,0.));
#6355=DIRECTION('',(0.968908768748224,0.247418264974111,0.));
#6356=DIRECTION('',(0.,0.,1.));
#6357=DIRECTION('',(0.,0.,1.));
#6358=DIRECTION('',(0.968908768748224,0.247418264974111,0.));
#6359=DIRECTION('',(0.968908768748225,0.247418264974111,0.));
#6360=DIRECTION('',(-0.247418264974111,0.968908768748224,0.));
#6361=DIRECTION('',(0.,0.,1.));
#6362=DIRECTION('',(-0.247418264974111,0.968908768748224,0.));
#6363=DIRECTION('',(-0.247418264974111,0.968908768748225,0.));
#6364=DIRECTION('',(-0.968908768748224,-0.247418264974111,0.));
#6365=DIRECTION('',(0.,0.,1.));
#6366=DIRECTION('',(0.968908768748224,0.247418264974111,0.));
#6367=DIRECTION('',(-0.968908768748225,-0.247418264974111,0.));
#6368=DIRECTION('',(0.247418264974111,-0.968908768748224,0.));
#6369=DIRECTION('',(-0.247418264974111,0.968908768748224,0.));
#6370=DIRECTION('',(0.,0.,1.));
#6371=DIRECTION('',(0.968908768748224,0.247418264974111,0.));
#6372=DIRECTION('',(0.,0.,1.));
#6373=DIRECTION('',(0.,0.,1.));
#6374=DIRECTION('',(-0.701716544977156,-0.712456237607141,0.));
#6375=DIRECTION('',(0.,0.,1.));
#6376=DIRECTION('',(1.,0.,0.));
#6377=DIRECTION('',(0.,0.,1.));
#6378=DIRECTION('',(-0.962827485809851,-0.270117071968953,0.));
#6379=DIRECTION('',(0.,0.,1.));
#6380=DIRECTION('',(1.,0.,0.));
#6381=DIRECTION('',(0.,0.,1.));
#6382=DIRECTION('',(-0.916131388318744,0.400878135269524,0.));
#6383=DIRECTION('',(0.,0.,1.));
#6384=DIRECTION('',(1.,0.,0.));
#6385=DIRECTION('',(0.,0.,1.));
#6386=DIRECTION('',(0.117432719187266,0.993080840850474,0.));
#6387=DIRECTION('',(0.,0.,1.));
#6388=DIRECTION('',(1.,0.,0.));
#6389=DIRECTION('',(0.,0.,1.));
#6390=DIRECTION('',(0.315725886884246,0.948850443616462,0.));
#6391=DIRECTION('',(0.,0.,1.));
#6392=DIRECTION('',(0.,0.,1.));
#6393=DIRECTION('',(1.,0.,0.));
#6394=DIRECTION('',(-0.926636803286959,0.375957756661738,0.));
#6395=DIRECTION('',(-0.375957756661738,-0.926636803286958,0.));
#6396=DIRECTION('',(0.,0.,1.));
#6397=DIRECTION('',(-0.375957756661738,-0.926636803286958,0.));
#6398=DIRECTION('',(0.,0.,1.));
#6399=DIRECTION('',(0.322398345956562,0.946604091753502,0.));
#6400=DIRECTION('',(0.,0.,1.));
#6401=DIRECTION('',(1.,0.,0.));
#6402=DIRECTION('',(0.,0.,1.));
#6403=DIRECTION('',(0.117162711727087,0.99311273226193,0.));
#6404=DIRECTION('',(0.,0.,1.));
#6405=DIRECTION('',(1.,0.,0.));
#6406=DIRECTION('',(0.,0.,1.));
#6407=DIRECTION('',(0.,0.,1.));
#6408=DIRECTION('',(-0.973038355852538,-0.230643356808278,0.));
#6409=DIRECTION('',(0.,0.,1.));
#6410=DIRECTION('',(1.,0.,0.));
#6411=DIRECTION('',(0.,0.,1.));
#6412=DIRECTION('',(-0.779758642326918,-0.62608023424836,0.));
#6413=DIRECTION('',(0.,0.,1.));
#6414=DIRECTION('',(1.,0.,0.));
#6415=DIRECTION('',(0.,0.,1.));
#6416=DIRECTION('',(0.,0.,1.));
#6417=DIRECTION('',(0.676210072336571,0.736708855702557,0.));
#6418=DIRECTION('',(0.,0.,1.));
#6419=DIRECTION('',(1.,0.,0.));
#6420=DIRECTION('',(0.,0.,1.));
#6421=DIRECTION('',(0.9513720355908,0.308044233667533,0.));
#6422=DIRECTION('',(0.,0.,1.));
#6423=DIRECTION('',(1.,0.,0.));
#6424=DIRECTION('',(0.,0.,1.));
#6425=DIRECTION('',(0.,0.,1.));
#6426=DIRECTION('',(-0.130328592049264,-0.991470855897669,0.));
#6427=DIRECTION('',(0.,0.,1.));
#6428=DIRECTION('',(1.,0.,0.));
#6429=DIRECTION('',(0.,0.,1.));
#6430=DIRECTION('',(0.999976126027736,0.00690994750791695,0.));
#6431=DIRECTION('',(-0.00690994750791695,0.999976126027735,0.));
#6432=DIRECTION('',(0.,0.,1.));
#6433=DIRECTION('',(-0.00690994750791694,0.999976126027735,0.));
#6434=DIRECTION('',(0.,0.,1.));
#6435=DIRECTION('',(0.,0.,1.));
#6436=DIRECTION('',(0.,0.,1.));
#6437=DIRECTION('',(0.,0.,1.));
#6438=DIRECTION('',(0.,0.,1.));
#6439=DIRECTION('',(0.999976126027735,0.00690994750791695,0.));
#6440=DIRECTION('',(-0.331164342775297,-0.943573091007901,0.));
#6441=DIRECTION('',(0.943573091007901,-0.331164342775297,0.));
#6442=DIRECTION('',(0.,0.,1.));
#6443=DIRECTION('',(0.,0.,1.));
#6444=DIRECTION('',(0.943573091007901,-0.331164342775297,0.));
#6445=DIRECTION('',(0.78032595298827,-0.625373014362587,0.));
#6446=DIRECTION('',(0.625373014362587,0.78032595298827,0.));
#6447=DIRECTION('',(0.,0.,1.));
#6448=DIRECTION('',(0.625373014362587,0.78032595298827,0.));
#6449=DIRECTION('',(0.331164342775297,0.943573091007901,0.));
#6450=DIRECTION('',(-0.943573091007901,0.331164342775297,0.));
#6451=DIRECTION('',(0.,0.,1.));
#6452=DIRECTION('',(0.943573091007901,-0.331164342775297,0.));
#6453=DIRECTION('',(-0.806334288310419,0.591460070921893,0.));
#6454=DIRECTION('',(-0.591460070921892,-0.806334288310419,0.));
#6455=DIRECTION('',(0.,0.,1.));
#6456=DIRECTION('',(-0.591460070921892,-0.806334288310419,0.));
#6457=DIRECTION('',(0.331164342775297,0.943573091007901,0.));
#6458=DIRECTION('',(-0.943573091007901,0.331164342775297,0.));
#6459=DIRECTION('',(0.,0.,1.));
#6460=DIRECTION('',(0.943573091007901,-0.331164342775297,0.));
#6461=DIRECTION('',(0.999109451878768,-0.0421936389341896,0.));
#6462=DIRECTION('',(0.0421936389341896,0.999109451878767,0.));
#6463=DIRECTION('',(0.,0.,1.));
#6464=DIRECTION('',(0.0421936389341896,0.999109451878767,0.));
#6465=DIRECTION('',(0.331164342775297,0.943573091007901,0.));
#6466=DIRECTION('',(-0.943573091007901,0.331164342775297,0.));
#6467=DIRECTION('',(0.,0.,1.));
#6468=DIRECTION('',(0.943573091007901,-0.331164342775297,0.));
#6469=DIRECTION('',(0.,0.,1.));
#6470=DIRECTION('',(-0.997143114466128,0.0755354835344982,0.));
#6471=DIRECTION('',(0.,0.,1.));
#6472=DIRECTION('',(1.,0.,0.));
#6473=DIRECTION('',(0.,0.,1.));
#6474=DIRECTION('',(1.,0.,0.));
#6475=DIRECTION('',(0.999295638997254,-0.0375263358332393,-8.2716473123105E-27));
#6476=DIRECTION('',(-0.0375263358332393,-0.999295638997254,2.90522821621792E-16));
#6477=DIRECTION('',(-0.0375263358332393,-0.999295638997254,0.));
#6478=DIRECTION('',(8.16980096217742E-27,-2.86734201306491E-27,1.));
#6479=DIRECTION('',(-0.0375263358332393,-0.999295638997254,2.90522821621792E-16));
#6480=DIRECTION('',(-0.331164342775297,-0.943573091007901,0.));
#6481=DIRECTION('',(0.943573091007901,-0.331164342775297,0.));
#6482=DIRECTION('',(0.943573091007901,-0.331164342775297,0.));
#6483=DIRECTION('',(0.,0.,1.));
#6484=DIRECTION('',(0.943573091007901,-0.331164342775297,0.));
#6485=DIRECTION('',(-0.999998557841289,-0.00169832721894431,0.));
#6486=DIRECTION('',(0.0016983272189443,-0.999998557841288,0.));
#6487=DIRECTION('',(0.0016983272189443,-0.999998557841288,0.));
#6488=DIRECTION('',(0.,0.,1.));
#6489=DIRECTION('',(0.943573091007901,-0.331164342775297,0.));
#6490=DIRECTION('',(0.,0.,1.));
#6491=DIRECTION('',(1.,0.,0.));
#6492=DIRECTION('',(0.,0.,1.));
#6493=DIRECTION('',(1.,0.,0.));
#6494=DIRECTION('',(0.196787651999286,-0.980446133156028,0.));
#6495=DIRECTION('',(-0.878500220798895,-0.477741940859594,0.));
#6496=DIRECTION('',(0.,0.,-1.));
#6497=DIRECTION('',(-1.,0.,0.));
#6498=DIRECTION('',(0.,0.,1.));
#6499=DIRECTION('',(1.,0.,0.));
#6500=DIRECTION('',(0.,0.,1.));
#6501=DIRECTION('',(1.,0.,0.));
#6502=DIRECTION('',(0.,0.,1.));
#6503=DIRECTION('',(1.,0.,0.));
#6504=DIRECTION('',(0.,0.,1.));
#6505=DIRECTION('',(1.,0.,0.));
#6506=DIRECTION('',(0.,0.,1.));
#6507=DIRECTION('',(1.,0.,0.));
#6508=DIRECTION('',(0.,0.,1.));
#6509=DIRECTION('',(1.,0.,0.));
#6510=DIRECTION('',(0.,0.,1.));
#6511=DIRECTION('',(1.,0.,0.));
#6512=DIRECTION('',(0.,0.,1.));
#6513=DIRECTION('',(1.,0.,0.));
#6514=DIRECTION('',(0.,0.,1.));
#6515=DIRECTION('',(1.,0.,0.));
#6516=DIRECTION('',(0.,0.,1.));
#6517=DIRECTION('',(1.,0.,0.));
#6518=DIRECTION('',(0.,0.,1.));
#6519=DIRECTION('',(1.,0.,0.));
#6520=DIRECTION('',(0.,0.,1.));
#6521=DIRECTION('',(1.,0.,0.));
#6522=DIRECTION('',(0.,0.,1.));
#6523=DIRECTION('',(1.,0.,0.));
#6524=DIRECTION('',(0.,0.,1.));
#6525=DIRECTION('',(1.,0.,0.));
#6526=DIRECTION('',(0.,0.,1.));
#6527=DIRECTION('',(1.,0.,0.));
#6528=DIRECTION('',(0.,0.,1.));
#6529=DIRECTION('',(1.,0.,0.));
#6530=DIRECTION('',(0.,0.,1.));
#6531=DIRECTION('',(1.,0.,0.));
#6532=DIRECTION('',(0.,0.,1.));
#6533=DIRECTION('',(1.,0.,0.));
#6534=DIRECTION('',(0.,0.,1.));
#6535=DIRECTION('',(1.,0.,0.));
#6536=DIRECTION('',(0.,0.,1.));
#6537=DIRECTION('',(1.,0.,0.));
#6538=DIRECTION('',(0.,0.,1.));
#6539=DIRECTION('',(1.,0.,0.));
#6540=DIRECTION('',(0.,0.,1.));
#6541=DIRECTION('',(1.,0.,0.));
#6542=DIRECTION('',(0.,0.,1.));
#6543=DIRECTION('',(1.,0.,0.));
#6544=DIRECTION('',(0.,0.,1.));
#6545=DIRECTION('',(1.,0.,0.));
#6546=DIRECTION('',(0.,0.,1.));
#6547=DIRECTION('',(1.,0.,0.));
#6548=DIRECTION('',(0.,0.,1.));
#6549=DIRECTION('',(1.,0.,0.));
#6550=DIRECTION('',(0.,0.,1.));
#6551=DIRECTION('',(1.,0.,0.));
#6552=DIRECTION('',(0.,0.,-1.));
#6553=DIRECTION('',(-1.,0.,0.));
#6554=DIRECTION('',(0.,0.,1.));
#6555=DIRECTION('',(1.,0.,0.));
#6556=DIRECTION('',(0.,0.,-1.));
#6557=DIRECTION('',(-1.,0.,0.));
#6558=DIRECTION('',(0.,0.,1.));
#6559=DIRECTION('',(1.,0.,0.));
#6560=DIRECTION('',(0.,0.,1.));
#6561=DIRECTION('',(1.,0.,0.));
#6562=DIRECTION('',(0.,0.,1.));
#6563=DIRECTION('',(1.,0.,0.));
#6564=DIRECTION('',(0.,0.,1.));
#6565=DIRECTION('',(1.,0.,0.));
#6566=DIRECTION('',(0.,0.,1.));
#6567=DIRECTION('',(1.,0.,0.));
#6568=DIRECTION('',(0.,0.,-1.));
#6569=DIRECTION('',(-1.,0.,0.));
#6570=DIRECTION('',(0.,0.,1.));
#6571=DIRECTION('',(1.,0.,0.));
#6572=DIRECTION('',(0.,0.,1.));
#6573=DIRECTION('',(1.,0.,0.));
#6574=DIRECTION('',(0.,0.,1.));
#6575=DIRECTION('',(1.,0.,0.));
#6576=DIRECTION('',(0.,0.,1.));
#6577=DIRECTION('',(1.,0.,0.));
#6578=DIRECTION('',(0.,0.,1.));
#6579=DIRECTION('',(1.,0.,0.));
#6580=DIRECTION('',(0.,0.,1.));
#6581=DIRECTION('',(1.,0.,0.));
#6582=DIRECTION('',(0.,0.,1.));
#6583=DIRECTION('',(1.,0.,0.));
#6584=DIRECTION('',(0.,0.,1.));
#6585=DIRECTION('',(1.,0.,0.));
#6586=DIRECTION('',(0.,0.,1.));
#6587=DIRECTION('',(1.,0.,0.));
#6588=DIRECTION('',(0.,0.,1.));
#6589=DIRECTION('',(1.,0.,0.));
#6590=DIRECTION('',(0.,0.,1.));
#6591=DIRECTION('',(1.,0.,0.));
#6592=DIRECTION('',(0.,0.,1.));
#6593=DIRECTION('',(0.196787651999286,-0.980446133156028,0.));
#6594=DIRECTION('',(0.196787651999286,-0.980446133156028,0.));
#6595=DIRECTION('',(0.,0.,1.));
#6596=DIRECTION('',(1.,0.,0.));
#6597=DIRECTION('',(-0.878500220798895,-0.477741940859594,2.90522821621779E-16));
#6598=DIRECTION('',(0.196787651999286,-0.980446133156028,0.));
#6599=DIRECTION('',(-0.859085515574777,-0.511832078839944,0.));
#6600=DIRECTION('',(0.196787651999286,-0.980446133156028,0.));
#6601=DIRECTION('',(0.990217145664467,-0.13953495774219,0.));
#6602=DIRECTION('',(0.196787651999286,-0.980446133156028,0.));
#6603=DIRECTION('',(-0.995274877522128,0.0970974673887651,0.));
#6604=DIRECTION('',(0.196787651999286,-0.980446133156028,0.));
#6605=DIRECTION('',(0.88072217089775,0.47363325230515,0.));
#6606=DIRECTION('',(-0.511832078839944,0.859085515574777,0.));
#6607=DIRECTION('',(-0.859085515574777,-0.511832078839944,0.));
#6608=DIRECTION('',(0.,0.,1.));
#6609=DIRECTION('',(0.,0.,1.));
#6610=DIRECTION('',(0.,0.,1.));
#6611=DIRECTION('',(-0.980446133156028,-0.196787651999286,0.));
#6612=DIRECTION('',(0.196787651999286,-0.980446133156028,0.));
#6613=DIRECTION('',(-1.05718436870316E-25,5.26716140874414E-25,1.));
#6614=DIRECTION('',(0.477741940859594,-0.878500220798895,5.13226377271583E-25));
#6615=DIRECTION('',(-0.878500220798895,-0.477741940859594,2.90522821621779E-16));
#6616=DIRECTION('',(0.,0.,1.));
#6617=DIRECTION('',(-0.443957250966556,0.896047967083358,0.));
#6618=DIRECTION('',(0.980446133156028,0.196787651999286,0.));
#6619=DIRECTION('',(-0.196787651999286,0.980446133156028,0.));
#6620=DIRECTION('',(0.,0.,1.));
#6621=DIRECTION('',(0.47363325230515,-0.88072217089775,0.));
#6622=DIRECTION('',(0.88072217089775,0.47363325230515,0.));
#6623=DIRECTION('',(0.,0.,1.));
#6624=DIRECTION('',(0.980446133156028,0.196787651999286,0.));
#6625=DIRECTION('',(-0.196787651999286,0.980446133156028,0.));
#6626=DIRECTION('',(0.,0.,1.));
#6627=DIRECTION('',(0.0970974673887652,0.995274877522129,0.));
#6628=DIRECTION('',(-0.995274877522128,0.0970974673887651,0.));
#6629=DIRECTION('',(0.,0.,1.));
#6630=DIRECTION('',(0.980446133156028,0.196787651999286,0.));
#6631=DIRECTION('',(-0.196787651999286,0.980446133156028,0.));
#6632=DIRECTION('',(0.,0.,1.));
#6633=DIRECTION('',(-0.13953495774219,-0.990217145664468,0.));
#6634=DIRECTION('',(0.990217145664467,-0.13953495774219,0.));
#6635=DIRECTION('',(0.,0.,1.));
#6636=DIRECTION('',(-0.980446133156028,-0.196787651999286,0.));
#6637=DIRECTION('',(0.196787651999286,-0.980446133156028,0.));
#6638=DIRECTION('',(0.,0.,1.));
#6639=DIRECTION('',(0.533442533541376,-0.845836310055886,0.));
#6640=DIRECTION('',(-0.515612812384733,-0.856821701233521,0.));
#6641=DIRECTION('',(0.533442533541376,-0.845836310055886,0.));
#6642=DIRECTION('',(0.492675979686771,0.870212835483182,0.));
#6643=DIRECTION('',(0.845836310055885,0.533442533541376,0.));
#6644=DIRECTION('',(0.533442533541376,-0.845836310055886,0.));
#6645=DIRECTION('',(0.845836310055885,0.533442533541376,0.));
#6646=DIRECTION('',(-0.997883203756428,-0.0650316204688646,0.));
#6647=DIRECTION('',(0.533442533541376,-0.845836310055886,0.));
#6648=DIRECTION('',(0.995611910238129,0.0935784387131031,0.));
#6649=DIRECTION('',(-0.845836310055886,-0.533442533541377,0.));
#6650=DIRECTION('',(0.533442533541376,-0.845836310055886,0.));
#6651=DIRECTION('',(0.,0.,1.));
#6652=DIRECTION('',(0.,0.,1.));
#6653=DIRECTION('',(-0.856821701233522,0.515612812384733,0.));
#6654=DIRECTION('',(-0.515612812384733,-0.856821701233521,0.));
#6655=DIRECTION('',(0.,0.,1.));
#6656=DIRECTION('',(0.0935784387131032,-0.99561191023813,0.));
#6657=DIRECTION('',(0.995611910238129,0.0935784387131031,0.));
#6658=DIRECTION('',(0.,0.,1.));
#6659=DIRECTION('',(-0.845836310055886,-0.533442533541377,0.));
#6660=DIRECTION('',(0.533442533541376,-0.845836310055886,0.));
#6661=DIRECTION('',(0.,0.,1.));
#6662=DIRECTION('',(-0.0650316204688646,0.997883203756429,0.));
#6663=DIRECTION('',(-0.997883203756428,-0.0650316204688646,0.));
#6664=DIRECTION('',(0.,0.,1.));
#6665=DIRECTION('',(-0.533442533541377,0.845836310055886,0.));
#6666=DIRECTION('',(-0.845836310055886,-0.533442533541376,0.));
#6667=DIRECTION('',(0.,0.,1.));
#6668=DIRECTION('',(0.845836310055886,0.533442533541377,0.));
#6669=DIRECTION('',(-0.533442533541376,0.845836310055886,0.));
#6670=DIRECTION('',(0.,0.,1.));
#6671=DIRECTION('',(0.533442533541377,-0.845836310055886,0.));
#6672=DIRECTION('',(0.845836310055886,0.533442533541376,0.));
#6673=DIRECTION('',(0.,0.,1.));
#6674=DIRECTION('',(0.870212835483182,-0.492675979686771,0.));
#6675=DIRECTION('',(0.492675979686771,0.870212835483182,0.));
#6676=DIRECTION('',(0.,0.,1.));
#6677=DIRECTION('',(0.780359411789604,-0.625331262956989,0.));
#6678=DIRECTION('',(0.,0.,1.));
#6679=DIRECTION('',(1.,0.,0.));
#6680=DIRECTION('',(0.,0.,1.));
#6681=DIRECTION('',(1.,0.,0.));
#6682=DIRECTION('',(0.,0.,1.));
#6683=DIRECTION('',(1.,0.,0.));
#6684=DIRECTION('',(0.,0.,1.));
#6685=DIRECTION('',(1.,0.,0.));
#6686=DIRECTION('',(0.,0.,1.));
#6687=DIRECTION('',(1.,0.,0.));
#6688=DIRECTION('',(-0.876188432880493,-0.481968702393034,0.));
#6689=DIRECTION('',(0.,0.,1.));
#6690=DIRECTION('',(1.,0.,0.));
#6691=DIRECTION('',(0.,0.,1.));
#6692=DIRECTION('',(1.,0.,0.));
#6693=DIRECTION('',(0.,0.,1.));
#6694=DIRECTION('',(1.,0.,0.));
#6695=DIRECTION('',(0.,0.,1.));
#6696=DIRECTION('',(1.,0.,0.));
#6697=DIRECTION('',(0.,0.,1.));
#6698=DIRECTION('',(1.,0.,0.));
#6699=DIRECTION('',(0.,0.,1.));
#6700=DIRECTION('',(1.,0.,0.));
#6701=DIRECTION('',(0.,0.,1.));
#6702=DIRECTION('',(1.,0.,0.));
#6703=DIRECTION('',(0.,0.,1.));
#6704=DIRECTION('',(1.,0.,0.));
#6705=DIRECTION('',(0.625331262956989,0.780359411789603,0.));
#6706=DIRECTION('',(0.,0.,1.));
#6707=DIRECTION('',(0.,0.,1.));
#6708=DIRECTION('',(0.,0.,1.));
#6709=DIRECTION('',(0.,0.,1.));
#6710=DIRECTION('',(0.,0.,1.));
#6711=DIRECTION('',(0.,0.,1.));
#6712=DIRECTION('',(0.780359411789604,-0.62533126295699,0.));
#6713=DIRECTION('',(0.625331262956989,0.780359411789604,0.));
#6714=DIRECTION('',(0.,0.,1.));
#6715=DIRECTION('',(0.,0.,1.));
#6716=DIRECTION('',(-0.855321435473001,-0.518097714741538,0.));
#6717=DIRECTION('',(0.,0.,1.));
#6718=DIRECTION('',(-0.726466736772294,-0.687201630064579,0.));
#6719=DIRECTION('',(0.,0.,1.));
#6720=DIRECTION('',(0.,0.,1.));
#6721=DIRECTION('',(0.932569653375147,-0.360990085187611,0.));
#6722=DIRECTION('',(0.,0.,1.));
#6723=DIRECTION('',(0.98940098198899,0.145209148607178,0.));
#6724=DIRECTION('',(0.,0.,1.));
#6725=DIRECTION('',(0.,0.,1.));
#6726=DIRECTION('',(-0.999982299661226,0.00594982052210283,0.));
#6727=DIRECTION('',(0.,0.,1.));
#6728=DIRECTION('',(-0.900565749501312,0.434719830264436,0.));
#6729=DIRECTION('',(0.,0.,1.));
#6730=DIRECTION('',(0.,0.,1.));
#6731=DIRECTION('',(0.717285298787237,0.69677959222677,0.));
#6732=DIRECTION('',(0.,0.,1.));
#6733=DIRECTION('',(0.847218811102487,0.531244092780417,0.));
#6734=DIRECTION('',(0.,0.,1.));
#6735=DIRECTION('',(-0.481968702393034,0.876188432880494,0.));
#6736=DIRECTION('',(-0.876188432880493,-0.481968702393034,0.));
#6737=DIRECTION('',(0.,0.,1.));
#6738=DIRECTION('',(0.,0.,1.));
#6739=DIRECTION('',(0.843457644297992,0.53719568341088,0.));
#6740=DIRECTION('',(0.,0.,1.));
#6741=DIRECTION('',(0.717474715729127,0.696584547839965,0.));
#6742=DIRECTION('',(0.,0.,1.));
#6743=DIRECTION('',(-0.458098796115117,0.888901284169328,0.));
#6744=DIRECTION('',(0.,0.,1.));
#6745=DIRECTION('',(-0.917538323118851,0.397647363386514,0.));
#6746=DIRECTION('',(0.,0.,1.));
#6747=DIRECTION('',(-0.993898174925081,-0.110301486302739,0.));
#6748=DIRECTION('',(0.,0.,1.));
#6749=DIRECTION('',(1.,0.,0.));
#6750=DIRECTION('',(0.,0.,1.));
#6751=DIRECTION('',(-0.938146685858036,0.346238062340902,0.));
#6752=DIRECTION('',(-0.938146685858036,0.346238062340902,0.));
#6753=DIRECTION('',(0.,0.,1.));
#6754=DIRECTION('',(1.,0.,0.));
#6755=DIRECTION('',(-0.0535304240871243,-0.998566218984526,-2.90522821621773E-16));
#6756=DIRECTION('',(-0.938146685858036,0.346238062340902,0.));
#6757=DIRECTION('',(0.0143220556847833,0.999897434100599,0.));
#6758=DIRECTION('',(-0.938146685858036,0.346238062340902,0.));
#6759=DIRECTION('',(-0.637793727852487,-0.770207219332581,0.));
#6760=DIRECTION('',(-0.938146685858036,0.346238062340902,0.));
#6761=DIRECTION('',(0.604301794931855,0.796755508698959,0.));
#6762=DIRECTION('',(-0.938146685858036,0.346238062340902,0.));
#6763=DIRECTION('',(-0.0581941454736569,-0.998305284686298,0.));
#6764=DIRECTION('',(0.999897434100599,-0.0143220556847833,0.));
#6765=DIRECTION('',(0.0143220556847833,0.999897434100599,0.));
#6766=DIRECTION('',(0.,0.,1.));
#6767=DIRECTION('',(0.,0.,1.));
#6768=DIRECTION('',(0.,0.,1.));
#6769=DIRECTION('',(0.346238062340902,0.938146685858037,0.));
#6770=DIRECTION('',(-0.938146685858036,0.346238062340902,0.));
#6771=DIRECTION('',(7.65176037292729E-26,-2.82400473716554E-26,1.));
#6772=DIRECTION('',(-0.998566218984526,0.0535304240871242,7.79195959537415E-26));
#6773=DIRECTION('',(-0.0535304240871243,-0.998566218984526,-2.90522821621773E-16));
#6774=DIRECTION('',(0.,0.,1.));
#6775=DIRECTION('',(0.995805056995867,-0.0915002101716639,0.));
#6776=DIRECTION('',(-0.346238062340902,-0.938146685858037,0.));
#6777=DIRECTION('',(0.938146685858036,-0.346238062340902,0.));
#6778=DIRECTION('',(0.,0.,1.));
#6779=DIRECTION('',(-0.998305284686298,0.0581941454736569,0.));
#6780=DIRECTION('',(-0.0581941454736569,-0.998305284686298,0.));
#6781=DIRECTION('',(0.,0.,1.));
#6782=DIRECTION('',(-0.346238062340902,-0.938146685858037,0.));
#6783=DIRECTION('',(0.938146685858036,-0.346238062340902,0.));
#6784=DIRECTION('',(0.,0.,1.));
#6785=DIRECTION('',(0.796755508698959,-0.604301794931856,0.));
#6786=DIRECTION('',(0.604301794931855,0.796755508698959,0.));
#6787=DIRECTION('',(0.,0.,1.));
#6788=DIRECTION('',(-0.346238062340902,-0.938146685858037,0.));
#6789=DIRECTION('',(0.938146685858036,-0.346238062340902,0.));
#6790=DIRECTION('',(0.,0.,1.));
#6791=DIRECTION('',(-0.770207219332581,0.637793727852488,0.));
#6792=DIRECTION('',(-0.637793727852487,-0.770207219332581,0.));
#6793=DIRECTION('',(0.,0.,1.));
#6794=DIRECTION('',(0.346238062340902,0.938146685858037,0.));
#6795=DIRECTION('',(-0.938146685858036,0.346238062340902,0.));
#6796=DIRECTION('',(0.,0.,1.));
#6797=DIRECTION('',(-0.996725238005751,-0.0808628463657922,0.));
#6798=DIRECTION('',(-0.996725238005751,-0.0808628463657922,0.));
#6799=DIRECTION('',(0.234890180415233,0.972021914950738,0.));
#6800=DIRECTION('',(-0.996725238005751,-0.0808628463657922,0.));
#6801=DIRECTION('',(0.,0.,1.));
#6802=DIRECTION('',(1.,0.,0.));
#6803=DIRECTION('',(0.,0.,1.));
#6804=DIRECTION('',(1.,0.,0.));
#6805=DIRECTION('',(0.0808628463657922,-0.996725238005751,0.));
#6806=DIRECTION('',(-0.996725238005751,-0.0808628463657922,0.));
#6807=DIRECTION('',(0.0808628463657922,-0.996725238005751,0.));
#6808=DIRECTION('',(-0.996725238005751,-0.0808628463657922,0.));
#6809=DIRECTION('',(-0.234050457796734,-0.972224451042628,0.));
#6810=DIRECTION('',(-0.996725238005751,-0.0808628463657922,0.));
#6811=DIRECTION('',(-0.371847114594692,0.928293985420353,0.));
#6812=DIRECTION('',(-0.996725238005751,-0.0808628463657922,0.));
#6813=DIRECTION('',(0.0808628463657922,-0.996725238005751,0.));
#6814=DIRECTION('',(-0.996725238005751,-0.0808628463657922,0.));
#6815=DIRECTION('',(0.0808628463657922,-0.996725238005751,0.));
#6816=DIRECTION('',(-0.996725238005751,-0.0808628463657922,0.));
#6817=DIRECTION('',(0.369753931963691,-0.929129716346103,0.));
#6818=DIRECTION('',(0.972021914950738,-0.234890180415233,0.));
#6819=DIRECTION('',(0.234890180415233,0.972021914950738,0.));
#6820=DIRECTION('',(0.,0.,1.));
#6821=DIRECTION('',(0.,0.,1.));
#6822=DIRECTION('',(0.0808628463657922,-0.996725238005752,0.));
#6823=DIRECTION('',(0.996725238005751,0.0808628463657922,0.));
#6824=DIRECTION('',(0.,0.,1.));
#6825=DIRECTION('',(-0.929129716346103,-0.369753931963691,0.));
#6826=DIRECTION('',(0.369753931963691,-0.929129716346103,0.));
#6827=DIRECTION('',(0.,0.,1.));
#6828=DIRECTION('',(0.0808628463657922,-0.996725238005752,0.));
#6829=DIRECTION('',(0.996725238005751,0.0808628463657922,0.));
#6830=DIRECTION('',(0.,0.,1.));
#6831=DIRECTION('',(0.,0.,1.));
#6832=DIRECTION('',(0.996725238005752,0.0808628463657922,0.));
#6833=DIRECTION('',(-0.0808628463657922,0.996725238005751,0.));
#6834=DIRECTION('',(0.,0.,1.));
#6835=DIRECTION('',(0.0808628463657922,-0.996725238005752,0.));
#6836=DIRECTION('',(0.996725238005751,0.0808628463657922,0.));
#6837=DIRECTION('',(0.,0.,1.));
#6838=DIRECTION('',(-0.996725238005752,-0.0808628463657922,0.));
#6839=DIRECTION('',(0.0808628463657922,-0.996725238005751,0.));
#6840=DIRECTION('',(0.,0.,1.));
#6841=DIRECTION('',(-0.0808628463657922,0.996725238005752,0.));
#6842=DIRECTION('',(-0.996725238005751,-0.0808628463657922,0.));
#6843=DIRECTION('',(0.,0.,1.));
#6844=DIRECTION('',(0.928293985420353,0.371847114594692,0.));
#6845=DIRECTION('',(-0.371847114594692,0.928293985420353,0.));
#6846=DIRECTION('',(0.,0.,1.));
#6847=DIRECTION('',(-0.0808628463657922,0.996725238005752,0.));
#6848=DIRECTION('',(-0.996725238005751,-0.0808628463657922,0.));
#6849=DIRECTION('',(0.,0.,1.));
#6850=DIRECTION('',(-0.972224451042628,0.234050457796734,0.));
#6851=DIRECTION('',(-0.234050457796734,-0.972224451042628,0.));
#6852=DIRECTION('',(0.,0.,1.));
#6853=DIRECTION('',(-0.0808628463657922,0.996725238005752,0.));
#6854=DIRECTION('',(-0.996725238005751,-0.0808628463657922,0.));
#6855=DIRECTION('',(0.,0.,1.));
#6856=DIRECTION('',(0.996725238005752,0.0808628463657922,0.));
#6857=DIRECTION('',(-0.0808628463657922,0.996725238005751,0.));
#6858=DIRECTION('',(0.,0.,1.));
#6859=DIRECTION('',(0.0808628463657922,-0.996725238005752,0.));
#6860=DIRECTION('',(0.996725238005751,0.0808628463657922,0.));
#6861=DIRECTION('',(0.,0.,1.));
#6862=DIRECTION('',(-0.996725238005752,-0.0808628463657922,0.));
#6863=DIRECTION('',(0.0808628463657922,-0.996725238005751,0.));
#6864=DIRECTION('',(0.,0.,1.));
#6865=DIRECTION('',(0.997734437146283,0.0672755002388666,0.));
#6866=DIRECTION('',(0.,0.,1.));
#6867=DIRECTION('',(0.999099463444304,0.0424294961707496,0.));
#6868=DIRECTION('',(0.,0.,1.));
#6869=DIRECTION('',(0.0808628463657922,-0.996725238005752,0.));
#6870=DIRECTION('',(0.996725238005751,0.0808628463657922,0.));
#6871=DIRECTION('',(0.,0.,1.));
#6872=DIRECTION('',(-0.877374014728474,-0.479807084440444,0.));
#6873=DIRECTION('',(-0.887106588259757,0.461564622849428,0.));
#6874=DIRECTION('',(0.0637342996845072,0.997966902779709,0.));
#6875=DIRECTION('',(-0.877374014728474,-0.479807084440444,0.));
#6876=DIRECTION('',(-0.0308057504086036,-0.999525390243671,0.));
#6877=DIRECTION('',(-0.862292943073049,0.506409794856319,0.));
#6878=DIRECTION('',(-0.877374014728474,-0.479807084440444,0.));
#6879=DIRECTION('',(0.877491618274751,-0.479591972261378,0.));
#6880=DIRECTION('',(-0.0712711096939634,-0.997456980988649,0.));
#6881=DIRECTION('',(-0.877374014728474,-0.479807084440444,0.));
#6882=DIRECTION('',(0.0506171271629333,0.998718131625621,0.));
#6883=DIRECTION('',(0.868381101555558,-0.495897431391972,0.));
#6884=DIRECTION('',(-0.877374014728474,-0.479807084440444,0.));
#6885=DIRECTION('',(0.997966902779709,-0.0637342996845072,0.));
#6886=DIRECTION('',(0.0637342996845072,0.997966902779709,0.));
#6887=DIRECTION('',(0.,0.,1.));
#6888=DIRECTION('',(0.,0.,1.));
#6889=DIRECTION('',(0.461564622849428,0.887106588259757,0.));
#6890=DIRECTION('',(-0.887106588259757,0.461564622849428,0.));
#6891=DIRECTION('',(0.,0.,1.));
#6892=DIRECTION('',(0.479807084440444,-0.877374014728474,0.));
#6893=DIRECTION('',(0.877374014728474,0.479807084440444,0.));
#6894=DIRECTION('',(0.,0.,1.));
#6895=DIRECTION('',(-0.495897431391972,-0.868381101555558,0.));
#6896=DIRECTION('',(0.868381101555558,-0.495897431391972,0.));
#6897=DIRECTION('',(0.,0.,1.));
#6898=DIRECTION('',(0.998718131625621,-0.0506171271629333,0.));
#6899=DIRECTION('',(0.0506171271629333,0.998718131625621,0.));
#6900=DIRECTION('',(0.,0.,1.));
#6901=DIRECTION('',(0.479807084440444,-0.877374014728474,0.));
#6902=DIRECTION('',(0.877374014728474,0.479807084440444,0.));
#6903=DIRECTION('',(0.,0.,1.));
#6904=DIRECTION('',(-0.99745698098865,0.0712711096939634,0.));
#6905=DIRECTION('',(-0.0712711096939634,-0.997456980988649,0.));
#6906=DIRECTION('',(0.,0.,1.));
#6907=DIRECTION('',(-0.479591972261378,-0.877491618274751,0.));
#6908=DIRECTION('',(0.877491618274751,-0.479591972261378,0.));
#6909=DIRECTION('',(0.,0.,1.));
#6910=DIRECTION('',(-0.479807084440444,0.877374014728474,0.));
#6911=DIRECTION('',(-0.877374014728474,-0.479807084440444,0.));
#6912=DIRECTION('',(0.,0.,1.));
#6913=DIRECTION('',(0.506409794856319,0.862292943073049,0.));
#6914=DIRECTION('',(-0.862292943073049,0.506409794856319,0.));
#6915=DIRECTION('',(0.,0.,1.));
#6916=DIRECTION('',(-0.999525390243671,0.0308057504086037,0.));
#6917=DIRECTION('',(-0.0308057504086036,-0.999525390243671,0.));
#6918=DIRECTION('',(0.,0.,1.));
#6919=DIRECTION('',(-0.479807084440444,0.877374014728474,0.));
#6920=DIRECTION('',(-0.877374014728474,-0.479807084440444,0.));
#6921=DIRECTION('',(0.,0.,1.));
#6922=DIRECTION('',(1.,0.,0.));
#6923=CARTESIAN_POINT('',(0.,0.,0.));
#6924=CARTESIAN_POINT('',(0.0105487401546645,-0.000895235198858259,0.005));
#6925=CARTESIAN_POINT('',(0.0104911218173521,-0.00150015033023498,0.005));
#6926=CARTESIAN_POINT('',(0.0104911218173521,-0.00150015033023498,0.005));
#6927=CARTESIAN_POINT('',(0.0104911218173521,-0.00150015033023498,0.007));
#6928=CARTESIAN_POINT('',(0.0105487401546645,-0.000895235198858259,0.005));
#6929=CARTESIAN_POINT('',(0.0106063584919769,-0.000290320067481541,0.005));
#6930=CARTESIAN_POINT('',(0.0106063584919769,-0.000290320067481541,0.005));
#6931=CARTESIAN_POINT('',(0.0106063584919769,-0.000290320067481542,0.007));
#6932=CARTESIAN_POINT('',(0.0105410485530209,-0.000975986682427023,0.007));
#6933=CARTESIAN_POINT('',(0.0103248097925697,-0.000263502474250921,0.005));
#6934=CARTESIAN_POINT('',(0.0103248097925697,-0.000263502474250921,0.005));
#6935=CARTESIAN_POINT('',(0.0100432610931626,-0.000236684881020301,0.005));
#6936=CARTESIAN_POINT('',(0.0100432610931626,-0.000236684881020301,0.005));
#6937=CARTESIAN_POINT('',(0.0100432610931626,-0.000236684881020301,0.007));
#6938=CARTESIAN_POINT('',(0.0107491155790002,-0.000303917720387208,0.007));
#6939=CARTESIAN_POINT('',(0.00998564275585016,-0.000841600012397019,0.005));
#6940=CARTESIAN_POINT('',(0.00998564275585016,-0.000841600012397019,0.005));
#6941=CARTESIAN_POINT('',(0.00992802441853777,-0.00144651514377374,0.005));
#6942=CARTESIAN_POINT('',(0.00992802441853777,-0.00144651514377374,0.005));
#6943=CARTESIAN_POINT('',(0.00992802441853777,-0.00144651514377374,0.007));
#6944=CARTESIAN_POINT('',(0.00997795115420655,-0.000922351495965783,0.007));
#6945=CARTESIAN_POINT('',(0.0102095731179449,-0.00147333273700436,0.005));
#6946=CARTESIAN_POINT('',(0.0102095731179449,-0.00147333273700436,0.005));
#6947=CARTESIAN_POINT('',(0.0106338789043754,-0.00151374798314065,0.007));
#6948=CARTESIAN_POINT('',(0.0106838056400442,-0.000989584335332689,0.007));
#6949=CARTESIAN_POINT('',(0.00895485267410705,-0.00357308016108838,0.005));
#6950=CARTESIAN_POINT('',(0.00873198633847093,-0.00420601461196744,0.005));
#6951=CARTESIAN_POINT('',(0.00873198633847093,-0.00420601461196744,0.005));
#6952=CARTESIAN_POINT('',(0.00873198633847094,-0.00420601461196744,0.007));
#6953=CARTESIAN_POINT('',(0.00895485267410705,-0.00357308016108838,0.005));
#6954=CARTESIAN_POINT('',(0.00917771900974317,-0.00294014571020933,0.005));
#6955=CARTESIAN_POINT('',(0.00917771900974317,-0.00294014571020933,0.005));
#6956=CARTESIAN_POINT('',(0.00917771900974317,-0.00294014571020933,0.007));
#6957=CARTESIAN_POINT('',(0.00909064117542016,-0.00318744443791382,0.007));
#6958=CARTESIAN_POINT('',(0.0104651069996855,-0.00339345559634669,0.005));
#6959=CARTESIAN_POINT('',(0.0104651069996855,-0.00339345559634669,0.005));
#6960=CARTESIAN_POINT('',(0.0117524949896279,-0.00384676548248406,0.005));
#6961=CARTESIAN_POINT('',(0.0117524949896279,-0.00384676548248406,0.005));
#6962=CARTESIAN_POINT('',(0.0117524949896279,-0.00384676548248406,0.007));
#6963=CARTESIAN_POINT('',(0.0102051700773331,-0.00330192765170606,0.007));
#6964=CARTESIAN_POINT('',(0.0118690397706486,-0.00351578141184088,0.005));
#6965=CARTESIAN_POINT('',(0.0118690397706486,-0.00351578141184088,0.005));
#6966=CARTESIAN_POINT('',(0.0119855845516693,-0.00318479734119771,0.005));
#6967=CARTESIAN_POINT('',(0.0119855845516693,-0.00318479734119771,0.005));
#6968=CARTESIAN_POINT('',(0.0119855845516693,-0.00318479734119771,0.007));
#6969=CARTESIAN_POINT('',(0.0116654171553048,-0.00409406421018855,0.007));
#6970=CARTESIAN_POINT('',(0.0104249382990701,-0.00263526885359844,0.005));
#6971=CARTESIAN_POINT('',(0.0104249382990701,-0.00263526885359844,0.005));
#6972=CARTESIAN_POINT('',(0.00886429204647081,-0.00208574036599917,0.005));
#6973=CARTESIAN_POINT('',(0.00886429204647081,-0.00208574036599917,0.005));
#6974=CARTESIAN_POINT('',(0.00886429204647081,-0.00208574036599918,0.007));
#6975=CARTESIAN_POINT('',(0.0104382596393746,-0.00263995951041971,0.007));
#6976=CARTESIAN_POINT('',(0.00852488092981397,-0.00304965888752141,0.005));
#6977=CARTESIAN_POINT('',(0.00852488092981397,-0.00304965888752141,0.005));
#6978=CARTESIAN_POINT('',(0.00818546981315712,-0.00401357740904365,0.005));
#6979=CARTESIAN_POINT('',(0.00818546981315712,-0.00401357740904365,0.005));
#6980=CARTESIAN_POINT('',(0.00818546981315712,-0.00401357740904365,0.007));
#6981=CARTESIAN_POINT('',(0.00854412465010635,-0.00299500723499003,0.007));
#6982=CARTESIAN_POINT('',(0.00845872807581403,-0.00410979601050554,0.005));
#6983=CARTESIAN_POINT('',(0.00845872807581403,-0.00410979601050554,0.005));
#6984=CARTESIAN_POINT('',(0.0097594374060609,-0.00456779655346417,0.007));
#6985=CARTESIAN_POINT('',(0.0101180922430101,-0.00354922637941056,0.007));
#6986=CARTESIAN_POINT('',(0.0096931244234122,-0.00770769355429345,0.005));
#6987=CARTESIAN_POINT('',(0.00942294627440518,-0.00804061978079857,0.005));
#6988=CARTESIAN_POINT('',(0.00942294627440518,-0.00804061978079857,0.005));
#6989=CARTESIAN_POINT('',(0.00942294627440518,-0.00804061978079857,0.007));
#6990=CARTESIAN_POINT('',(0.0096931244234122,-0.00770769355429345,0.005));
#6991=CARTESIAN_POINT('',(0.00996330257241921,-0.00737476732778833,0.005));
#6992=CARTESIAN_POINT('',(0.00996330257241921,-0.00737476732778833,0.005));
#6993=CARTESIAN_POINT('',(0.0099633025724192,-0.00737476732778833,0.007));
#6994=CARTESIAN_POINT('',(0.00959705601063183,-0.00782607357233285,0.007));
#6995=CARTESIAN_POINT('',(0.00904128553453308,-0.00587427125431119,0.005));
#6996=CARTESIAN_POINT('',(0.00904128553453308,-0.00587427125431119,0.005));
#6997=CARTESIAN_POINT('',(0.00811926849664694,-0.00437377518083405,0.005));
#6998=CARTESIAN_POINT('',(0.00811926849664694,-0.00437377518083405,0.005));
#6999=CARTESIAN_POINT('',(0.00811926849664694,-0.00437377518083406,0.007));
#7000=CARTESIAN_POINT('',(0.00904128553453308,-0.00587427125431119,0.007));
#7001=CARTESIAN_POINT('',(0.00788103708823197,-0.00466733513055647,0.005));
#7002=CARTESIAN_POINT('',(0.00788103708823197,-0.00466733513055647,0.005));
#7003=CARTESIAN_POINT('',(0.00764280567981701,-0.00496089508027889,0.005));
#7004=CARTESIAN_POINT('',(0.00764280567981701,-0.00496089508027889,0.005));
#7005=CARTESIAN_POINT('',(0.00764280567981701,-0.00496089508027889,0.007));
#7006=CARTESIAN_POINT('',(0.00701687775521715,-0.00573219291752851,0.007));
#7007=CARTESIAN_POINT('',(0.00787320666555708,-0.00530224001870188,0.005));
#7008=CARTESIAN_POINT('',(0.00787320666555708,-0.00530224001870188,0.005));
#7009=CARTESIAN_POINT('',(0.00810360765129716,-0.00564358495712488,0.005));
#7010=CARTESIAN_POINT('',(0.00810360765129716,-0.00564358495712488,0.005));
#7011=CARTESIAN_POINT('',(0.00810360765129716,-0.00564358495712488,0.007));
#7012=CARTESIAN_POINT('',(0.00787320666555708,-0.00530224001870188,0.007));
#7013=CARTESIAN_POINT('',(0.00772344143825182,-0.00611204365083901,0.005));
#7014=CARTESIAN_POINT('',(0.00772344143825182,-0.00611204365083901,0.005));
#7015=CARTESIAN_POINT('',(0.00734327522520648,-0.00658050234455314,0.005));
#7016=CARTESIAN_POINT('',(0.00734327522520648,-0.00658050234455314,0.005));
#7017=CARTESIAN_POINT('',(0.00734327522520648,-0.00658050234455314,0.007));
#7018=CARTESIAN_POINT('',(0.00762874217149683,-0.00622873654273058,0.007));
#7019=CARTESIAN_POINT('',(0.00696181179466688,-0.00642530365777406,0.005));
#7020=CARTESIAN_POINT('',(0.00696181179466688,-0.00642530365777406,0.005));
#7021=CARTESIAN_POINT('',(0.00658034836412727,-0.00627010497099497,0.005));
#7022=CARTESIAN_POINT('',(0.00658034836412727,-0.00627010497099497,0.005));
#7023=CARTESIAN_POINT('',(0.00658034836412727,-0.00627010497099497,0.007));
#7024=CARTESIAN_POINT('',(0.00696181179466688,-0.00642530365777406,0.007));
#7025=CARTESIAN_POINT('',(0.0063421169557123,-0.00656366492071739,0.005));
#7026=CARTESIAN_POINT('',(0.0063421169557123,-0.00656366492071739,0.005));
#7027=CARTESIAN_POINT('',(0.00610388554729734,-0.00685722487043981,0.005));
#7028=CARTESIAN_POINT('',(0.00610388554729734,-0.00685722487043981,0.005));
#7029=CARTESIAN_POINT('',(0.00610388554729734,-0.00685722487043981,0.007));
#7030=CARTESIAN_POINT('',(0.00701687775521715,-0.00573219291752851,0.007));
#7031=CARTESIAN_POINT('',(0.00775252635571895,-0.0105923861736697,0.005));
#7032=CARTESIAN_POINT('',(0.00929209671812129,-0.00738573615551019,0.007));
#7033=CARTESIAN_POINT('',(0.00929209671812129,-0.00738573615551019,0.00633333333333333));
#7034=CARTESIAN_POINT('',(0.00929209671812129,-0.00738573615551019,0.00566666666666667));
#7035=CARTESIAN_POINT('',(0.00929209671812129,-0.00738573615551019,0.005));
#7036=CARTESIAN_POINT('',(0.00929201237372526,-0.00738591182981886,0.005));
#7037=CARTESIAN_POINT('',(0.00929201237372526,-0.00738591182981885,0.007));
#7038=CARTESIAN_POINT('',(0.00775252635571895,-0.0105923861736697,0.005));
#7039=CARTESIAN_POINT('',(0.00908210781802831,-0.0072927810398709,0.00500000024999991));
#7040=CARTESIAN_POINT('',(0.00908222823124845,-0.00729248106935075,0.00699999975000009));
#7041=CARTESIAN_POINT('',(0.00908222823124845,-0.00729248106935075,0.00633333325000003));
#7042=CARTESIAN_POINT('',(0.00908222823124845,-0.00729248106935075,0.00566666674999997));
#7043=CARTESIAN_POINT('',(0.00908222823124845,-0.00729248106935075,0.00500000024999991));
#7044=CARTESIAN_POINT('',(0.00908210781802831,-0.0072927810398709,0.00699999975000009));
#7045=CARTESIAN_POINT('',(0.00775252635571895,-0.0105923861736697,0.007));
#7046=CARTESIAN_POINT('',(0.0086368356272115,-0.00711369297517925,0.00499999999849024));
#7047=CARTESIAN_POINT('',(0.0086368356272115,-0.00711369297517925,0.005));
#7048=CARTESIAN_POINT('',(0.00790603029922581,-0.00682033540566267,0.005));
#7049=CARTESIAN_POINT('',(0.00790603029922581,-0.00682033540566266,0.005));
#7050=CARTESIAN_POINT('',(0.00790603029922581,-0.00682033540566266,0.007));
#7051=CARTESIAN_POINT('',(0.0086368356272115,-0.00711369297517925,0.007));
#7052=CARTESIAN_POINT('',(0.00817735195688039,-0.0064860000940024,0.005));
#7053=CARTESIAN_POINT('',(0.00817735195688039,-0.0064860000940024,0.005));
#7054=CARTESIAN_POINT('',(0.00844889925191278,-0.00615138674134945,0.005));
#7055=CARTESIAN_POINT('',(0.00844889925191278,-0.00615138674134945,0.005));
#7056=CARTESIAN_POINT('',(0.00844889925191278,-0.00615138674134945,0.007));
#7057=CARTESIAN_POINT('',(0.00808539098217615,-0.00659931873359831,0.007));
#7058=CARTESIAN_POINT('',(0.00929201237372526,-0.00738591182981886,0.005));
#7059=CARTESIAN_POINT('',(0.00929201237372526,-0.00738591182981886,0.007));
#7060=CARTESIAN_POINT('',(0.0091733838362767,-0.00722559351795756,0.005));
#7061=CARTESIAN_POINT('',(0.0091733838362767,-0.00722559351795756,0.007));
#7062=CARTESIAN_POINT('',(0.00889234612900587,-0.00681408515513442,0.005));
#7063=CARTESIAN_POINT('',(0.00889234612900587,-0.00681408515513442,0.007));
#7064=CARTESIAN_POINT('',(0.00844889925191278,-0.00615138674134945,0.005));
#7065=CARTESIAN_POINT('',(0.00844889925191278,-0.00615138674134945,0.007));
#7066=CARTESIAN_POINT('',(0.00929201237372526,-0.00738591182981886,0.005));
#7067=CARTESIAN_POINT('',(0.00911406956755242,-0.00714543436202691,0.005));
#7068=CARTESIAN_POINT('',(0.00844889925191278,-0.00615138674134945,0.005));
#7069=CARTESIAN_POINT('',(0.00929201237372526,-0.00738591182981886,0.007));
#7070=CARTESIAN_POINT('',(0.00911406956755242,-0.00714543436202691,0.007));
#7071=CARTESIAN_POINT('',(0.00844889925191278,-0.00615138674134945,0.007));
#7072=CARTESIAN_POINT('',(0.00776341591085126,-0.00744892232561919,0.005));
#7073=CARTESIAN_POINT('',(0.00776341591085126,-0.00744892232561919,0.005));
#7074=CARTESIAN_POINT('',(0.00776341591085126,-0.00744892232561919,0.007));
#7075=CARTESIAN_POINT('',(0.00831259063675059,-0.00678369706501526,0.007));
#7076=CARTESIAN_POINT('',(0.,0.,0.005));
#7077=CARTESIAN_POINT('',(-0.00748969961583199,-0.0107597871457328,0.005));
#7078=CARTESIAN_POINT('',(-0.00393764274033767,-0.0109549098181384,0.005));
#7079=CARTESIAN_POINT('',(-0.00395814862881369,-0.0111836297385923,0.005));
#7080=CARTESIAN_POINT('',(-0.00395814862881369,-0.0111836297385923,0.005));
#7081=CARTESIAN_POINT('',(-0.00378785779371318,-0.0109376742827369,0.005));
#7082=CARTESIAN_POINT('',(-0.00306125173873631,-0.00998760804196541,0.005));
#7083=CARTESIAN_POINT('',(-0.00306125173873631,-0.00998760804196541,0.005));
#7084=CARTESIAN_POINT('',(-0.00346553095215842,-0.0098384023222096,0.005));
#7085=CARTESIAN_POINT('',(-0.00386947423698436,-0.00968932058228336,0.005));
#7086=CARTESIAN_POINT('',(-0.00391162872680399,-0.0104756780645985,0.005));
#7087=CARTESIAN_POINT('',(-0.00854990545980523,-0.00787417110059377,0.005));
#7088=CARTESIAN_POINT('',(-0.0090828744358869,-0.00844817512900088,0.005));
#7089=CARTESIAN_POINT('',(-0.0090828744358869,-0.00844817512900088,0.005));
#7090=CARTESIAN_POINT('',(-0.0090828744358869,-0.00844817512900088,0.007));
#7091=CARTESIAN_POINT('',(-0.00854990545980523,-0.00787417110059377,0.005));
#7092=CARTESIAN_POINT('',(-0.00801663532200488,-0.00730043691452951,0.00500000025));
#7093=CARTESIAN_POINT('',(-0.00801693648372357,-0.00730016707218667,0.00500000025));
#7094=CARTESIAN_POINT('',(-0.00801693648372356,-0.00730016707218667,0.00566666675));
#7095=CARTESIAN_POINT('',(-0.00801693648372357,-0.00730016707218667,0.00633333325));
#7096=CARTESIAN_POINT('',(-0.00801693648372357,-0.00730016707218667,0.00699999975));
#7097=CARTESIAN_POINT('',(-0.00801663532200488,-0.00730043691452951,0.00699999975));
#7098=CARTESIAN_POINT('',(-0.00796667033896135,-0.00724603076992358,0.007));
#7099=CARTESIAN_POINT('',(-0.0241283266822631,0.00713571573687912,0.005));
#7100=CARTESIAN_POINT('',(-0.0241283266822631,0.00713571573687912,0.005));
#7101=CARTESIAN_POINT('',(-0.00742143971853475,-0.00660879341186269,0.005));
#7102=CARTESIAN_POINT('',(-0.00742186400857186,-0.00660839945395394,0.005));
#7103=CARTESIAN_POINT('',(-0.00742143971853475,-0.00660879341186269,0.007));
#7104=CARTESIAN_POINT('',(-0.0241283266822631,0.00713571573687912,0.007));
#7105=CARTESIAN_POINT('',(-0.00741560148985932,-0.00661421427061155,0.005));
#7106=CARTESIAN_POINT('',(-0.00741560148985932,-0.00661421427061155,0.005));
#7107=CARTESIAN_POINT('',(-0.00740976326118389,-0.00661963512936042,0.005));
#7108=CARTESIAN_POINT('',(-0.00740976326118389,-0.00661963512936042,0.005));
#7109=CARTESIAN_POINT('',(-0.00740976326118389,-0.00661963512936042,0.007));
#7110=CARTESIAN_POINT('',(-0.00674128607784709,-0.00724032345610555,0.007));
#7111=CARTESIAN_POINT('',(-0.00772645112239137,-0.00801660796050011,0.005));
#7112=CARTESIAN_POINT('',(-0.00772645112239137,-0.00801660796050011,0.005));
#7113=CARTESIAN_POINT('',(-0.00804313898359885,-0.0094135807916398,0.005));
#7114=CARTESIAN_POINT('',(-0.00804313898359885,-0.0094135807916398,0.005));
#7115=CARTESIAN_POINT('',(-0.00804313898359885,-0.0094135807916398,0.007));
#7116=CARTESIAN_POINT('',(-0.00772645112239137,-0.00801660796050011,0.007));
#7117=CARTESIAN_POINT('',(-0.00771885191808176,-0.00971468485487226,0.005));
#7118=CARTESIAN_POINT('',(-0.00771885191808176,-0.00971468485487226,0.005));
#7119=CARTESIAN_POINT('',(-0.00739456485256466,-0.0100157889181047,0.005));
#7120=CARTESIAN_POINT('',(-0.00739456485256466,-0.0100157889181047,0.005));
#7121=CARTESIAN_POINT('',(-0.00739456485256465,-0.0100157889181047,0.007));
#7122=CARTESIAN_POINT('',(-0.00842766595408517,-0.00905654332222586,0.007));
#7123=CARTESIAN_POINT('',(-0.00626875105149339,-0.00880329497183006,0.005));
#7124=CARTESIAN_POINT('',(-0.00626875105149339,-0.00880329497183006,0.005));
#7125=CARTESIAN_POINT('',(-0.00514293725042212,-0.00759080102555541,0.005));
#7126=CARTESIAN_POINT('',(-0.00514293725042212,-0.00759080102555541,0.005));
#7127=CARTESIAN_POINT('',(-0.00514293725042212,-0.00759080102555541,0.007));
#7128=CARTESIAN_POINT('',(-0.0062783607556391,-0.00881364455902742,0.007));
#7129=CARTESIAN_POINT('',(-0.00537275116100952,-0.00737741631298642,0.005));
#7130=CARTESIAN_POINT('',(-0.00537275116100952,-0.00737741631298642,0.005));
#7131=CARTESIAN_POINT('',(-0.00560256507159692,-0.00716403160041743,0.005));
#7132=CARTESIAN_POINT('',(-0.00560256507159692,-0.00716403160041743,0.005));
#7133=CARTESIAN_POINT('',(-0.00560256507159692,-0.00716403160041743,0.007));
#7134=CARTESIAN_POINT('',(-0.00617603835194263,-0.00663155542967657,0.007));
#7135=CARTESIAN_POINT('',(-0.00613233081296336,-0.00773458576642542,0.005));
#7136=CARTESIAN_POINT('',(-0.00613233081296336,-0.00773458576642542,0.005));
#7137=CARTESIAN_POINT('',(-0.00666209655432979,-0.00830513993243341,0.005));
#7138=CARTESIAN_POINT('',(-0.00666209655432979,-0.00830513993243341,0.005));
#7139=CARTESIAN_POINT('',(-0.00666209655432979,-0.00830513993243341,0.007));
#7140=CARTESIAN_POINT('',(-0.00673798857681391,-0.00838687513388944,0.007));
#7141=CARTESIAN_POINT('',(-0.00727385544573824,-0.0090278652210738,0.005));
#7142=CARTESIAN_POINT('',(-0.00727385544573824,-0.0090278652210738,0.007));
#7143=CARTESIAN_POINT('',(-0.0069944741103027,-0.00868439668998587,0.005));
#7144=CARTESIAN_POINT('',(-0.0069944741103027,-0.00868439668998587,0.007));
#7145=CARTESIAN_POINT('',(-0.00679055447983322,-0.00844348826043907,0.005));
#7146=CARTESIAN_POINT('',(-0.00679055447983322,-0.00844348826043907,0.007));
#7147=CARTESIAN_POINT('',(-0.00666209655432979,-0.00830513993243341,0.005));
#7148=CARTESIAN_POINT('',(-0.00666209655432979,-0.00830513993243341,0.007));
#7149=CARTESIAN_POINT('',(-0.00727385544573824,-0.0090278652210738,0.005));
#7150=CARTESIAN_POINT('',(-0.00685478344258493,-0.0085126624244419,0.005));
#7151=CARTESIAN_POINT('',(-0.00666209655432979,-0.00830513993243341,0.005));
#7152=CARTESIAN_POINT('',(-0.00727385544573824,-0.0090278652210738,0.005));
#7153=CARTESIAN_POINT('',(-0.00727385544573824,-0.0090278652210738,0.005));
#7154=CARTESIAN_POINT('',(-0.00727385544573824,-0.0090278652210738,0.007));
#7155=CARTESIAN_POINT('',(-0.00727385544573824,-0.0090278652210738,0.007));
#7156=CARTESIAN_POINT('',(-0.00685478344258493,-0.0085126624244419,0.007));
#7157=CARTESIAN_POINT('',(-0.00666209655432979,-0.00830513993243341,0.007));
#7158=CARTESIAN_POINT('',(-0.00728128591859788,-0.00902096594630252,0.005));
#7159=CARTESIAN_POINT('',(-0.00728128591859788,-0.00902096594630252,0.005));
#7160=CARTESIAN_POINT('',(-0.00728871639145752,-0.00901406667153123,0.005));
#7161=CARTESIAN_POINT('',(-0.00728871639145752,-0.00901406667153123,0.005));
#7162=CARTESIAN_POINT('',(-0.00728871639145752,-0.00901406667153123,0.007));
#7163=CARTESIAN_POINT('',(-0.00787917360976811,-0.00846582072988457,0.007));
#7164=CARTESIAN_POINT('',(-0.00696471233557914,-0.00760708551266608,0.005));
#7165=CARTESIAN_POINT('',(-0.00696471233557914,-0.00760708551266608,0.005));
#7166=CARTESIAN_POINT('',(-0.00664070827970076,-0.00620010435380093,0.005));
#7167=CARTESIAN_POINT('',(-0.00664070827970076,-0.00620010435380093,0.005));
#7168=CARTESIAN_POINT('',(-0.00664070827970076,-0.00620010435380093,0.007));
#7169=CARTESIAN_POINT('',(-0.00696471233557914,-0.00760708551266608,0.007));
#7170=CARTESIAN_POINT('',(-0.00696738371149417,-0.00589678266653484,0.005));
#7171=CARTESIAN_POINT('',(-0.00696738371149417,-0.00589678266653484,0.005));
#7172=CARTESIAN_POINT('',(-0.00729405914328758,-0.00559346097926876,0.005));
#7173=CARTESIAN_POINT('',(-0.00729405914328758,-0.00559346097926876,0.005));
#7174=CARTESIAN_POINT('',(-0.00729405914328758,-0.00559346097926876,0.007));
#7175=CARTESIAN_POINT('',(-0.00617603835194263,-0.00663155542967657,0.007));
#7176=CARTESIAN_POINT('',(-0.00841987294435885,-0.00680595492554341,0.005));
#7177=CARTESIAN_POINT('',(-0.00841987294435885,-0.00680595492554341,0.005));
#7178=CARTESIAN_POINT('',(-0.00954568674543013,-0.00801844887181806,0.005));
#7179=CARTESIAN_POINT('',(-0.00954568674543013,-0.00801844887181806,0.005));
#7180=CARTESIAN_POINT('',(-0.00954568674543012,-0.00801844887181806,0.007));
#7181=CARTESIAN_POINT('',(-0.00842948264850457,-0.00681630451274077,0.007));
#7182=CARTESIAN_POINT('',(-0.00931428059065851,-0.00823331200040947,0.005));
#7183=CARTESIAN_POINT('',(-0.00931428059065851,-0.00823331200040947,0.005));
#7184=CARTESIAN_POINT('',(-0.00842766595408517,-0.00905654332222587,0.007));
#7185=CARTESIAN_POINT('',(-0.00731146185715961,-0.00785439896314857,0.007));
#7186=CARTESIAN_POINT('',(-0.00911121535437593,-0.00538039850734885,0.005));
#7187=CARTESIAN_POINT('',(-0.00941481155837888,-0.00485402265885449,0.005));
#7188=CARTESIAN_POINT('',(-0.00941481155837888,-0.00485402265885449,0.005));
#7189=CARTESIAN_POINT('',(-0.00941481155837888,-0.00485402265885449,0.007));
#7190=CARTESIAN_POINT('',(-0.00911121535437593,-0.00538039850734885,0.005));
#7191=CARTESIAN_POINT('',(-0.00880761915037298,-0.00590677435584321,0.005));
#7192=CARTESIAN_POINT('',(-0.00880761915037298,-0.00590677435584321,0.005));
#7193=CARTESIAN_POINT('',(-0.00880761915037298,-0.00590677435584321,0.007));
#7194=CARTESIAN_POINT('',(-0.00915174309555392,-0.00531013140957606,0.007));
#7195=CARTESIAN_POINT('',(-0.00856262538537054,-0.00576547004396818,0.005));
#7196=CARTESIAN_POINT('',(-0.00856262538537054,-0.00576547004396818,0.005));
#7197=CARTESIAN_POINT('',(-0.0083176316203681,-0.00562416573209315,0.005));
#7198=CARTESIAN_POINT('',(-0.0083176316203681,-0.00562416573209315,0.005));
#7199=CARTESIAN_POINT('',(-0.0083176316203681,-0.00562416573209315,0.007));
#7200=CARTESIAN_POINT('',(-0.00893184134107845,-0.00597842161256857,0.007));
#7201=CARTESIAN_POINT('',(-0.00862122782437105,-0.00509778988359879,0.005));
#7202=CARTESIAN_POINT('',(-0.00862122782437105,-0.00509778988359879,0.005));
#7203=CARTESIAN_POINT('',(-0.008924824028374,-0.00457141403510443,0.005));
#7204=CARTESIAN_POINT('',(-0.008924824028374,-0.00457141403510443,0.005));
#7205=CARTESIAN_POINT('',(-0.008924824028374,-0.00457141403510443,0.007));
#7206=CARTESIAN_POINT('',(-0.00866175556554904,-0.005027522785826,0.007));
#7207=CARTESIAN_POINT('',(-0.00916981779337644,-0.00471271834697946,0.005));
#7208=CARTESIAN_POINT('',(-0.00916981779337644,-0.00471271834697946,0.005));
#7209=CARTESIAN_POINT('',(-0.00953903374908434,-0.00492566991557986,0.007));
#7210=CARTESIAN_POINT('',(-0.00927596528625938,-0.00538177866630143,0.007));
#7211=CARTESIAN_POINT('',(-0.0122334945296755,-0.00206709600181874,0.005));
#7212=CARTESIAN_POINT('',(-0.0123296920836158,-0.00168987991005625,0.005));
#7213=CARTESIAN_POINT('',(-0.0123296920836158,-0.00168987991005625,0.005));
#7214=CARTESIAN_POINT('',(-0.0123296920836158,-0.00168987991005625,0.007));
#7215=CARTESIAN_POINT('',(-0.0122334945296755,-0.00206709600181874,0.005));
#7216=CARTESIAN_POINT('',(-0.0121372969757353,-0.00244431209358123,0.005));
#7217=CARTESIAN_POINT('',(-0.0121372969757353,-0.00244431209358123,0.005));
#7218=CARTESIAN_POINT('',(-0.0121372969757353,-0.00244431209358123,0.007));
#7219=CARTESIAN_POINT('',(-0.0119886605691356,-0.00302715481769052,0.007));
#7220=CARTESIAN_POINT('',(-0.0114815675224468,-0.00273975276365824,0.005));
#7221=CARTESIAN_POINT('',(-0.0114815675224468,-0.00273975276365824,0.005));
#7222=CARTESIAN_POINT('',(-0.0108258380691583,-0.00303519343373526,0.005));
#7223=CARTESIAN_POINT('',(-0.0108258380691583,-0.00303519343373526,0.005));
#7224=CARTESIAN_POINT('',(-0.0108258380691583,-0.00303519343373526,0.007));
#7225=CARTESIAN_POINT('',(-0.0114815675224468,-0.00273975276365824,0.007));
#7226=CARTESIAN_POINT('',(-0.0106029603710937,-0.00312074231461123,0.005));
#7227=CARTESIAN_POINT('',(-0.0106029603710937,-0.00312074231461123,0.005));
#7228=CARTESIAN_POINT('',(-0.0103800826730291,-0.0032062911954872,0.005));
#7229=CARTESIAN_POINT('',(-0.0103800826730291,-0.0032062911954872,0.005));
#7230=CARTESIAN_POINT('',(-0.0103800826730291,-0.0032062911954872,0.007));
#7231=CARTESIAN_POINT('',(-0.0106029603710937,-0.00312074231461123,0.007));
#7232=CARTESIAN_POINT('',(-0.0111138118338434,-0.00339340662366302,0.005));
#7233=CARTESIAN_POINT('',(-0.0111138118338434,-0.00339340662366302,0.005));
#7234=CARTESIAN_POINT('',(-0.0118475409946577,-0.00358052205183885,0.005));
#7235=CARTESIAN_POINT('',(-0.0118475409946577,-0.00358052205183885,0.005));
#7236=CARTESIAN_POINT('',(-0.0118475409946577,-0.00358052205183885,0.007));
#7237=CARTESIAN_POINT('',(-0.010257969928905,-0.00317515003383957,0.007));
#7238=CARTESIAN_POINT('',(-0.0117608289669664,-0.0039205428824601,0.005));
#7239=CARTESIAN_POINT('',(-0.0117608289669664,-0.0039205428824601,0.005));
#7240=CARTESIAN_POINT('',(-0.0116741169392752,-0.00426056371308136,0.005));
#7241=CARTESIAN_POINT('',(-0.0116741169392752,-0.00426056371308136,0.005));
#7242=CARTESIAN_POINT('',(-0.0116741169392752,-0.00426056371308136,0.007));
#7243=CARTESIAN_POINT('',(-0.0119886605691356,-0.00302715481769052,0.007));
#7244=CARTESIAN_POINT('',(-0.0100708608246121,-0.00385170173731123,0.005));
#7245=CARTESIAN_POINT('',(-0.0100708608246121,-0.00385170173731123,0.005));
#7246=CARTESIAN_POINT('',(-0.00846760470994904,-0.00344283976154109,0.005));
#7247=CARTESIAN_POINT('',(-0.00846760470994904,-0.00344283976154109,0.005));
#7248=CARTESIAN_POINT('',(-0.00846760470994905,-0.00344283976154109,0.007));
#7249=CARTESIAN_POINT('',(-0.0100845458735226,-0.00385519169508208,0.007));
#7250=CARTESIAN_POINT('',(-0.00855431673764028,-0.00310281893091984,0.005));
#7251=CARTESIAN_POINT('',(-0.00855431673764028,-0.00310281893091984,0.005));
#7252=CARTESIAN_POINT('',(-0.00864102876533152,-0.00276279810029858,0.005));
#7253=CARTESIAN_POINT('',(-0.00864102876533152,-0.00276279810029858,0.005));
#7254=CARTESIAN_POINT('',(-0.00864102876533152,-0.00276279810029858,0.007));
#7255=CARTESIAN_POINT('',(-0.00878214833980942,-0.00220943086615026,0.007));
#7256=CARTESIAN_POINT('',(-0.00921334452874047,-0.00290874992399766,0.005));
#7257=CARTESIAN_POINT('',(-0.00921334452874047,-0.00290874992399766,0.005));
#7258=CARTESIAN_POINT('',(-0.00978566029214942,-0.00305470174769674,0.005));
#7259=CARTESIAN_POINT('',(-0.00978566029214942,-0.00305470174769674,0.005));
#7260=CARTESIAN_POINT('',(-0.00978566029214942,-0.00305470174769674,0.007));
#7261=CARTESIAN_POINT('',(-0.010257969928905,-0.00317515003383957,0.007));
#7262=CARTESIAN_POINT('',(-0.00992542432055846,-0.00293749309590843,0.005));
#7263=CARTESIAN_POINT('',(-0.00992542432055846,-0.00293749309590843,0.005));
#7264=CARTESIAN_POINT('',(-0.0100651883489675,-0.00282028444412012,0.005));
#7265=CARTESIAN_POINT('',(-0.0100651883489675,-0.00282028444412012,0.005));
#7266=CARTESIAN_POINT('',(-0.0100651883489675,-0.00282028444412012,0.007));
#7267=CARTESIAN_POINT('',(-0.00992542432055846,-0.00293749309590843,0.007));
#7268=CARTESIAN_POINT('',(-0.00949682322843138,-0.00222799797605069,0.005));
#7269=CARTESIAN_POINT('',(-0.00949682322843138,-0.00222799797605069,0.005));
#7270=CARTESIAN_POINT('',(-0.00892845810789525,-0.00163571150798126,0.005));
#7271=CARTESIAN_POINT('',(-0.00892845810789525,-0.00163571150798126,0.005));
#7272=CARTESIAN_POINT('',(-0.00892845810789525,-0.00163571150798126,0.007));
#7273=CARTESIAN_POINT('',(-0.00949682322843138,-0.00222799797605069,0.007));
#7274=CARTESIAN_POINT('',(-0.00902689281425269,-0.00124972294896848,0.005));
#7275=CARTESIAN_POINT('',(-0.00902689281425269,-0.00124972294896848,0.005));
#7276=CARTESIAN_POINT('',(-0.00912532752061013,-0.000863734389955704,0.005));
#7277=CARTESIAN_POINT('',(-0.00912532752061013,-0.000863734389955704,0.005));
#7278=CARTESIAN_POINT('',(-0.00912532752061013,-0.000863734389955705,0.007));
#7279=CARTESIAN_POINT('',(-0.00878214833980942,-0.00220943086615026,0.007));
#7280=CARTESIAN_POINT('',(-0.00987535181278786,-0.00165519877438018,0.005));
#7281=CARTESIAN_POINT('',(-0.00987535181278786,-0.00165519877438018,0.005));
#7282=CARTESIAN_POINT('',(-0.0106253761049656,-0.00244666315880466,0.005));
#7283=CARTESIAN_POINT('',(-0.0106253761049656,-0.00244666315880466,0.005));
#7284=CARTESIAN_POINT('',(-0.0106253761049656,-0.00244666315880466,0.007));
#7285=CARTESIAN_POINT('',(-0.00987535181278786,-0.00165519877438018,0.007));
#7286=CARTESIAN_POINT('',(-0.0114775340942907,-0.00206827153443046,0.005));
#7287=CARTESIAN_POINT('',(-0.0114775340942907,-0.00206827153443046,0.005));
#7288=CARTESIAN_POINT('',(-0.0114775340942907,-0.00206827153443046,0.007));
#7289=CARTESIAN_POINT('',(-0.0103990895033829,-0.00262178279969125,0.007));
#7290=CARTESIAN_POINT('',(-0.0115776995067635,0.00165074447135698,0.005));
#7291=CARTESIAN_POINT('',(-0.0115776995067635,0.00165074447135698,0.007));
#7292=CARTESIAN_POINT('',(-0.0116576619011182,0.00155246300948259,0.005));
#7293=CARTESIAN_POINT('',(-0.0116576619011182,0.00155246300948259,0.007));
#7294=CARTESIAN_POINT('',(-0.0117124524134351,0.00139131269057981,0.005));
#7295=CARTESIAN_POINT('',(-0.0117124524134351,0.00139131269057981,0.007));
#7296=CARTESIAN_POINT('',(-0.0117420710437144,0.00116729351464864,0.005));
#7297=CARTESIAN_POINT('',(-0.0117420710437144,0.00116729351464864,0.007));
#7298=CARTESIAN_POINT('',(-0.0117420710437144,0.00116729351464864,0.005));
#7299=CARTESIAN_POINT('',(-0.0117420710437144,0.00116729351464864,0.005));
#7300=CARTESIAN_POINT('',(-0.0117420710437144,0.00116729351464864,0.007));
#7301=CARTESIAN_POINT('',(-0.0115776995067635,0.00165074447135698,0.005));
#7302=CARTESIAN_POINT('',(-0.0116976430982955,0.0015033222785454,0.005));
#7303=CARTESIAN_POINT('',(-0.0117420710437144,0.00116729351464864,0.005));
#7304=CARTESIAN_POINT('',(-0.0115776995067635,0.00165074447135698,0.005));
#7305=CARTESIAN_POINT('',(-0.0115776995067635,0.00165074447135698,0.005));
#7306=CARTESIAN_POINT('',(-0.0115776995067635,0.00165074447135698,0.007));
#7307=CARTESIAN_POINT('',(-0.0115776995067635,0.00165074447135698,0.007));
#7308=CARTESIAN_POINT('',(-0.0116976430982955,0.0015033222785454,0.007));
#7309=CARTESIAN_POINT('',(-0.0117420710437144,0.00116729351464864,0.007));
#7310=CARTESIAN_POINT('',(-0.01122440260697,0.00176731392429428,0.005));
#7311=CARTESIAN_POINT('',(-0.01122440260697,0.00176731392429428,0.007));
#7312=CARTESIAN_POINT('',(-0.0113799714791444,0.0017878824175438,0.005));
#7313=CARTESIAN_POINT('',(-0.0113799714791444,0.0017878824175438,0.007));
#7314=CARTESIAN_POINT('',(-0.0114977371124089,0.00174902593323136,0.005));
#7315=CARTESIAN_POINT('',(-0.0114977371124089,0.00174902593323136,0.007));
#7316=CARTESIAN_POINT('',(-0.0115776995067635,0.00165074447135698,0.005));
#7317=CARTESIAN_POINT('',(-0.0115776995067635,0.00165074447135698,0.007));
#7318=CARTESIAN_POINT('',(-0.01122440260697,0.00176731392429428,0.005));
#7319=CARTESIAN_POINT('',(-0.0114577559152316,0.00179816666416856,0.005));
#7320=CARTESIAN_POINT('',(-0.0115776995067635,0.00165074447135698,0.005));
#7321=CARTESIAN_POINT('',(-0.01122440260697,0.00176731392429428,0.005));
#7322=CARTESIAN_POINT('',(-0.01122440260697,0.00176731392429428,0.005));
#7323=CARTESIAN_POINT('',(-0.01122440260697,0.00176731392429428,0.007));
#7324=CARTESIAN_POINT('',(-0.01122440260697,0.00176731392429428,0.007));
#7325=CARTESIAN_POINT('',(-0.0114577559152316,0.00179816666416856,0.007));
#7326=CARTESIAN_POINT('',(-0.0115776995067635,0.00165074447135698,0.007));
#7327=CARTESIAN_POINT('',(-0.010899782245089,0.00156476664511061,0.005));
#7328=CARTESIAN_POINT('',(-0.010899782245089,0.00156476664511061,0.007));
#7329=CARTESIAN_POINT('',(-0.0109591909271434,0.00167903980830226,0.005));
#7330=CARTESIAN_POINT('',(-0.0109591909271434,0.00167903980830226,0.007));
#7331=CARTESIAN_POINT('',(-0.011067397714437,0.00174655556803015,0.005));
#7332=CARTESIAN_POINT('',(-0.011067397714437,0.00174655556803015,0.007));
#7333=CARTESIAN_POINT('',(-0.01122440260697,0.00176731392429428,0.005));
#7334=CARTESIAN_POINT('',(-0.01122440260697,0.00176731392429428,0.007));
#7335=CARTESIAN_POINT('',(-0.010899782245089,0.00156476664511061,0.005));
#7336=CARTESIAN_POINT('',(-0.0109888952681705,0.00173617638989809,0.005));
#7337=CARTESIAN_POINT('',(-0.01122440260697,0.00176731392429428,0.005));
#7338=CARTESIAN_POINT('',(-0.010899782245089,0.00156476664511061,0.005));
#7339=CARTESIAN_POINT('',(-0.010899782245089,0.00156476664511061,0.005));
#7340=CARTESIAN_POINT('',(-0.010899782245089,0.00156476664511061,0.007));
#7341=CARTESIAN_POINT('',(-0.010899782245089,0.00156476664511061,0.007));
#7342=CARTESIAN_POINT('',(-0.0109888952681705,0.00173617638989809,0.007));
#7343=CARTESIAN_POINT('',(-0.01122440260697,0.00176731392429428,0.007));
#7344=CARTESIAN_POINT('',(-0.010854337715368,0.0010630722178605,0.005));
#7345=CARTESIAN_POINT('',(-0.010854337715368,0.0010630722178605,0.007));
#7346=CARTESIAN_POINT('',(-0.0108252253864609,0.00128326200616892,0.005));
#7347=CARTESIAN_POINT('',(-0.0108252253864609,0.00128326200616892,0.007));
#7348=CARTESIAN_POINT('',(-0.0108403735630346,0.00145049348191895,0.005));
#7349=CARTESIAN_POINT('',(-0.0108403735630346,0.00145049348191895,0.007));
#7350=CARTESIAN_POINT('',(-0.010899782245089,0.00156476664511061,0.005));
#7351=CARTESIAN_POINT('',(-0.010899782245089,0.00156476664511061,0.007));
#7352=CARTESIAN_POINT('',(-0.010854337715368,0.0010630722178605,0.005));
#7353=CARTESIAN_POINT('',(-0.0108106692220074,0.00139335690032312,0.005));
#7354=CARTESIAN_POINT('',(-0.010899782245089,0.00156476664511061,0.005));
#7355=CARTESIAN_POINT('',(-0.010854337715368,0.0010630722178605,0.005));
#7356=CARTESIAN_POINT('',(-0.010854337715368,0.0010630722178605,0.005));
#7357=CARTESIAN_POINT('',(-0.010854337715368,0.0010630722178605,0.007));
#7358=CARTESIAN_POINT('',(-0.010854337715368,0.0010630722178605,0.007));
#7359=CARTESIAN_POINT('',(-0.0108106692220074,0.00139335690032312,0.007));
#7360=CARTESIAN_POINT('',(-0.010899782245089,0.00156476664511061,0.007));
#7361=CARTESIAN_POINT('',(-0.0108691470305076,0.000951062629894912,0.005));
#7362=CARTESIAN_POINT('',(-0.0108691470305076,0.000951062629894912,0.005));
#7363=CARTESIAN_POINT('',(-0.0108839563456473,0.000839053041929325,0.005));
#7364=CARTESIAN_POINT('',(-0.0108839563456473,0.000839053041929325,0.005));
#7365=CARTESIAN_POINT('',(-0.0108839563456473,0.000839053041929326,0.007));
#7366=CARTESIAN_POINT('',(-0.0108102894959782,0.00139622894104019,0.007));
#7367=CARTESIAN_POINT('',(-0.0113269686262547,0.000897625781936795,0.005));
#7368=CARTESIAN_POINT('',(-0.0113269686262547,0.000897625781936795,0.005));
#7369=CARTESIAN_POINT('',(-0.0117699809068622,0.000956198521944264,0.005));
#7370=CARTESIAN_POINT('',(-0.0117699809068622,0.000956198521944264,0.005));
#7371=CARTESIAN_POINT('',(-0.0117699809068622,0.000956198521944264,0.007));
#7372=CARTESIAN_POINT('',(-0.0107137879331611,0.000816554274697932,0.007));
#7373=CARTESIAN_POINT('',(-0.00885600679422164,0.00213688690112406,0.005));
#7374=CARTESIAN_POINT('',(-0.00890703247939832,0.00175095642976827,0.005));
#7375=CARTESIAN_POINT('',(-0.00890703247939832,0.00175095642976827,0.005));
#7376=CARTESIAN_POINT('',(-0.00890703247939833,0.00175095642976827,0.007));
#7377=CARTESIAN_POINT('',(-0.00885600679422164,0.00213688690112406,0.005));
#7378=CARTESIAN_POINT('',(-0.00880498110904495,0.00252281737247985,0.005));
#7379=CARTESIAN_POINT('',(-0.00880498110904495,0.00252281737247985,0.005));
#7380=CARTESIAN_POINT('',(-0.00880498110904496,0.00252281737247985,0.007));
#7381=CARTESIAN_POINT('',(-0.00898582563046186,0.00115500798097702,0.007));
#7382=CARTESIAN_POINT('',(-0.0095835542154141,0.00213481884753529,0.005));
#7383=CARTESIAN_POINT('',(-0.0095835542154141,0.00213481884753529,0.005));
#7384=CARTESIAN_POINT('',(-0.0103621273217832,0.00174682032259074,0.005));
#7385=CARTESIAN_POINT('',(-0.0103621273217832,0.00174682032259074,0.005));
#7386=CARTESIAN_POINT('',(-0.0103621273217832,0.00174682032259074,0.007));
#7387=CARTESIAN_POINT('',(-0.0095835542154141,0.00213481884753529,0.007));
#7388=CARTESIAN_POINT('',(-0.0106557238776409,0.00224479602185407,0.005));
#7389=CARTESIAN_POINT('',(-0.0106557238776409,0.00224479602185407,0.007));
#7390=CARTESIAN_POINT('',(-0.0105194386326932,0.00211889752318643,0.005));
#7391=CARTESIAN_POINT('',(-0.0105194386326932,0.00211889752318643,0.007));
#7392=CARTESIAN_POINT('',(-0.010421573114074,0.00195290562343199,0.005));
#7393=CARTESIAN_POINT('',(-0.010421573114074,0.00195290562343199,0.007));
#7394=CARTESIAN_POINT('',(-0.0103621273217832,0.00174682032259074,0.005));
#7395=CARTESIAN_POINT('',(-0.0103621273217832,0.00174682032259074,0.007));
#7396=CARTESIAN_POINT('',(-0.0106557238776409,0.00224479602185407,0.005));
#7397=CARTESIAN_POINT('',(-0.0104512960102194,0.00205594827385261,0.005));
#7398=CARTESIAN_POINT('',(-0.0103621273217832,0.00174682032259074,0.005));
#7399=CARTESIAN_POINT('',(-0.0106557238776409,0.00224479602185407,0.005));
#7400=CARTESIAN_POINT('',(-0.010655584155689,0.00224494764171162,0.007));
#7401=CARTESIAN_POINT('',(-0.010655584155689,0.00224494764171162,0.00633333333333333));
#7402=CARTESIAN_POINT('',(-0.010655584155689,0.00224494764171162,0.00566666666666667));
#7403=CARTESIAN_POINT('',(-0.010655584155689,0.00224494764171162,0.005));
#7404=CARTESIAN_POINT('',(-0.0106557238776409,0.00224479602185407,0.007));
#7405=CARTESIAN_POINT('',(-0.0106557238776409,0.00224479602185407,0.007));
#7406=CARTESIAN_POINT('',(-0.0104512960102194,0.00205594827385261,0.007));
#7407=CARTESIAN_POINT('',(-0.0103621273217832,0.00174682032259074,0.007));
#7408=CARTESIAN_POINT('',(-0.0112502232289178,0.00159967257694139,0.00500000000000001));
#7409=CARTESIAN_POINT('',(-0.0112502232289178,0.00159967257694139,0.005));
#7410=CARTESIAN_POINT('',(-0.0111495098473069,0.00247190116729963,0.005));
#7411=CARTESIAN_POINT('',(-0.0111495719438926,0.00247136337960447,0.005));
#7412=CARTESIAN_POINT('',(-0.0111495719438926,0.00247136337960447,0.00566666666666667));
#7413=CARTESIAN_POINT('',(-0.0111495719438926,0.00247136337960447,0.00633333333333333));
#7414=CARTESIAN_POINT('',(-0.0111495719438926,0.00247136337960447,0.007));
#7415=CARTESIAN_POINT('',(-0.0111495098473069,0.00247190116729963,0.007));
#7416=CARTESIAN_POINT('',(-0.0112502232289178,0.00159967257694139,0.007));
#7417=CARTESIAN_POINT('',(-0.0119314472499634,0.00224908907478173,0.005));
#7418=CARTESIAN_POINT('',(-0.0119314472499634,0.00224908907478173,0.007));
#7419=CARTESIAN_POINT('',(-0.0117409190041079,0.00244136225082571,0.005));
#7420=CARTESIAN_POINT('',(-0.0117409190041079,0.00244136225082571,0.007));
#7421=CARTESIAN_POINT('',(-0.0114802732032224,0.00251563294833168,0.005));
#7422=CARTESIAN_POINT('',(-0.0114802732032224,0.00251563294833168,0.007));
#7423=CARTESIAN_POINT('',(-0.0111495098473069,0.00247190116729963,0.005));
#7424=CARTESIAN_POINT('',(-0.0111495098473069,0.00247190116729963,0.007));
#7425=CARTESIAN_POINT('',(-0.0119314472499634,0.00224908907478173,0.005));
#7426=CARTESIAN_POINT('',(-0.0116456548811801,0.00253749883884771,0.005));
#7427=CARTESIAN_POINT('',(-0.0111495098473069,0.00247190116729963,0.005));
#7428=CARTESIAN_POINT('',(-0.0119314472499634,0.00224908907478173,0.005));
#7429=CARTESIAN_POINT('',(-0.0119314472499634,0.00224908907478173,0.005));
#7430=CARTESIAN_POINT('',(-0.0119314472499634,0.00224908907478173,0.007));
#7431=CARTESIAN_POINT('',(-0.0119314472499634,0.00224908907478173,0.007));
#7432=CARTESIAN_POINT('',(-0.0116456548811801,0.00253749883884771,0.007));
#7433=CARTESIAN_POINT('',(-0.0111495098473069,0.00247190116729963,0.007));
#7434=CARTESIAN_POINT('',(-0.0123057157835553,0.0012914938236393,0.005));
#7435=CARTESIAN_POINT('',(-0.0123057157835553,0.0012914938236393,0.007));
#7436=CARTESIAN_POINT('',(-0.0122467316736829,0.00173761748169027,0.005));
#7437=CARTESIAN_POINT('',(-0.0122467316736829,0.00173761748169027,0.007));
#7438=CARTESIAN_POINT('',(-0.0121219754958189,0.00205681589873775,0.005));
#7439=CARTESIAN_POINT('',(-0.0121219754958189,0.00205681589873775,0.007));
#7440=CARTESIAN_POINT('',(-0.0119314472499634,0.00224908907478173,0.005));
#7441=CARTESIAN_POINT('',(-0.0119314472499634,0.00224908907478173,0.007));
#7442=CARTESIAN_POINT('',(-0.0123057157835553,0.0012914938236393,0.005));
#7443=CARTESIAN_POINT('',(-0.0122172396187466,0.00196067931071576,0.005));
#7444=CARTESIAN_POINT('',(-0.0119314472499634,0.00224908907478173,0.005));
#7445=CARTESIAN_POINT('',(-0.0123057157835553,0.0012914938236393,0.005));
#7446=CARTESIAN_POINT('',(-0.0123057157835553,0.0012914938236393,0.005));
#7447=CARTESIAN_POINT('',(-0.0123057157835553,0.0012914938236393,0.007));
#7448=CARTESIAN_POINT('',(-0.0123057157835553,0.0012914938236393,0.007));
#7449=CARTESIAN_POINT('',(-0.0122172396187466,0.00196067931071576,0.007));
#7450=CARTESIAN_POINT('',(-0.0119314472499634,0.00224908907478173,0.007));
#7451=CARTESIAN_POINT('',(-0.0123688927016671,0.000813658049337393,0.005));
#7452=CARTESIAN_POINT('',(-0.0123688927016671,0.000813658049337393,0.005));
#7453=CARTESIAN_POINT('',(-0.0124320696197789,0.000335822275035484,0.005));
#7454=CARTESIAN_POINT('',(-0.0124320696197789,0.000335822275035484,0.005));
#7455=CARTESIAN_POINT('',(-0.0124320696197789,0.000335822275035485,0.007));
#7456=CARTESIAN_POINT('',(-0.0122664141395308,0.00158875003785566,0.007));
#7457=CARTESIAN_POINT('',(-0.0107917753652444,0.00011895124659616,0.005));
#7458=CARTESIAN_POINT('',(-0.0107917753652444,0.00011895124659616,0.005));
#7459=CARTESIAN_POINT('',(-0.00915148111070988,-9.7919781843165E-5,0.005));
#7460=CARTESIAN_POINT('',(-0.00915148111070988,-9.7919781843165E-5,0.005));
#7461=CARTESIAN_POINT('',(-0.00915148111070989,-9.79197818431639E-5,0.007));
#7462=CARTESIAN_POINT('',(-0.0108057765637401,0.000120802410988617,0.007));
#7463=CARTESIAN_POINT('',(-0.00910548679542039,0.000249956150011493,0.005));
#7464=CARTESIAN_POINT('',(-0.00910548679542039,0.000249956150011493,0.005));
#7465=CARTESIAN_POINT('',(-0.00905949248013089,0.00059783208186615,0.005));
#7466=CARTESIAN_POINT('',(-0.00905949248013089,0.00059783208186615,0.005));
#7467=CARTESIAN_POINT('',(-0.00905949248013089,0.000597832081866151,0.007));
#7468=CARTESIAN_POINT('',(-0.00898582563046186,0.00115500798097702,0.007));
#7469=CARTESIAN_POINT('',(-0.00968882840225805,0.000681039548019386,0.005));
#7470=CARTESIAN_POINT('',(-0.00968882840225805,0.000681039548019386,0.005));
#7471=CARTESIAN_POINT('',(-0.0103181643243852,0.000764247014172623,0.005));
#7472=CARTESIAN_POINT('',(-0.0103181643243852,0.000764247014172623,0.005));
#7473=CARTESIAN_POINT('',(-0.0103181643243852,0.000764247014172623,0.007));
#7474=CARTESIAN_POINT('',(-0.0107137879331611,0.000816554274697932,0.007));
#7475=CARTESIAN_POINT('',(-0.010293719461254,0.000949134635333767,0.005));
#7476=CARTESIAN_POINT('',(-0.010293719461254,0.000949134635333767,0.005));
#7477=CARTESIAN_POINT('',(-0.0102692745981229,0.00113402225649491,0.005));
#7478=CARTESIAN_POINT('',(-0.0102692745981229,0.00113402225649491,0.005));
#7479=CARTESIAN_POINT('',(-0.0102692745981229,0.00113402225649491,0.007));
#7480=CARTESIAN_POINT('',(-0.0102444974747162,0.00132142291328349,0.007));
#7481=CARTESIAN_POINT('',(-0.00958815353876061,0.00144248934313159,0.005));
#7482=CARTESIAN_POINT('',(-0.00958815353876061,0.00144248934313159,0.005));
#7483=CARTESIAN_POINT('',(-0.00958815353876061,0.00144248934313159,0.007));
#7484=CARTESIAN_POINT('',(-0.0117560259752883,0.00106174601829645,0.005));
#7485=CARTESIAN_POINT('',(-0.0117560259752883,0.00106174601829645,0.005));
#7486=CARTESIAN_POINT('',(-0.0116963140571932,0.00151337442105513,0.007));
#7487=CARTESIAN_POINT('',(-0.010640121083492,0.0013737301738088,0.007));
#7488=CARTESIAN_POINT('',(0.,0.,0.005));
#7489=CARTESIAN_POINT('',(-0.00829825493153934,0.00520366338853558,0.005));
#7490=CARTESIAN_POINT('',(-0.00829825493153934,0.00520366338853558,0.007));
#7491=CARTESIAN_POINT('',(-0.00835379766286733,0.00535194729226206,0.005));
#7492=CARTESIAN_POINT('',(-0.00835379766286733,0.00535194729226206,0.007));
#7493=CARTESIAN_POINT('',(-0.0084939797414641,0.00548771292167769,0.005));
#7494=CARTESIAN_POINT('',(-0.0084939797414641,0.00548771292167769,0.007));
#7495=CARTESIAN_POINT('',(-0.00871880116732963,0.00561096027678246,0.005));
#7496=CARTESIAN_POINT('',(-0.00871880116732963,0.00561096027678246,0.007));
#7497=CARTESIAN_POINT('',(-0.00871880116732963,0.00561096027678246,0.005));
#7498=CARTESIAN_POINT('',(-0.00871880116732963,0.00561096027678246,0.005));
#7499=CARTESIAN_POINT('',(-0.00871880116732963,0.00561096027678246,0.007));
#7500=CARTESIAN_POINT('',(-0.00829825493153934,0.00520366338853558,0.005));
#7501=CARTESIAN_POINT('',(-0.00838156902853133,0.0054260892441253,0.005));
#7502=CARTESIAN_POINT('',(-0.00871880116732963,0.00561096027678246,0.005));
#7503=CARTESIAN_POINT('',(-0.00829825493153934,0.00520366338853558,0.005));
#7504=CARTESIAN_POINT('',(-0.00829825493153934,0.00520366338853558,0.005));
#7505=CARTESIAN_POINT('',(-0.00829825493153935,0.00520366338853558,0.007));
#7506=CARTESIAN_POINT('',(-0.00829825493153934,0.00520366338853558,0.007));
#7507=CARTESIAN_POINT('',(-0.00838156902853133,0.0054260892441253,0.007));
#7508=CARTESIAN_POINT('',(-0.00871880116732963,0.00561096027678246,0.007));
#7509=CARTESIAN_POINT('',(-0.00838031511046478,0.00467957036547092,0.005));
#7510=CARTESIAN_POINT('',(-0.00838031511046478,0.00467957036547092,0.007));
#7511=CARTESIAN_POINT('',(-0.0082700655931865,0.00488068181045421,0.005));
#7512=CARTESIAN_POINT('',(-0.0082700655931865,0.00488068181045421,0.007));
#7513=CARTESIAN_POINT('',(-0.00824271220021135,0.00505537948480909,0.005));
#7514=CARTESIAN_POINT('',(-0.00824271220021135,0.00505537948480909,0.007));
#7515=CARTESIAN_POINT('',(-0.00829825493153934,0.00520366338853558,0.005));
#7516=CARTESIAN_POINT('',(-0.00829825493153934,0.00520366338853558,0.007));
#7517=CARTESIAN_POINT('',(-0.00838031511046478,0.00467957036547092,0.005));
#7518=CARTESIAN_POINT('',(-0.00821494083454736,0.00498123753294585,0.005));
#7519=CARTESIAN_POINT('',(-0.00829825493153934,0.00520366338853558,0.005));
#7520=CARTESIAN_POINT('',(-0.00838031511046478,0.00467957036547092,0.005));
#7521=CARTESIAN_POINT('',(-0.00838031511046478,0.00467957036547092,0.005));
#7522=CARTESIAN_POINT('',(-0.00838031511046479,0.00467957036547092,0.007));
#7523=CARTESIAN_POINT('',(-0.00838031511046478,0.00467957036547092,0.007));
#7524=CARTESIAN_POINT('',(-0.00821494083454736,0.00498123753294585,0.007));
#7525=CARTESIAN_POINT('',(-0.00829825493153934,0.00520366338853558,0.007));
#7526=CARTESIAN_POINT('',(-0.00878211004409472,0.00431878003669825,0.005));
#7527=CARTESIAN_POINT('',(-0.00878211004409472,0.00431878003669825,0.007));
#7528=CARTESIAN_POINT('',(-0.00862820994023681,0.00435142119731133,0.005));
#7529=CARTESIAN_POINT('',(-0.00862820994023681,0.00435142119731133,0.007));
#7530=CARTESIAN_POINT('',(-0.00849427829569349,0.00447168464023556,0.005));
#7531=CARTESIAN_POINT('',(-0.00849427829569349,0.00447168464023556,0.007));
#7532=CARTESIAN_POINT('',(-0.00838031511046478,0.00467957036547092,0.005));
#7533=CARTESIAN_POINT('',(-0.00838031511046478,0.00467957036547092,0.007));
#7534=CARTESIAN_POINT('',(-0.00878211004409472,0.00431878003669825,0.005));
#7535=CARTESIAN_POINT('',(-0.00855125988830785,0.00436774177761788,0.005));
#7536=CARTESIAN_POINT('',(-0.00838031511046478,0.00467957036547092,0.005));
#7537=CARTESIAN_POINT('',(-0.00878211004409472,0.00431878003669825,0.005));
#7538=CARTESIAN_POINT('',(-0.00878211004409472,0.00431878003669825,0.005));
#7539=CARTESIAN_POINT('',(-0.00878211004409472,0.00431878003669825,0.007));
#7540=CARTESIAN_POINT('',(-0.00878211004409472,0.00431878003669825,0.007));
#7541=CARTESIAN_POINT('',(-0.00855125988830785,0.00436774177761788,0.007));
#7542=CARTESIAN_POINT('',(-0.00838031511046478,0.00467957036547092,0.007));
#7543=CARTESIAN_POINT('',(-0.009348287072359,0.00445364485932474,0.005));
#7544=CARTESIAN_POINT('',(-0.009348287072359,0.00445364485932474,0.007));
#7545=CARTESIAN_POINT('',(-0.00912473582404073,0.00433109381696066,0.005));
#7546=CARTESIAN_POINT('',(-0.00912473582404073,0.00433109381696066,0.007));
#7547=CARTESIAN_POINT('',(-0.00893601014795263,0.00428613887608517,0.005));
#7548=CARTESIAN_POINT('',(-0.00893601014795263,0.00428613887608517,0.007));
#7549=CARTESIAN_POINT('',(-0.00878211004409472,0.00431878003669825,0.005));
#7550=CARTESIAN_POINT('',(-0.00878211004409472,0.00431878003669825,0.007));
#7551=CARTESIAN_POINT('',(-0.009348287072359,0.00445364485932474,0.005));
#7552=CARTESIAN_POINT('',(-0.00901296019988159,0.00426981829577863,0.005));
#7553=CARTESIAN_POINT('',(-0.00878211004409472,0.00431878003669825,0.005));
#7554=CARTESIAN_POINT('',(-0.009348287072359,0.00445364485932474,0.005));
#7555=CARTESIAN_POINT('',(-0.009348287072359,0.00445364485932474,0.005));
#7556=CARTESIAN_POINT('',(-0.009348287072359,0.00445364485932474,0.007));
#7557=CARTESIAN_POINT('',(-0.009348287072359,0.00445364485932474,0.007));
#7558=CARTESIAN_POINT('',(-0.00901296019988159,0.00426981829577863,0.007));
#7559=CARTESIAN_POINT('',(-0.00878211004409472,0.00431878003669825,0.007));
#7560=CARTESIAN_POINT('',(-0.0102364587222826,0.00494054154326268,0.005));
#7561=CARTESIAN_POINT('',(-0.0102364587222826,0.00494054154326268,0.005));
#7562=CARTESIAN_POINT('',(-0.0111246303722062,0.00542743822720061,0.005));
#7563=CARTESIAN_POINT('',(-0.0111246303722062,0.00542743822720061,0.005));
#7564=CARTESIAN_POINT('',(-0.0111246303722062,0.00542743822720061,0.007));
#7565=CARTESIAN_POINT('',(-0.00966614900356154,0.00462789712268615,0.007));
#7566=CARTESIAN_POINT('',(-0.0112926158209012,0.00512100789392344,0.005));
#7567=CARTESIAN_POINT('',(-0.0112926158209012,0.00512100789392344,0.005));
#7568=CARTESIAN_POINT('',(-0.0114606012695963,0.00481457756064626,0.005));
#7569=CARTESIAN_POINT('',(-0.0114606012695963,0.00481457756064626,0.005));
#7570=CARTESIAN_POINT('',(-0.0114606012695963,0.00481457756064626,0.007));
#7571=CARTESIAN_POINT('',(-0.0108302641610731,0.00596440578530601,0.007));
#7572=CARTESIAN_POINT('',(-0.0105257505948108,0.00430209138348742,0.005));
#7573=CARTESIAN_POINT('',(-0.0105257505948108,0.00430209138348742,0.005));
#7574=CARTESIAN_POINT('',(-0.00959089992002531,0.00378960520632858,0.005));
#7575=CARTESIAN_POINT('',(-0.00959089992002531,0.00378960520632858,0.005));
#7576=CARTESIAN_POINT('',(-0.00959089992002531,0.00378960520632858,0.007));
#7577=CARTESIAN_POINT('',(-0.0100021199009517,0.0040150364561318,0.007));
#7578=CARTESIAN_POINT('',(-0.00863620396527001,0.00366888970971824,0.005));
#7579=CARTESIAN_POINT('',(-0.00863620396527001,0.00366888970971824,0.007));
#7580=CARTESIAN_POINT('',(-0.0089407282027555,0.00356739697788757,0.005));
#7581=CARTESIAN_POINT('',(-0.0089407282027555,0.00356739697788757,0.007));
#7582=CARTESIAN_POINT('',(-0.00925896018767394,0.00360763547675768,0.005));
#7583=CARTESIAN_POINT('',(-0.00925896018767394,0.00360763547675768,0.007));
#7584=CARTESIAN_POINT('',(-0.00959089992002531,0.00378960520632858,0.005));
#7585=CARTESIAN_POINT('',(-0.00959089992002531,0.00378960520632858,0.007));
#7586=CARTESIAN_POINT('',(-0.00863620396527001,0.00366888970971824,0.005));
#7587=CARTESIAN_POINT('',(-0.00909299032149825,0.00351665061197223,0.005));
#7588=CARTESIAN_POINT('',(-0.00959089992002531,0.00378960520632858,0.005));
#7589=CARTESIAN_POINT('',(-0.00863620396527001,0.00366888970971824,0.005));
#7590=CARTESIAN_POINT('',(-0.00863620396527001,0.00366888970971824,0.005));
#7591=CARTESIAN_POINT('',(-0.00863620396527001,0.00366888970971824,0.007));
#7592=CARTESIAN_POINT('',(-0.00863620396527001,0.00366888970971824,0.007));
#7593=CARTESIAN_POINT('',(-0.00909299032149825,0.00351665061197223,0.007));
#7594=CARTESIAN_POINT('',(-0.00959089992002531,0.00378960520632858,0.007));
#7595=CARTESIAN_POINT('',(-0.00787269184676123,0.00438064201703356,0.005));
#7596=CARTESIAN_POINT('',(-0.00787269184676123,0.00438064201703356,0.007));
#7597=CARTESIAN_POINT('',(-0.00807717568828158,0.00400763321065402,0.005));
#7598=CARTESIAN_POINT('',(-0.00807717568828158,0.00400763321065402,0.007));
#7599=CARTESIAN_POINT('',(-0.00833167972778451,0.00377038244154892,0.005));
#7600=CARTESIAN_POINT('',(-0.00833167972778451,0.00377038244154892,0.007));
#7601=CARTESIAN_POINT('',(-0.00863620396527001,0.00366888970971824,0.005));
#7602=CARTESIAN_POINT('',(-0.00863620396527001,0.00366888970971824,0.007));
#7603=CARTESIAN_POINT('',(-0.00787269184676123,0.00438064201703356,0.005));
#7604=CARTESIAN_POINT('',(-0.00817941760904176,0.00382112880746425,0.005));
#7605=CARTESIAN_POINT('',(-0.00863620396527001,0.00366888970971824,0.005));
#7606=CARTESIAN_POINT('',(-0.00787269184676123,0.00438064201703356,0.005));
#7607=CARTESIAN_POINT('',(-0.00787269184676123,0.00438064201703356,0.005));
#7608=CARTESIAN_POINT('',(-0.00787269184676123,0.00438064201703356,0.007));
#7609=CARTESIAN_POINT('',(-0.00787269184676123,0.00438064201703356,0.007));
#7610=CARTESIAN_POINT('',(-0.00817941760904176,0.00382112880746425,0.007));
#7611=CARTESIAN_POINT('',(-0.00863620396527001,0.00366888970971824,0.007));
#7612=CARTESIAN_POINT('',(-0.00764942408721334,0.00509451922170214,0.005));
#7613=CARTESIAN_POINT('',(-0.00764942408721334,0.00509451922170214,0.007));
#7614=CARTESIAN_POINT('',(-0.0076627203800547,0.00486586231445693,0.005));
#7615=CARTESIAN_POINT('',(-0.0076627203800547,0.00486586231445693,0.007));
#7616=CARTESIAN_POINT('',(-0.00773714296657066,0.00462790324623407,0.005));
#7617=CARTESIAN_POINT('',(-0.00773714296657066,0.00462790324623407,0.007));
#7618=CARTESIAN_POINT('',(-0.00787269184676123,0.00438064201703356,0.005));
#7619=CARTESIAN_POINT('',(-0.00787269184676123,0.00438064201703356,0.007));
#7620=CARTESIAN_POINT('',(-0.00764942408721334,0.00509451922170214,0.005));
#7621=CARTESIAN_POINT('',(-0.00766936852647538,0.00475153386083433,0.005));
#7622=CARTESIAN_POINT('',(-0.00787269184676123,0.00438064201703356,0.005));
#7623=CARTESIAN_POINT('',(-0.00764942408721334,0.00509451922170214,0.005));
#7624=CARTESIAN_POINT('',(-0.007650185119794,0.00509457774188432,0.007));
#7625=CARTESIAN_POINT('',(-0.007650185119794,0.00509457774188432,0.00633333333333333));
#7626=CARTESIAN_POINT('',(-0.007650185119794,0.00509457774188432,0.00566666666666667));
#7627=CARTESIAN_POINT('',(-0.007650185119794,0.00509457774188432,0.005));
#7628=CARTESIAN_POINT('',(-0.00764942408721335,0.00509451922170214,0.007));
#7629=CARTESIAN_POINT('',(-0.00764942408721334,0.00509451922170214,0.007));
#7630=CARTESIAN_POINT('',(-0.00766936852647538,0.00475153386083433,0.007));
#7631=CARTESIAN_POINT('',(-0.00787269184676123,0.00438064201703356,0.007));
#7632=CARTESIAN_POINT('',(-0.00871543193321958,0.00517649071009298,0.00500000000000001));
#7633=CARTESIAN_POINT('',(-0.00871543193321958,0.00517649071009298,0.005));
#7634=CARTESIAN_POINT('',(-0.00779259105282006,0.00571399976690176,0.005));
#7635=CARTESIAN_POINT('',(-0.00779222328831564,0.00571421397149119,0.005));
#7636=CARTESIAN_POINT('',(-0.00779222328831564,0.00571421397149119,0.00566666666666667));
#7637=CARTESIAN_POINT('',(-0.00779222328831564,0.00571421397149119,0.00633333333333333));
#7638=CARTESIAN_POINT('',(-0.00779222328831564,0.00571421397149119,0.007));
#7639=CARTESIAN_POINT('',(-0.00779259105282006,0.00571399976690176,0.007));
#7640=CARTESIAN_POINT('',(-0.00871543193321958,0.00517649071009298,0.007));
#7641=CARTESIAN_POINT('',(-0.00827769246591995,0.00616701023100229,0.005));
#7642=CARTESIAN_POINT('',(-0.00827769246591995,0.00616701023100229,0.007));
#7643=CARTESIAN_POINT('',(-0.00806303246043251,0.00604933337782315,0.005));
#7644=CARTESIAN_POINT('',(-0.00806303246043251,0.00604933337782315,0.007));
#7645=CARTESIAN_POINT('',(-0.00790133198939922,0.00589832988978964,0.005));
#7646=CARTESIAN_POINT('',(-0.00790133198939922,0.00589832988978964,0.007));
#7647=CARTESIAN_POINT('',(-0.00779259105282006,0.00571399976690176,0.005));
#7648=CARTESIAN_POINT('',(-0.00779259105282006,0.00571399976690176,0.007));
#7649=CARTESIAN_POINT('',(-0.00827769246591995,0.00616701023100229,0.005));
#7650=CARTESIAN_POINT('',(-0.0079557024576888,0.00599049495123358,0.005));
#7651=CARTESIAN_POINT('',(-0.00779259105282006,0.00571399976690176,0.005));
#7652=CARTESIAN_POINT('',(-0.00827769246591995,0.00616701023100229,0.005));
#7653=CARTESIAN_POINT('',(-0.00827769246591995,0.00616701023100229,0.005));
#7654=CARTESIAN_POINT('',(-0.00827769246591995,0.00616701023100229,0.007));
#7655=CARTESIAN_POINT('',(-0.00827769246591995,0.00616701023100229,0.007));
#7656=CARTESIAN_POINT('',(-0.0079557024576888,0.00599049495123358,0.007));
#7657=CARTESIAN_POINT('',(-0.00779259105282006,0.00571399976690176,0.007));
#7658=CARTESIAN_POINT('',(-0.00921635367334723,0.00668158534638325,0.005));
#7659=CARTESIAN_POINT('',(-0.00921635367334723,0.00668158534638325,0.005));
#7660=CARTESIAN_POINT('',(-0.0101550148807745,0.00719616046176421,0.005));
#7661=CARTESIAN_POINT('',(-0.0101550148807745,0.00719616046176421,0.005));
#7662=CARTESIAN_POINT('',(-0.0101550148807745,0.00719616046176421,0.007));
#7663=CARTESIAN_POINT('',(-0.00869653351212989,0.00639661935724974,0.007));
#7664=CARTESIAN_POINT('',(-0.0103231744076548,0.00688941258410022,0.005));
#7665=CARTESIAN_POINT('',(-0.0103231744076548,0.00688941258410022,0.005));
#7666=CARTESIAN_POINT('',(-0.010491333934535,0.00658266470643623,0.005));
#7667=CARTESIAN_POINT('',(-0.010491333934535,0.00658266470643623,0.005));
#7668=CARTESIAN_POINT('',(-0.010491333934535,0.00658266470643622,0.007));
#7669=CARTESIAN_POINT('',(-0.0108302641610731,0.00596440578530601,0.007));
#7670=CARTESIAN_POINT('',(-0.00960506755093232,0.00609681249160934,0.005));
#7671=CARTESIAN_POINT('',(-0.00960506755093232,0.00609681249160934,0.005));
#7672=CARTESIAN_POINT('',(-0.00903285256589038,0.00578312360192176,0.007));
#7673=CARTESIAN_POINT('',(-0.00937178279242852,0.00516486468079154,0.007));
#7674=CARTESIAN_POINT('',(0.,0.,0.005));
#7675=CARTESIAN_POINT('',(0.00548255244640986,-0.0104152332125144,0.005));
#7676=CARTESIAN_POINT('',(0.00550382408676305,-0.00972505217997548,0.005));
#7677=CARTESIAN_POINT('',(0.00546128080605667,-0.0111054142450533,0.005));
#7678=CARTESIAN_POINT('',(0.00512989585814722,-0.0112866378087955,0.005));
#7679=CARTESIAN_POINT('',(0.00479851091023777,-0.0114678613725377,0.005));
#7680=CARTESIAN_POINT('',(0.00486040297146726,-0.0104987406799498,0.005));
#7681=CARTESIAN_POINT('',(0.00492229503269675,-0.00952961998736201,0.005));
#7682=CARTESIAN_POINT('',(0.00403157957069249,-0.00906617765503456,0.005));
#7683=CARTESIAN_POINT('',(0.00314086410868824,-0.00860273532270711,0.005));
#7684=CARTESIAN_POINT('',(0.00349226559707544,-0.00841056536920868,0.005));
#7685=CARTESIAN_POINT('',(0.00384366708546264,-0.00821839541571026,0.005));
#7686=CARTESIAN_POINT('',(0.00448165032398061,-0.00858272191784793,0.005));
#7687=CARTESIAN_POINT('',(0.00511963356249858,-0.0089470484199856,0.005));
#7688=CARTESIAN_POINT('',(0.00515681141152383,-0.00821349845384779,0.005));
#7689=CARTESIAN_POINT('',(0.00519398926054909,-0.00747994848770999,0.005));
#7690=CARTESIAN_POINT('',(0.00552378559413491,-0.00729959368505957,0.005));
#7691=CARTESIAN_POINT('',(0.00585358192772073,-0.00711923888240915,0.005));
#7692=CARTESIAN_POINT('',(0.00578127429123545,-0.00813120231472729,0.005));
#7693=CARTESIAN_POINT('',(0.00570896665475018,-0.00914316574704542,0.005));
#7694=CARTESIAN_POINT('',(0.00654432905901189,-0.00959973204884164,0.005));
#7695=CARTESIAN_POINT('',(0.0073796914632736,-0.0100562983506378,0.005));
#7696=CARTESIAN_POINT('',(0.00704004572088127,-0.0102420394720572,0.005));
#7697=CARTESIAN_POINT('',(0.00670039997848894,-0.0104277805934766,0.005));
#7698=CARTESIAN_POINT('',(0.00610211203262599,-0.010076416386726,0.005));
#7699=CARTESIAN_POINT('',(-0.0761638198284188,-0.0144310733908147,0.005));
#7700=CARTESIAN_POINT('',(-0.000317301847659083,-0.0109449214639934,0.005));
#7701=CARTESIAN_POINT('',(-0.000285704495827334,-0.0117140434422773,0.005));
#7702=CARTESIAN_POINT('',(-0.000275436404712905,-0.0117132104071907,0.005));
#7703=CARTESIAN_POINT('',(-0.000265329988299672,-0.0117123904885546,0.005));
#7704=CARTESIAN_POINT('',(5.50874993699916E-5,-0.010386439699987,0.005));
#7705=CARTESIAN_POINT('',(0.000375504987039655,-0.00906048891141933,0.005));
#7706=CARTESIAN_POINT('',(0.000696022764716444,-0.00903448577753095,0.005));
#7707=CARTESIAN_POINT('',(0.00101654054239323,-0.00900848264364258,0.005));
#7708=CARTESIAN_POINT('',(0.00151852791547927,-0.0102698928552601,0.005));
#7709=CARTESIAN_POINT('',(0.00202051528856529,-0.0115313030668777,0.005));
#7710=CARTESIAN_POINT('',(0.00203062170497853,-0.0115304831482416,0.005));
#7711=CARTESIAN_POINT('',(0.00204072812139176,-0.0115296632296055,0.005));
#7712=CARTESIAN_POINT('',(0.00204072812139176,-0.0115296632296055,0.005));
#7713=CARTESIAN_POINT('',(0.00193340268895797,-0.0107441547994987,0.005));
#7714=CARTESIAN_POINT('',(0.00191196767318513,-0.0104799441989813,0.005));
#7715=CARTESIAN_POINT('',(0.00191196767318513,-0.0104799441989813,0.005));
#7716=CARTESIAN_POINT('',(0.00184974170526532,-0.00971293938190566,0.005));
#7717=CARTESIAN_POINT('',(0.00178751573734551,-0.00894593456483001,0.005));
#7718=CARTESIAN_POINT('',(0.00210009275926905,-0.00892057565272716,0.005));
#7719=CARTESIAN_POINT('',(0.00241266978119258,-0.00889521674062432,0.005));
#7720=CARTESIAN_POINT('',(0.00254646293292228,-0.0105443673331978,0.005));
#7721=CARTESIAN_POINT('',(0.00268025608465198,-0.0121935179257713,0.005));
#7722=CARTESIAN_POINT('',(0.00220417168290008,-0.0122321419500942,0.005));
#7723=CARTESIAN_POINT('',(0.00172808728114819,-0.0122707659744171,0.005));
#7724=CARTESIAN_POINT('',(0.00123559328624438,-0.011041284299339,0.005));
#7725=CARTESIAN_POINT('',(0.000743099291340567,-0.00981180262426089,0.005));
#7726=CARTESIAN_POINT('',(0.000736241365917303,-0.00981235899762112,0.005));
#7727=CARTESIAN_POINT('',(0.000729383440494038,-0.00981291537098134,0.005));
#7728=CARTESIAN_POINT('',(0.000417695443659237,-0.0111076391432479,0.005));
#7729=CARTESIAN_POINT('',(0.000106007446824435,-0.0124023629155144,0.005));
#7730=CARTESIAN_POINT('',(-0.000369716011484132,-0.0124409576570289,0.005));
#7731=CARTESIAN_POINT('',(-0.000845439469792701,-0.0124795523985434,0.005));
#7732=CARTESIAN_POINT('',(-0.0009792326215224,-0.0108304018059699,0.005));
#7733=CARTESIAN_POINT('',(-0.0011130257732521,-0.00918125121339641,0.005));
#7734=CARTESIAN_POINT('',(-0.000787093843925365,-0.00915480883738154,0.005));
#7735=CARTESIAN_POINT('',(-0.00046116191459863,-0.00912836646136668,0.005));
#7736=CARTESIAN_POINT('',(-0.000397823199958372,-0.00990908712928886,0.005));
#7737=CARTESIAN_POINT('',(-0.000334465889180998,-0.0106898063297939,0.005));
#7738=CARTESIAN_POINT('',(-0.0107506860497169,-0.0115117479991372,0.005));
#7739=CARTESIAN_POINT('',(-0.00260799155836374,-0.010459062928335,0.005));
#7740=CARTESIAN_POINT('',(-0.00148474936215405,-0.00910262241975136,0.005));
#7741=CARTESIAN_POINT('',(-0.00373123375457343,-0.0118155034369186,0.005));
#7742=CARTESIAN_POINT('',(-0.00413347458540686,-0.0116670500149095,0.005));
#7743=CARTESIAN_POINT('',(-0.00453571541624029,-0.0115185965929004,0.005));
#7744=CARTESIAN_POINT('',(-0.00451048197446781,-0.00975691836477825,0.005));
#7745=CARTESIAN_POINT('',(-0.00448524853269532,-0.00799524013665613,0.005));
#7746=CARTESIAN_POINT('',(-0.00413056996226449,-0.00812613994457635,0.005));
#7747=CARTESIAN_POINT('',(-0.00377589139183366,-0.00825703975249658,0.005));
#7748=CARTESIAN_POINT('',(-0.00379985727708711,-0.0086681682209356,0.005));
#7749=CARTESIAN_POINT('',(-0.00382382316234055,-0.00907929668937462,0.005));
#7750=CARTESIAN_POINT('',(-0.00325783226354959,-0.00928818469703275,0.005));
#7751=CARTESIAN_POINT('',(-0.00269184136475863,-0.00949707270469089,0.005));
#7752=CARTESIAN_POINT('',(-0.00244297393388717,-0.0091689477543009,0.005));
#7753=CARTESIAN_POINT('',(-0.0021941065030157,-0.00884082280391091,0.005));
#7754=CARTESIAN_POINT('',(-0.00183942793258488,-0.00897172261183114,0.005));
#7755=CARTESIAN_POINT('',(-0.000292616573612709,0.0112029080709777,0.005));
#7756=CARTESIAN_POINT('',(-0.000198381907686701,0.0111390986833248,0.005));
#7757=CARTESIAN_POINT('',(0.000153306975754916,0.0109742211479839,0.005));
#7758=CARTESIAN_POINT('',(-0.000292616573612709,0.0112029080709777,0.005));
#7759=CARTESIAN_POINT('',(0.000153306975754916,0.0109742211479839,0.005));
#7760=CARTESIAN_POINT('',(0.000153306975754916,0.0109742211479839,0.005));
#7761=CARTESIAN_POINT('',(0.000619082103149052,0.0107550869890127,0.005));
#7762=CARTESIAN_POINT('',(0.000792628339854584,0.0105335713575607,0.005));
#7763=CARTESIAN_POINT('',(0.000792628339854584,0.0105335713575607,0.005));
#7764=CARTESIAN_POINT('',(0.000792628339854584,0.0105335713575607,0.005));
#7765=CARTESIAN_POINT('',(0.000966174576560117,0.0103120557261087,0.005));
#7766=CARTESIAN_POINT('',(0.000968411627991705,0.00998831983351009,0.005));
#7767=CARTESIAN_POINT('',(0.000968411627991705,0.00998831983351009,0.005));
#7768=CARTESIAN_POINT('',(0.000968411627991705,0.00998831983351009,0.005));
#7769=CARTESIAN_POINT('',(0.000971509468788469,0.00954001442519127,0.005));
#7770=CARTESIAN_POINT('',(0.000650644074342608,0.00927959283207234,0.005));
#7771=CARTESIAN_POINT('',(0.000650644074342608,0.00927959283207234,0.005));
#7772=CARTESIAN_POINT('',(0.000650644074342608,0.00927959283207234,0.005));
#7773=CARTESIAN_POINT('',(0.000329778679896747,0.00901917123895341,0.005));
#7774=CARTESIAN_POINT('',(-0.00024454472688326,0.00901520259961281,0.005));
#7775=CARTESIAN_POINT('',(-0.00024454472688326,0.00901520259961281,0.005));
#7776=CARTESIAN_POINT('',(-0.00024454472688326,0.00901520259961281,0.005));
#7777=CARTESIAN_POINT('',(-0.000774689410064804,0.00901153924022148,0.005));
#7778=CARTESIAN_POINT('',(-0.00118309432692277,0.00920861727926544,0.005));
#7779=CARTESIAN_POINT('',(-0.00118309432692277,0.00920861727926544,0.005));
#7780=CARTESIAN_POINT('',(-0.00118534639212236,0.00953452589597541,0.005));
#7781=CARTESIAN_POINT('',(-0.00118759845732195,0.00986043451268538,0.005));
#7782=CARTESIAN_POINT('',(-0.00118759845732195,0.00986043451268538,0.005));
#7783=CARTESIAN_POINT('',(-0.000851962994174572,0.00971282866927037,0.005));
#7784=CARTESIAN_POINT('',(-0.000619423249436106,0.00965359636503221,0.005));
#7785=CARTESIAN_POINT('',(-0.000619423249436106,0.00965359636503221,0.005));
#7786=CARTESIAN_POINT('',(-0.000175869341528893,0.0112906572846976,0.005));
#7787=CARTESIAN_POINT('',(-0.000194235300153528,0.00959569528155648,0.005));
#7788=CARTESIAN_POINT('',(-0.000194235300153528,0.00959569528155648,0.005));
#7789=CARTESIAN_POINT('',(3.60734556548477E-5,0.00959728674096419,0.005));
#7790=CARTESIAN_POINT('',(0.000158948551715513,0.00968613534995705,0.005));
#7791=CARTESIAN_POINT('',(0.000158948551715513,0.00968613534995705,0.005));
#7792=CARTESIAN_POINT('',(0.000158948551715513,0.00968613534995705,0.005));
#7793=CARTESIAN_POINT('',(0.000281823647776179,0.00977498395894992,0.005));
#7794=CARTESIAN_POINT('',(0.000280617541747067,0.00994952612923237,0.005));
#7795=CARTESIAN_POINT('',(0.000280617541747067,0.00994952612923237,0.005));
#7796=CARTESIAN_POINT('',(-9.52177379886481E-6,0.00995188813295262,0.005));
#7797=CARTESIAN_POINT('',(0.000225309665891924,0.0101224074992413,0.005));
#7798=CARTESIAN_POINT('',(-0.000253215306247831,0.00974882015817127,0.005));
#7799=CARTESIAN_POINT('',(6.43996951732617E-5,0.0102670755967752,0.005));
#7800=CARTESIAN_POINT('',(6.43996951732617E-5,0.0102670755967752,0.005));
#7801=CARTESIAN_POINT('',(-4.14603671002049E-5,0.0103362367212773,0.005));
#7802=CARTESIAN_POINT('',(-0.000366262237226575,0.0104882630817551,0.005));
#7803=CARTESIAN_POINT('',(-0.000366262237226575,0.0104882630817551,0.005));
#7804=CARTESIAN_POINT('',(-0.000366262237226575,0.0104882630817551,0.005));
#7805=CARTESIAN_POINT('',(-0.000669981034180095,0.0106288467133961,0.005));
#7806=CARTESIAN_POINT('',(-0.000822615431962013,0.0107588859399854,0.005));
#7807=CARTESIAN_POINT('',(-0.000822615431962013,0.0107588859399854,0.005));
#7808=CARTESIAN_POINT('',(-0.000161950396013721,0.0115406811518745,0.005));
#7809=CARTESIAN_POINT('',(-0.00106730574849211,0.011062683783435,0.005));
#7810=CARTESIAN_POINT('',(-0.000285531987461869,0.0114530345963148,0.005));
#7811=CARTESIAN_POINT('',(-0.00116032885759451,0.0114692398397263,0.005));
#7812=CARTESIAN_POINT('',(-0.00116032885759451,0.0114692398397263,0.005));
#7813=CARTESIAN_POINT('',(-0.00116336664331928,0.0119088543515995,0.005));
#7814=CARTESIAN_POINT('',(-0.000867437530261193,0.0121618608726818,0.005));
#7815=CARTESIAN_POINT('',(-0.000867437530261193,0.0121618608726818,0.005));
#7816=CARTESIAN_POINT('',(-0.000867437530261193,0.0121618608726818,0.005));
#7817=CARTESIAN_POINT('',(-0.000571508417203105,0.0124148673937641,0.005));
#7818=CARTESIAN_POINT('',(-4.64334236148265E-5,0.0124184957210301,0.005));
#7819=CARTESIAN_POINT('',(-4.64334236148265E-5,0.0124184957210301,0.005));
#7820=CARTESIAN_POINT('',(-2.29851621401213E-5,0.0104673133710919,0.005));
#7821=CARTESIAN_POINT('',(0.000446139533647247,0.012361178217465,0.005));
#7822=CARTESIAN_POINT('',(-0.000399750936635647,0.00910074723150735,0.005));
#7823=CARTESIAN_POINT('',(0.000937155793234342,0.0121925822002954,0.005));
#7824=CARTESIAN_POINT('',(0.000826149424299106,0.0119189807516433,0.005));
#7825=CARTESIAN_POINT('',(0.000714839843545021,0.0116446319657557,0.005));
#7826=CARTESIAN_POINT('',(-0.000605731325075072,0.00849581458725874,0.005));
#7827=CARTESIAN_POINT('',(0.000275913995257993,0.0117941341456287,0.00500000025));
#7828=CARTESIAN_POINT('',(-6.11319149236844E-5,0.0104287826549728,0.005));
#7829=CARTESIAN_POINT('',(-6.48512070973657E-5,0.0118346020341647,0.005));
#7830=CARTESIAN_POINT('',(-6.48512070973657E-5,0.0118346020341647,0.005));
#7831=CARTESIAN_POINT('',(-0.000264017583975679,0.0118332257720983,0.005));
#7832=CARTESIAN_POINT('',(-0.000369840477999718,0.0117397872020467,0.005));
#7833=CARTESIAN_POINT('',(-0.000369840477999718,0.0117397872020467,0.005));
#7834=CARTESIAN_POINT('',(-0.000169730659205175,0.0115102298871172,0.005));
#7835=CARTESIAN_POINT('',(-0.000474352782646538,0.0114971574018948,0.00500000025));
#7836=CARTESIAN_POINT('',(-0.000174415366767152,0.011491444861561,0.005));
#7837=CARTESIAN_POINT('',(-0.000430660361470012,0.0113354181806586,0.005));
#7838=CARTESIAN_POINT('',(-3.81597519100606E-5,0.0116091501580879,0.005));
#7839=CARTESIAN_POINT('',(0.00243670362282608,0.0105008829264975,0.005));
#7840=CARTESIAN_POINT('',(0.00133533600595079,0.00912662194066875,0.005));
#7841=CARTESIAN_POINT('',(0.00353807123970138,0.0118751439123263,0.005));
#7842=CARTESIAN_POINT('',(0.0039426387021254,0.0117331535153144,0.005));
#7843=CARTESIAN_POINT('',(0.00434720616454942,0.0115911631183026,0.005));
#7844=CARTESIAN_POINT('',(0.00435019837753428,0.00982930672441439,0.005));
#7845=CARTESIAN_POINT('',(0.00435319059051913,0.00806745033052623,0.005));
#7846=CARTESIAN_POINT('',(0.00399646049696282,0.00819265132248601,0.005));
#7847=CARTESIAN_POINT('',(0.00363973040340651,0.00831785231444579,0.005));
#7848=CARTESIAN_POINT('',(0.00365710685770258,0.00872931196016222,0.005));
#7849=CARTESIAN_POINT('',(0.00367448331199866,0.00914077160587865,0.005));
#7850=CARTESIAN_POINT('',(0.00310521862247297,0.00934056552599838,0.005));
#7851=CARTESIAN_POINT('',(0.00253595393294729,0.00954035944611811,0.005));
#7852=CARTESIAN_POINT('',(0.00229237506300535,0.00920828970143365,0.005));
#7853=CARTESIAN_POINT('',(0.00204879619306341,0.00887621995674918,0.005));
#7854=CARTESIAN_POINT('',(0.0016920660995071,0.00900142094870897,0.005));
#7855=CARTESIAN_POINT('',(0.,2.11251572852918E-19,0.005));
#7856=CARTESIAN_POINT('',(0.00345,2.11251572852918E-19,0.005));
#7857=CARTESIAN_POINT('',(0.,2.29621274840129E-18,0.005));
#7858=CARTESIAN_POINT('',(0.0365,2.29621274840129E-18,0.005));
#7859=CARTESIAN_POINT('',(0.012,0.0207846096908265,0.005));
#7860=CARTESIAN_POINT('',(0.019,0.0207846096908265,0.005));
#7861=CARTESIAN_POINT('',(-0.012,0.0207846096908266,0.005));
#7862=CARTESIAN_POINT('',(-0.005,0.0207846096908266,0.005));
#7863=CARTESIAN_POINT('',(-0.024,3.67394039744206E-19,0.005));
#7864=CARTESIAN_POINT('',(-0.017,3.67394039744206E-19,0.005));
#7865=CARTESIAN_POINT('',(-0.012,-0.0207846096908266,0.005));
#7866=CARTESIAN_POINT('',(-0.005,-0.0207846096908266,0.005));
#7867=CARTESIAN_POINT('',(0.012,-0.0207846096908266,0.005));
#7868=CARTESIAN_POINT('',(0.019,-0.0207846096908266,0.005));
#7869=CARTESIAN_POINT('',(0.024,-3.30654635769785E-18,0.005));
#7870=CARTESIAN_POINT('',(0.031,-3.30654635769785E-18,0.005));
#7871=CARTESIAN_POINT('',(0.0102866444040983,0.00321851924292902,0.005));
#7872=CARTESIAN_POINT('',(0.0085427362519035,0.0034642594337429,0.005));
#7873=CARTESIAN_POINT('',(0.012030552556293,0.00297277905211514,0.005));
#7874=CARTESIAN_POINT('',(0.0121149274518517,0.0025524018625636,0.005));
#7875=CARTESIAN_POINT('',(0.0121993023474103,0.00213202467301204,0.005));
#7876=CARTESIAN_POINT('',(0.0106857148560648,0.00123024875180681,0.005));
#7877=CARTESIAN_POINT('',(0.00917212736471928,0.00032847283060158,0.005));
#7878=CARTESIAN_POINT('',(0.00909772923045981,0.000699143257875078,0.005));
#7879=CARTESIAN_POINT('',(0.00902333109620033,0.00106981368514858,0.005));
#7880=CARTESIAN_POINT('',(0.00938603573454677,0.00126486836091662,0.005));
#7881=CARTESIAN_POINT('',(0.00974874037289321,0.00145992303668466,0.005));
#7882=CARTESIAN_POINT('',(0.00963001691343317,0.00205143350779352,0.005));
#7883=CARTESIAN_POINT('',(0.00951129345397312,0.00264294397890238,0.005));
#7884=CARTESIAN_POINT('',(0.00910141298719779,0.00268293127904914,0.005));
#7885=CARTESIAN_POINT('',(0.00869153252042245,0.0027229185791959,0.005));
#7886=CARTESIAN_POINT('',(0.00861713438616298,0.0030935890064694,0.005));
#7887=CARTESIAN_POINT('',(0.00791227331544162,0.00561775263750068,0.005));
#7888=CARTESIAN_POINT('',(0.00737716348237977,0.00528027558469769,0.005));
#7889=CARTESIAN_POINT('',(0.00844738314850348,0.00595522969030368,0.005));
#7890=CARTESIAN_POINT('',(0.0090189141942111,0.00696472410926865,0.005));
#7891=CARTESIAN_POINT('',(0.00959044523991872,0.00797421852823363,0.005));
#7892=CARTESIAN_POINT('',(0.00979327918693826,0.00765260128455021,0.005));
#7893=CARTESIAN_POINT('',(0.00999611313395781,0.00733098404086678,0.005));
#7894=CARTESIAN_POINT('',(0.00960289571725208,0.00667755338933157,0.005));
#7895=CARTESIAN_POINT('',(0.00920967830054634,0.00602412273779637,0.005));
#7896=CARTESIAN_POINT('',(0.00996992857376363,0.00609557932933299,0.005));
#7897=CARTESIAN_POINT('',(0.0107301788469809,0.00616703592086961,0.005));
#7898=CARTESIAN_POINT('',(0.0109318537428746,0.00584725649000723,0.005));
#7899=CARTESIAN_POINT('',(0.0111335286387683,0.00552747705914485,0.005));
#7900=CARTESIAN_POINT('',(0.00998578579038543,0.00545267914989965,0.005));
#7901=CARTESIAN_POINT('',(0.0088380429420025,0.00537788124065444,0.005));
#7902=CARTESIAN_POINT('',(0.00829343774269856,0.00503441575703468,0.005));
#7903=CARTESIAN_POINT('',(0.00774883254339463,0.00469095027341492,0.005));
#7904=CARTESIAN_POINT('',(0.0075629980128872,0.0049856129290563,0.005));
#7905=CARTESIAN_POINT('',(0.00685892539049842,0.00885954902617252,0.005));
#7906=CARTESIAN_POINT('',(0.00689180822672976,0.00875059706751083,0.005));
#7907=CARTESIAN_POINT('',(0.00706073607944333,0.00840083564457503,0.005));
#7908=CARTESIAN_POINT('',(0.00685892539049842,0.00885954902617252,0.005));
#7909=CARTESIAN_POINT('',(0.00706073607944333,0.00840083564457503,0.005));
#7910=CARTESIAN_POINT('',(0.00706073607944333,0.00840083564457503,0.005));
#7911=CARTESIAN_POINT('',(0.00728397699570524,0.00793701483625185,0.005));
#7912=CARTESIAN_POINT('',(0.0072789404987582,0.00765565722581498,0.005));
#7913=CARTESIAN_POINT('',(0.0072789404987582,0.00765565722581498,0.005));
#7914=CARTESIAN_POINT('',(0.0072789404987582,0.00765565722581498,0.005));
#7915=CARTESIAN_POINT('',(0.00727390400181116,0.0073742996153781,0.005));
#7916=CARTESIAN_POINT('',(0.00707145699401374,0.00712166323322072,0.005));
#7917=CARTESIAN_POINT('',(0.00707145699401374,0.00712166323322072,0.005));
#7918=CARTESIAN_POINT('',(0.00707145699401374,0.00712166323322072,0.005));
#7919=CARTESIAN_POINT('',(0.00679111091386474,0.00677181553622874,0.005));
#7920=CARTESIAN_POINT('',(0.00637786289030569,0.00677209578619438,0.005));
#7921=CARTESIAN_POINT('',(0.00637786289030569,0.00677209578619438,0.005));
#7922=CARTESIAN_POINT('',(0.00637786289030569,0.00677209578619438,0.005));
#7923=CARTESIAN_POINT('',(0.00596461486674665,0.00677237603616003,0.005));
#7924=CARTESIAN_POINT('',(0.00551642549079407,0.00713152699182749,0.005));
#7925=CARTESIAN_POINT('',(0.00551642549079407,0.00713152699182749,0.005));
#7926=CARTESIAN_POINT('',(0.00551642549079407,0.00713152699182749,0.005));
#7927=CARTESIAN_POINT('',(0.005102712220684,0.00746305095090514,0.005));
#7928=CARTESIAN_POINT('',(0.00491008073831183,0.00787357189018386,0.005));
#7929=CARTESIAN_POINT('',(0.00491008073831183,0.00787357189018386,0.005));
#7930=CARTESIAN_POINT('',(0.00511388645085957,0.00812790381853021,0.005));
#7931=CARTESIAN_POINT('',(0.0053176921634073,0.00838223574687657,0.005));
#7932=CARTESIAN_POINT('',(0.00878319775668782,0.0100908765238783,0.005));
#7933=CARTESIAN_POINT('',(0.00562798125501363,0.00786325393159596,0.005));
#7934=CARTESIAN_POINT('',(0.00700486773297253,0.00885401067074209,0.005));
#7935=CARTESIAN_POINT('',(0.00592158831385344,0.00755027020552605,0.005));
#7936=CARTESIAN_POINT('',(0.00592158831385344,0.00755027020552605,0.005));
#7937=CARTESIAN_POINT('',(0.00610131620988486,0.00740624750199231,0.005));
#7938=CARTESIAN_POINT('',(0.00625270729401287,0.00739769740266941,0.005));
#7939=CARTESIAN_POINT('',(0.00625270729401287,0.00739769740266941,0.005));
#7940=CARTESIAN_POINT('',(0.00625270729401287,0.00739769740266941,0.005));
#7941=CARTESIAN_POINT('',(0.00640409837814088,0.0073891473033465,0.005));
#7942=CARTESIAN_POINT('',(0.00651324765974978,0.00752535618052755,0.005));
#7943=CARTESIAN_POINT('',(0.00651324765974978,0.00752535618052755,0.005));
#7944=CARTESIAN_POINT('',(0.00628958354929534,0.0077101824967862,0.005));
#7945=CARTESIAN_POINT('',(0.00657938632979647,0.00769439565029228,0.005));
#7946=CARTESIAN_POINT('',(0.00597239583571581,0.00770629733354991,0.005));
#7947=CARTESIAN_POINT('',(0.00654573950764073,0.00790815129718183,0.005));
#7948=CARTESIAN_POINT('',(0.00654573950764073,0.00790815129718183,0.005));
#7949=CARTESIAN_POINT('',(0.00650721052027732,0.00802858854665099,0.005));
#7950=CARTESIAN_POINT('',(0.00635104217539253,0.00835141933386568,0.005));
#7951=CARTESIAN_POINT('',(0.00635104217539253,0.00835141933386568,0.005));
#7952=CARTESIAN_POINT('',(0.00635104217539253,0.00835141933386568,0.005));
#7953=CARTESIAN_POINT('',(0.00620401768499948,0.00865207306215276,0.005));
#7954=CARTESIAN_POINT('',(0.00616758722940521,0.00884925389728485,0.005));
#7955=CARTESIAN_POINT('',(0.00616758722940521,0.00884925389728485,0.005));
#7956=CARTESIAN_POINT('',(0.00717336130727387,0.0090392553376597,0.005));
#7957=CARTESIAN_POINT('',(0.00616929244080897,0.0092393372434542,0.005));
#7958=CARTESIAN_POINT('',(0.00702218011416357,0.00904918384691782,0.005));
#7959=CARTESIAN_POINT('',(0.00635354122956482,0.00961350132485929,0.005));
#7960=CARTESIAN_POINT('',(0.00635354122956482,0.00961350132485929,0.005));
#7961=CARTESIAN_POINT('',(0.00662845249071254,0.00995656683709538,0.005));
#7962=CARTESIAN_POINT('',(0.00701767271726397,0.00996625987112847,0.005));
#7963=CARTESIAN_POINT('',(0.00701767271726397,0.00996625987112847,0.005));
#7964=CARTESIAN_POINT('',(0.00701767271726397,0.00996625987112847,0.005));
#7965=CARTESIAN_POINT('',(0.0074068929438154,0.00997595290516157,0.005));
#7966=CARTESIAN_POINT('',(0.00781664993948453,0.00964759925716799,0.005));
#7967=CARTESIAN_POINT('',(0.00781664993948453,0.00964759925716799,0.005));
#7968=CARTESIAN_POINT('',(0.00660421881188168,0.00811865414876952,0.005));
#7969=CARTESIAN_POINT('',(0.00816281053170739,0.00929249906391774,0.005));
#7970=CARTESIAN_POINT('',(0.00544993613577505,0.00729580120544858,0.005));
#7971=CARTESIAN_POINT('',(0.0084374490288368,0.00885192774245075,0.005));
#7972=CARTESIAN_POINT('',(0.0081787431098341,0.00870962027707234,0.005));
#7973=CARTESIAN_POINT('',(0.00791933054180655,0.00856692410110749,0.005));
#7974=CARTESIAN_POINT('',(0.00490855507414379,0.00695627510833122,0.005));
#7975=CARTESIAN_POINT('',(0.00767300771067642,0.00895977504605393,0.005));
#7976=CARTESIAN_POINT('',(0.00655031452424741,0.00811281303524664,0.005));
#7977=CARTESIAN_POINT('',(0.00743409061927961,0.00920610246348314,0.005));
#7978=CARTESIAN_POINT('',(0.00743409061927961,0.00920610246348314,0.005));
#7979=CARTESIAN_POINT('',(0.00727866555195684,0.00933065039892898,0.005));
#7980=CARTESIAN_POINT('',(0.00713761238601678,0.00932488362763161,0.005));
#7981=CARTESIAN_POINT('',(0.00713761238601678,0.00932488362763161,0.005));
#7982=CARTESIAN_POINT('',(0.00714811779533597,0.00902053163274629,0.005));
#7983=CARTESIAN_POINT('',(0.00690361272320418,0.0092024347758743,0.005));
#7984=CARTESIAN_POINT('',(0.00713263449290037,0.00900890876667221,0.005));
#7985=CARTESIAN_POINT('',(0.00683525483616533,0.00904946524761877,0.005));
#7986=CARTESIAN_POINT('',(0.00731260928459656,0.00901431281956579,0.005));
#7987=CARTESIAN_POINT('',(-0.00318701964707572,0.00981484915568305,0.005));
#7988=CARTESIAN_POINT('',(-0.00311704406932077,0.00954081946392975,0.005));
#7989=CARTESIAN_POINT('',(-0.00325699522483066,0.0100888788474363,0.005));
#7990=CARTESIAN_POINT('',(-0.00266823488838759,0.0102392233025872,0.005));
#7991=CARTESIAN_POINT('',(-0.00207947455194452,0.010389567757738,0.005));
#7992=CARTESIAN_POINT('',(-0.00200949897418958,0.0101155380659847,0.005));
#7993=CARTESIAN_POINT('',(-0.00193952339643463,0.00984150837423142,0.005));
#7994=CARTESIAN_POINT('',(-0.0025282837328777,0.00969116391908058,0.005));
#7995=CARTESIAN_POINT('',(-0.00470338391505574,0.010910311170128,0.005));
#7996=CARTESIAN_POINT('',(-0.00456172396452647,0.0110807988964407,0.005));
#7997=CARTESIAN_POINT('',(-0.00484504386558501,0.0107398234438152,0.005));
#7998=CARTESIAN_POINT('',(-0.00438314103415387,0.00977375222338098,0.005));
#7999=CARTESIAN_POINT('',(-0.00392123820272273,0.00880768100294676,0.005));
#8000=CARTESIAN_POINT('',(-0.00369960048767106,0.00881089498395608,0.005));
#8001=CARTESIAN_POINT('',(-0.00347796277261939,0.0088141089649654,0.005));
#8002=CARTESIAN_POINT('',(-0.00339204915838634,0.0086344203713777,0.005));
#8003=CARTESIAN_POINT('',(-0.00330613554415329,0.00845473177779001,0.005));
#8004=CARTESIAN_POINT('',(-0.00398503172138098,0.00813013452256042,0.005));
#8005=CARTESIAN_POINT('',(-0.00466392789860868,0.00780553726733082,0.005));
#8006=CARTESIAN_POINT('',(-0.00474984151284173,0.00798522586091852,0.005));
#8007=CARTESIAN_POINT('',(-0.00483575512707478,0.00816491445450621,0.005));
#8008=CARTESIAN_POINT('',(-0.00469376847001172,0.00833555838739032,0.005));
#8009=CARTESIAN_POINT('',(-0.00455178181294865,0.00850620232027443,0.005));
#8010=CARTESIAN_POINT('',(-0.00501368464437979,0.00947227354070864,0.005));
#8011=CARTESIAN_POINT('',(-0.00547558747581092,0.0104383447611429,0.005));
#8012=CARTESIAN_POINT('',(-0.00569755189739639,0.0104349745735622,0.005));
#8013=CARTESIAN_POINT('',(-0.00591951631898186,0.0104316043859816,0.005));
#8014=CARTESIAN_POINT('',(-0.00600542993321491,0.0106112929795692,0.005));
#8015=CARTESIAN_POINT('',(-0.00609134354744796,0.0107909815731569,0.005));
#8016=CARTESIAN_POINT('',(-0.00541244737022026,0.0111155788283865,0.005));
#8017=CARTESIAN_POINT('',(-0.00473355119299256,0.0114401760836161,0.005));
#8018=CARTESIAN_POINT('',(-0.00464763757875951,0.0112604874900284,0.005));
#8019=CARTESIAN_POINT('',(-0.00819768301605222,0.00926524183394709,0.005));
#8020=CARTESIAN_POINT('',(-0.0091418140974451,0.00844702278876899,0.005));
#8021=CARTESIAN_POINT('',(-0.00725355193465933,0.0100834608791252,0.005));
#8022=CARTESIAN_POINT('',(-0.00706239699251047,0.00986288996561718,0.005));
#8023=CARTESIAN_POINT('',(-0.00687124205036162,0.00964231905210916,0.005));
#8024=CARTESIAN_POINT('',(-0.00721058191729703,0.0093482345257263,0.005));
#8025=CARTESIAN_POINT('',(-0.00754992178423245,0.00905414999934345,0.005));
#8026=CARTESIAN_POINT('',(-0.00665747011263673,0.00802436296766767,0.005));
#8027=CARTESIAN_POINT('',(-0.00576501844104102,0.00699457593599189,0.005));
#8028=CARTESIAN_POINT('',(-0.00603019612738007,0.00676476310852013,0.005));
#8029=CARTESIAN_POINT('',(-0.00629537381371911,0.00653495028104836,0.005));
#8030=CARTESIAN_POINT('',(-0.00718782548531483,0.00756473731272414,0.005));
#8031=CARTESIAN_POINT('',(-0.00808027715691054,0.00859452434439992,0.005));
#8032=CARTESIAN_POINT('',(-0.00841989068502897,0.00830020265307643,0.005));
#8033=CARTESIAN_POINT('',(-0.00875950421314739,0.00800588096175295,0.005));
#8034=CARTESIAN_POINT('',(-0.00895065915529625,0.00822645187526097,0.005));
#8035=CARTESIAN_POINT('',(-0.00706239699251047,0.00986288996561718,0.005));
#8036=CARTESIAN_POINT('',(-0.00687124205036162,0.00964231905210916,0.005));
#8037=CARTESIAN_POINT('',(-0.00687124205036162,0.00964231905210915,0.007));
#8038=CARTESIAN_POINT('',(-0.00725355193465933,0.0100834608791252,0.005));
#8039=CARTESIAN_POINT('',(-0.00725355193465933,0.0100834608791252,0.007));
#8040=CARTESIAN_POINT('',(-0.00617919475359938,0.00884377572007888,0.007));
#8041=CARTESIAN_POINT('',(-0.00819768301605222,0.00926524183394709,0.005));
#8042=CARTESIAN_POINT('',(-0.0091418140974451,0.00844702278876899,0.005));
#8043=CARTESIAN_POINT('',(-0.0091418140974451,0.00844702278876898,0.007));
#8044=CARTESIAN_POINT('',(-0.00811914225652765,0.00933330817190828,0.007));
#8045=CARTESIAN_POINT('',(-0.00895065915529625,0.00822645187526097,0.005));
#8046=CARTESIAN_POINT('',(-0.00875950421314739,0.00800588096175295,0.005));
#8047=CARTESIAN_POINT('',(-0.00875950421314739,0.00800588096175295,0.007));
#8048=CARTESIAN_POINT('',(-0.00806745691638516,0.00720733762972267,0.007));
#8049=CARTESIAN_POINT('',(-0.00841989068502897,0.00830020265307643,0.005));
#8050=CARTESIAN_POINT('',(-0.00808027715691054,0.00859452434439992,0.005));
#8051=CARTESIAN_POINT('',(-0.00808027715691054,0.00859452434439992,0.007));
#8052=CARTESIAN_POINT('',(-0.00773683237222994,0.00889216634489224,0.007));
#8053=CARTESIAN_POINT('',(-0.00718782548531483,0.00756473731272414,0.005));
#8054=CARTESIAN_POINT('',(-0.00629537381371911,0.00653495028104836,0.005));
#8055=CARTESIAN_POINT('',(-0.00629537381371912,0.00653495028104836,0.007));
#8056=CARTESIAN_POINT('',(-0.0073882298601483,0.00779598101236965,0.007));
#8057=CARTESIAN_POINT('',(-0.00603019612738007,0.00676476310852013,0.005));
#8058=CARTESIAN_POINT('',(-0.00576501844104102,0.00699457593599189,0.005));
#8059=CARTESIAN_POINT('',(-0.00576501844104102,0.00699457593599189,0.007));
#8060=CARTESIAN_POINT('',(-0.00595192902903851,0.00683259228154069,0.007));
#8061=CARTESIAN_POINT('',(-0.00665747011263673,0.00802436296766767,0.005));
#8062=CARTESIAN_POINT('',(-0.00754992178423245,0.00905414999934345,0.005));
#8063=CARTESIAN_POINT('',(-0.00754992178423245,0.00905414999934344,0.007));
#8064=CARTESIAN_POINT('',(-0.00685787448747021,0.00825560666731317,0.007));
#8065=CARTESIAN_POINT('',(-0.00721058191729703,0.0093482345257263,0.005));
#8066=CARTESIAN_POINT('',(-0.00773683237222994,0.00889216634489224,0.007));
#8067=CARTESIAN_POINT('',(-0.0070447850754677,0.00809362301286197,0.007));
#8068=CARTESIAN_POINT('',(-0.00438314103415387,0.00977375222338098,0.005));
#8069=CARTESIAN_POINT('',(-0.00392123820272273,0.00880768100294676,0.005));
#8070=CARTESIAN_POINT('',(-0.00392123820272273,0.00880768100294676,0.007));
#8071=CARTESIAN_POINT('',(-0.00484504386558501,0.0107398234438152,0.005));
#8072=CARTESIAN_POINT('',(-0.00484504386558501,0.0107398234438152,0.007));
#8073=CARTESIAN_POINT('',(-0.00438923309043585,0.00978649377819901,0.007));
#8074=CARTESIAN_POINT('',(-0.00470338391505574,0.010910311170128,0.005));
#8075=CARTESIAN_POINT('',(-0.00456172396452647,0.0110807988964407,0.005));
#8076=CARTESIAN_POINT('',(-0.00456172396452647,0.0110807988964407,0.007));
#8077=CARTESIAN_POINT('',(-0.00470338391505574,0.010910311170128,0.007));
#8078=CARTESIAN_POINT('',(-0.00464763757875951,0.0112604874900284,0.005));
#8079=CARTESIAN_POINT('',(-0.00473355119299256,0.0114401760836161,0.005));
#8080=CARTESIAN_POINT('',(-0.00473355119299256,0.0114401760836161,0.007));
#8081=CARTESIAN_POINT('',(-0.0040259354248549,0.00996019548552111,0.007));
#8082=CARTESIAN_POINT('',(-0.00541244737022026,0.0111155788283865,0.005));
#8083=CARTESIAN_POINT('',(-0.00609134354744796,0.0107909815731569,0.005));
#8084=CARTESIAN_POINT('',(-0.00609134354744796,0.0107909815731569,0.007));
#8085=CARTESIAN_POINT('',(-0.00534416570465693,0.0111482260017951,0.007));
#8086=CARTESIAN_POINT('',(-0.00600542993321491,0.0106112929795692,0.005));
#8087=CARTESIAN_POINT('',(-0.00591951631898186,0.0104316043859816,0.005));
#8088=CARTESIAN_POINT('',(-0.00591951631898186,0.0104316043859816,0.007));
#8089=CARTESIAN_POINT('',(-0.0053837277793103,0.00931100097506192,0.007));
#8090=CARTESIAN_POINT('',(-0.00569755189739639,0.0104349745735622,0.005));
#8091=CARTESIAN_POINT('',(-0.00547558747581092,0.0104383447611429,0.005));
#8092=CARTESIAN_POINT('',(-0.00547558747581092,0.0104383447611429,0.007));
#8093=CARTESIAN_POINT('',(-0.00569755189739639,0.0104349745735622,0.007));
#8094=CARTESIAN_POINT('',(-0.00501368464437979,0.00947227354070864,0.005));
#8095=CARTESIAN_POINT('',(-0.00455178181294865,0.00850620232027443,0.005));
#8096=CARTESIAN_POINT('',(-0.00455178181294865,0.00850620232027443,0.007));
#8097=CARTESIAN_POINT('',(-0.00501977670066177,0.00948501509552668,0.007));
#8098=CARTESIAN_POINT('',(-0.00469376847001172,0.00833555838739032,0.005));
#8099=CARTESIAN_POINT('',(-0.00483575512707478,0.00816491445450621,0.005));
#8100=CARTESIAN_POINT('',(-0.00483575512707478,0.00816491445450622,0.007));
#8101=CARTESIAN_POINT('',(-0.00469376847001172,0.00833555838739032,0.007));
#8102=CARTESIAN_POINT('',(-0.00474984151284173,0.00798522586091852,0.005));
#8103=CARTESIAN_POINT('',(-0.00466392789860868,0.00780553726733082,0.005));
#8104=CARTESIAN_POINT('',(-0.00466392789860869,0.00780553726733083,0.007));
#8105=CARTESIAN_POINT('',(-0.0053837277793103,0.00931100097506192,0.007));
#8106=CARTESIAN_POINT('',(-0.00398503172138098,0.00813013452256042,0.005));
#8107=CARTESIAN_POINT('',(-0.00330613554415329,0.00845473177779001,0.005));
#8108=CARTESIAN_POINT('',(-0.00330613554415329,0.00845473177779001,0.007));
#8109=CARTESIAN_POINT('',(-0.00391675005581766,0.00816278169596898,0.007));
#8110=CARTESIAN_POINT('',(-0.00339204915838634,0.0086344203713777,0.005));
#8111=CARTESIAN_POINT('',(-0.00347796277261939,0.0088141089649654,0.005));
#8112=CARTESIAN_POINT('',(-0.00347796277261939,0.0088141089649654,0.007));
#8113=CARTESIAN_POINT('',(-0.0040259354248549,0.00996019548552111,0.007));
#8114=CARTESIAN_POINT('',(-0.00369960048767106,0.00881089498395608,0.005));
#8115=CARTESIAN_POINT('',(-0.00369960048767106,0.00881089498395608,0.007));
#8116=CARTESIAN_POINT('',(-0.00463654993651928,0.00966824540370007,0.007));
#8117=CARTESIAN_POINT('',(-0.00266823488838759,0.0102392233025872,0.005));
#8118=CARTESIAN_POINT('',(-0.00207947455194452,0.010389567757738,0.005));
#8119=CARTESIAN_POINT('',(-0.00207947455194452,0.010389567757738,0.007));
#8120=CARTESIAN_POINT('',(-0.00325699522483066,0.0100888788474363,0.005));
#8121=CARTESIAN_POINT('',(-0.00325699522483066,0.0100888788474363,0.007));
#8122=CARTESIAN_POINT('',(-0.00258963994478614,0.0102592931225835,0.007));
#8123=CARTESIAN_POINT('',(-0.00318701964707572,0.00981484915568305,0.005));
#8124=CARTESIAN_POINT('',(-0.00311704406932077,0.00954081946392975,0.005));
#8125=CARTESIAN_POINT('',(-0.00311704406932077,0.00954081946392975,0.007));
#8126=CARTESIAN_POINT('',(-0.00329247579946697,0.0102278234798746,0.007));
#8127=CARTESIAN_POINT('',(-0.0025282837328777,0.00969116391908058,0.005));
#8128=CARTESIAN_POINT('',(-0.00193952339643462,0.00984150837423142,0.005));
#8129=CARTESIAN_POINT('',(-0.00193952339643463,0.00984150837423142,0.007));
#8130=CARTESIAN_POINT('',(-0.00244968878927624,0.00971123373907688,0.007));
#8131=CARTESIAN_POINT('',(-0.00200949897418958,0.0101155380659847,0.005));
#8132=CARTESIAN_POINT('',(-0.00211495512658083,0.0105285123901763,0.007));
#8133=CARTESIAN_POINT('',(-0.00262512051942245,0.0103982377550218,0.007));
#8134=CARTESIAN_POINT('',(-0.000292616573612709,0.0112029080709777,0.005));
#8135=CARTESIAN_POINT('',(-0.000292616573612709,0.0112029080709777,0.007));
#8136=CARTESIAN_POINT('',(-0.00022979346299537,0.0111603684792091,0.005));
#8137=CARTESIAN_POINT('',(-0.00022979346299537,0.0111603684792091,0.007));
#8138=CARTESIAN_POINT('',(-8.11522798728285E-5,0.0110841395048778,0.005));
#8139=CARTESIAN_POINT('',(-8.11522798728285E-5,0.0110841395048778,0.007));
#8140=CARTESIAN_POINT('',(0.000153306975754916,0.0109742211479839,0.005));
#8141=CARTESIAN_POINT('',(0.000153306975754916,0.0109742211479839,0.007));
#8142=CARTESIAN_POINT('',(0.000153306975754916,0.0109742211479839,0.005));
#8143=CARTESIAN_POINT('',(0.000153306975754916,0.0109742211479839,0.007));
#8144=CARTESIAN_POINT('',(-0.000292330573797783,0.0112033646716731,0.007));
#8145=CARTESIAN_POINT('',(-0.000292330573797783,0.0112033646716731,0.00633333333333333));
#8146=CARTESIAN_POINT('',(-0.000292330573797783,0.0112033646716731,0.00566666666666667));
#8147=CARTESIAN_POINT('',(-0.000292330573797783,0.0112033646716731,0.005));
#8148=CARTESIAN_POINT('',(-0.000292616573612709,0.0112029080709777,0.007));
#8149=CARTESIAN_POINT('',(-0.000292616573612709,0.0112029080709777,0.007));
#8150=CARTESIAN_POINT('',(-0.000198381907686701,0.0111390986833248,0.007));
#8151=CARTESIAN_POINT('',(0.000153306975754916,0.0109742211479839,0.007));
#8152=CARTESIAN_POINT('',(-3.81597519100606E-5,0.0116091501580879,0.005));
#8153=CARTESIAN_POINT('',(-0.000430899183577298,0.0113352516248723,0.005));
#8154=CARTESIAN_POINT('',(-0.000430899183577298,0.0113352516248723,0.00566666666666667));
#8155=CARTESIAN_POINT('',(-0.000430899183577298,0.0113352516248723,0.00633333333333333));
#8156=CARTESIAN_POINT('',(-0.000430899183577298,0.0113352516248723,0.007));
#8157=CARTESIAN_POINT('',(-0.000430660361470012,0.0113354181806586,0.007));
#8158=CARTESIAN_POINT('',(-3.81597519100606E-5,0.0116091501580879,0.007));
#8159=CARTESIAN_POINT('',(-0.000174415366767152,0.011491444861561,0.005));
#8160=CARTESIAN_POINT('',(-0.000474325248764435,0.0114971490672384,0.00500000025));
#8161=CARTESIAN_POINT('',(-0.000474325248764435,0.0114971490672384,0.00566666675));
#8162=CARTESIAN_POINT('',(-0.000474325248764435,0.0114971490672384,0.00633333325));
#8163=CARTESIAN_POINT('',(-0.000474325248764435,0.0114971490672384,0.00699999975));
#8164=CARTESIAN_POINT('',(-0.000474352782646538,0.0114971574018948,0.00699999975));
#8165=CARTESIAN_POINT('',(-0.000174415366767152,0.011491444861561,0.007));
#8166=CARTESIAN_POINT('',(-0.000169730659205175,0.0115102298871172,0.005));
#8167=CARTESIAN_POINT('',(-0.000369899450152088,0.0117398548523451,0.005));
#8168=CARTESIAN_POINT('',(-0.000369899450152088,0.0117398548523451,0.00566666666666667));
#8169=CARTESIAN_POINT('',(-0.000369899450152088,0.0117398548523451,0.00633333333333333));
#8170=CARTESIAN_POINT('',(-0.000369899450152088,0.0117398548523451,0.007));
#8171=CARTESIAN_POINT('',(-0.000369840477999718,0.0117397872020467,0.007));
#8172=CARTESIAN_POINT('',(-0.000169730659205175,0.0115102298871172,0.007));
#8173=CARTESIAN_POINT('',(-6.48512070973657E-5,0.0118346020341647,0.005));
#8174=CARTESIAN_POINT('',(-6.48512070973657E-5,0.0118346020341647,0.007));
#8175=CARTESIAN_POINT('',(-0.000197628791682908,0.0118336845261204,0.005));
#8176=CARTESIAN_POINT('',(-0.000197628791682908,0.0118336845261204,0.007));
#8177=CARTESIAN_POINT('',(-0.000299291881983692,0.0118020795820811,0.005));
#8178=CARTESIAN_POINT('',(-0.000299291881983692,0.0118020795820811,0.007));
#8179=CARTESIAN_POINT('',(-0.000369840477999718,0.0117397872020467,0.005));
#8180=CARTESIAN_POINT('',(-0.000369840477999718,0.0117397872020467,0.007));
#8181=CARTESIAN_POINT('',(-6.48514995419155E-5,0.0118347125724597,0.007));
#8182=CARTESIAN_POINT('',(-6.48514995419155E-5,0.0118347125724597,0.00633333333333333));
#8183=CARTESIAN_POINT('',(-6.48514995419155E-5,0.0118347125724597,0.00566666666666667));
#8184=CARTESIAN_POINT('',(-6.48514995419155E-5,0.0118347125724597,0.005));
#8185=CARTESIAN_POINT('',(-6.48512070973657E-5,0.0118346020341647,0.007));
#8186=CARTESIAN_POINT('',(-6.48512070973657E-5,0.0118346020341647,0.007));
#8187=CARTESIAN_POINT('',(-0.000264017583975679,0.0118332257720983,0.007));
#8188=CARTESIAN_POINT('',(-0.000369840477999718,0.0117397872020467,0.007));
#8189=CARTESIAN_POINT('',(-6.11319149236844E-5,0.0104287826549728,0.005));
#8190=CARTESIAN_POINT('',(0.000275811163870348,0.0117937449730781,0.00500000025));
#8191=CARTESIAN_POINT('',(0.000275811163870348,0.0117937449730781,0.00566666675));
#8192=CARTESIAN_POINT('',(0.000275811163870348,0.0117937449730781,0.00633333325));
#8193=CARTESIAN_POINT('',(0.000275811163870348,0.0117937449730781,0.00699999975));
#8194=CARTESIAN_POINT('',(0.000275913995257993,0.0117941341456287,0.00699999975));
#8195=CARTESIAN_POINT('',(-6.11319149236844E-5,0.0104287826549728,0.007));
#8196=CARTESIAN_POINT('',(-0.000605731325075072,0.00849581458725874,0.005));
#8197=CARTESIAN_POINT('',(0.000714839843545021,0.0116446319657557,0.005));
#8198=CARTESIAN_POINT('',(0.000714839843545021,0.0116446319657557,0.007));
#8199=CARTESIAN_POINT('',(-0.000605731325075072,0.00849581458725874,0.007));
#8200=CARTESIAN_POINT('',(0.000826149424299106,0.0119189807516433,0.005));
#8201=CARTESIAN_POINT('',(0.000937155793234342,0.0121925822002954,0.005));
#8202=CARTESIAN_POINT('',(0.000937155793234342,0.0121925822002954,0.007));
#8203=CARTESIAN_POINT('',(0.000826149424299106,0.0119189807516433,0.007));
#8204=CARTESIAN_POINT('',(-0.000399750936635647,0.00910074723150735,0.005));
#8205=CARTESIAN_POINT('',(0.000446170268953817,0.0123612963252225,0.005));
#8206=CARTESIAN_POINT('',(0.000446170268953817,0.0123612963252225,0.00566666666666667));
#8207=CARTESIAN_POINT('',(0.000446170268953817,0.0123612963252225,0.00633333333333333));
#8208=CARTESIAN_POINT('',(0.000446170268953817,0.0123612963252225,0.007));
#8209=CARTESIAN_POINT('',(0.000446139621037481,0.0123611781947924,0.007));
#8210=CARTESIAN_POINT('',(-0.000399750936635647,0.00910074723150735,0.007));
#8211=CARTESIAN_POINT('',(-2.29851621401213E-5,0.0104673133710919,0.00500000000000004));
#8212=CARTESIAN_POINT('',(-4.64312663052119E-5,0.0124183162064657,0.005));
#8213=CARTESIAN_POINT('',(-4.64312663052119E-5,0.0124183162064658,0.00566666666666667));
#8214=CARTESIAN_POINT('',(-4.64312663052119E-5,0.0124183162064658,0.00633333333333333));
#8215=CARTESIAN_POINT('',(-4.64312663052119E-5,0.0124183162064657,0.007));
#8216=CARTESIAN_POINT('',(-4.64334236148265E-5,0.0124184957210301,0.007));
#8217=CARTESIAN_POINT('',(-2.29851621401213E-5,0.0104673133710919,0.007));
#8218=CARTESIAN_POINT('',(-0.000867437530261193,0.0121618608726818,0.005));
#8219=CARTESIAN_POINT('',(-0.000867437530261193,0.0121618608726818,0.007));
#8220=CARTESIAN_POINT('',(-0.000670151454889134,0.0123305318867367,0.005));
#8221=CARTESIAN_POINT('',(-0.000670151454889134,0.0123305318867367,0.007));
#8222=CARTESIAN_POINT('',(-0.000396483419340345,0.0124160768361861,0.005));
#8223=CARTESIAN_POINT('',(-0.000396483419340345,0.0124160768361861,0.007));
#8224=CARTESIAN_POINT('',(-4.64334236148265E-5,0.0124184957210301,0.005));
#8225=CARTESIAN_POINT('',(-4.64334236148265E-5,0.0124184957210301,0.007));
#8226=CARTESIAN_POINT('',(-0.000867437530261193,0.0121618608726818,0.005));
#8227=CARTESIAN_POINT('',(-0.000867437530261192,0.0121618608726818,0.007));
#8228=CARTESIAN_POINT('',(-0.000867437530261193,0.0121618608726818,0.007));
#8229=CARTESIAN_POINT('',(-0.000571508417203105,0.0124148673937641,0.007));
#8230=CARTESIAN_POINT('',(-4.64334236148265E-5,0.0124184957210301,0.007));
#8231=CARTESIAN_POINT('',(-0.00116032885759451,0.0114692398397263,0.005));
#8232=CARTESIAN_POINT('',(-0.00116032885759451,0.0114692398397263,0.007));
#8233=CARTESIAN_POINT('',(-0.00116235404807769,0.0117623161809751,0.005));
#8234=CARTESIAN_POINT('',(-0.00116235404807769,0.0117623161809751,0.007));
#8235=CARTESIAN_POINT('',(-0.00106472360563325,0.0119931898586269,0.005));
#8236=CARTESIAN_POINT('',(-0.00106472360563325,0.0119931898586269,0.007));
#8237=CARTESIAN_POINT('',(-0.000867437530261193,0.0121618608726818,0.005));
#8238=CARTESIAN_POINT('',(-0.000867437530261193,0.0121618608726818,0.007));
#8239=CARTESIAN_POINT('',(-0.00115954861521334,0.011469225386065,0.007));
#8240=CARTESIAN_POINT('',(-0.00115954861521334,0.011469225386065,0.00633333333333333));
#8241=CARTESIAN_POINT('',(-0.00115954861521334,0.011469225386065,0.00566666666666667));
#8242=CARTESIAN_POINT('',(-0.00115954861521334,0.011469225386065,0.005));
#8243=CARTESIAN_POINT('',(-0.0011603288575945,0.0114692398397263,0.007));
#8244=CARTESIAN_POINT('',(-0.00116032885759451,0.0114692398397263,0.007));
#8245=CARTESIAN_POINT('',(-0.00116336664331928,0.0119088543515995,0.007));
#8246=CARTESIAN_POINT('',(-0.000867437530261193,0.0121618608726818,0.007));
#8247=CARTESIAN_POINT('',(-0.000285531987461869,0.0114530345963148,0.00500000000000001));
#8248=CARTESIAN_POINT('',(-0.00106762409302242,0.0110625232063674,0.005));
#8249=CARTESIAN_POINT('',(-0.00106762409302242,0.0110625232063674,0.00566666666666667));
#8250=CARTESIAN_POINT('',(-0.00106762409302242,0.0110625232063674,0.00633333333333333));
#8251=CARTESIAN_POINT('',(-0.00106762409302242,0.0110625232063674,0.007));
#8252=CARTESIAN_POINT('',(-0.00106730574849211,0.011062683783435,0.007));
#8253=CARTESIAN_POINT('',(-0.000285531987461869,0.0114530345963148,0.007));
#8254=CARTESIAN_POINT('',(-0.000161950396013721,0.0115406811518745,0.00500000000000002));
#8255=CARTESIAN_POINT('',(-0.000822556284305241,0.0107589559321181,0.005));
#8256=CARTESIAN_POINT('',(-0.000822556284305241,0.0107589559321181,0.00566666666666667));
#8257=CARTESIAN_POINT('',(-0.000822556284305241,0.0107589559321181,0.00633333333333333));
#8258=CARTESIAN_POINT('',(-0.000822556284305241,0.0107589559321181,0.007));
#8259=CARTESIAN_POINT('',(-0.000822615431962012,0.0107588859399854,0.007));
#8260=CARTESIAN_POINT('',(-0.000161950396013721,0.0115406811518745,0.007));
#8261=CARTESIAN_POINT('',(-0.000366262237226575,0.0104882630817551,0.005));
#8262=CARTESIAN_POINT('',(-0.000366262237226575,0.0104882630817551,0.007));
#8263=CARTESIAN_POINT('',(-0.000568741435195588,0.0105819855028491,0.005));
#8264=CARTESIAN_POINT('',(-0.000568741435195588,0.0105819855028491,0.007));
#8265=CARTESIAN_POINT('',(-0.000720859166774068,0.0106721931222592,0.005));
#8266=CARTESIAN_POINT('',(-0.000720859166774068,0.0106721931222592,0.007));
#8267=CARTESIAN_POINT('',(-0.000822615431962013,0.0107588859399854,0.005));
#8268=CARTESIAN_POINT('',(-0.000822615431962013,0.0107588859399854,0.007));
#8269=CARTESIAN_POINT('',(-0.000366262237226575,0.0104882630817551,0.005));
#8270=CARTESIAN_POINT('',(-0.000366262237226575,0.0104882630817551,0.007));
#8271=CARTESIAN_POINT('',(-0.000366262237226575,0.0104882630817551,0.007));
#8272=CARTESIAN_POINT('',(-0.000669981034180095,0.0106288467133961,0.007));
#8273=CARTESIAN_POINT('',(-0.000822615431962013,0.0107588859399854,0.007));
#8274=CARTESIAN_POINT('',(6.43996951732617E-5,0.0102670755967752,0.005));
#8275=CARTESIAN_POINT('',(6.43996951732617E-5,0.0102670755967752,0.007));
#8276=CARTESIAN_POINT('',(-6.17367967571604E-6,0.0103131830131099,0.005));
#8277=CARTESIAN_POINT('',(-6.17367967571604E-6,0.0103131830131099,0.007));
#8278=CARTESIAN_POINT('',(-0.000149727657142328,0.0103869121747699,0.005));
#8279=CARTESIAN_POINT('',(-0.000149727657142328,0.0103869121747699,0.007));
#8280=CARTESIAN_POINT('',(-0.000366262237226575,0.0104882630817551,0.005));
#8281=CARTESIAN_POINT('',(-0.000366262237226575,0.0104882630817551,0.007));
#8282=CARTESIAN_POINT('',(6.41438457526698E-5,0.0102666581248261,0.007));
#8283=CARTESIAN_POINT('',(6.41438457526698E-5,0.0102666581248261,0.00633333333333333));
#8284=CARTESIAN_POINT('',(6.41438457526698E-5,0.0102666581248261,0.00566666666666667));
#8285=CARTESIAN_POINT('',(6.41438457526698E-5,0.0102666581248261,0.005));
#8286=CARTESIAN_POINT('',(6.43996951732616E-5,0.0102670755967752,0.007));
#8287=CARTESIAN_POINT('',(6.43996951732617E-5,0.0102670755967752,0.007));
#8288=CARTESIAN_POINT('',(-4.14603671002049E-5,0.0103362367212773,0.007));
#8289=CARTESIAN_POINT('',(-0.000366262237226575,0.0104882630817551,0.007));
#8290=CARTESIAN_POINT('',(-0.000253215306247831,0.00974882015817127,0.005));
#8291=CARTESIAN_POINT('',(0.000225517880711941,0.0101225681036787,0.005));
#8292=CARTESIAN_POINT('',(0.000225517880711941,0.0101225681036787,0.00566666666666667));
#8293=CARTESIAN_POINT('',(0.000225517880711941,0.0101225681036787,0.00633333333333333));
#8294=CARTESIAN_POINT('',(0.000225517880711941,0.0101225681036787,0.007));
#8295=CARTESIAN_POINT('',(0.000225309665891924,0.0101224074992413,0.007));
#8296=CARTESIAN_POINT('',(-0.000253215306247831,0.00974882015817127,0.007));
#8297=CARTESIAN_POINT('',(-9.52177379886481E-6,0.00995188813295262,0.005));
#8298=CARTESIAN_POINT('',(0.000280459242778703,0.00994952741793311,0.005));
#8299=CARTESIAN_POINT('',(0.000280459242778703,0.00994952741793311,0.00566666666666667));
#8300=CARTESIAN_POINT('',(0.000280459242778703,0.00994952741793311,0.00633333333333333));
#8301=CARTESIAN_POINT('',(0.000280459242778703,0.00994952741793311,0.007));
#8302=CARTESIAN_POINT('',(0.000280617541747067,0.00994952612923237,0.007));
#8303=CARTESIAN_POINT('',(-9.52177379886481E-6,0.00995188813295262,0.007));
#8304=CARTESIAN_POINT('',(0.000158948551715513,0.00968613534995705,0.005));
#8305=CARTESIAN_POINT('',(0.000158948551715513,0.00968613534995705,0.007));
#8306=CARTESIAN_POINT('',(0.000240865282422624,0.0097453677559523,0.005));
#8307=CARTESIAN_POINT('',(0.000240865282422624,0.0097453677559523,0.007));
#8308=CARTESIAN_POINT('',(0.000281421612433142,0.0098331646823774,0.005));
#8309=CARTESIAN_POINT('',(0.000281421612433142,0.0098331646823774,0.007));
#8310=CARTESIAN_POINT('',(0.000280617541747067,0.00994952612923237,0.005));
#8311=CARTESIAN_POINT('',(0.000280617541747067,0.00994952612923237,0.007));
#8312=CARTESIAN_POINT('',(0.000158948551715513,0.00968613534995705,0.005));
#8313=CARTESIAN_POINT('',(0.000158948551715513,0.00968613534995705,0.007));
#8314=CARTESIAN_POINT('',(0.000158948551715513,0.00968613534995705,0.007));
#8315=CARTESIAN_POINT('',(0.000281823647776179,0.00977498395894992,0.007));
#8316=CARTESIAN_POINT('',(0.000280617541747067,0.00994952612923237,0.007));
#8317=CARTESIAN_POINT('',(-0.000194235300153528,0.00959569528155648,0.005));
#8318=CARTESIAN_POINT('',(-0.000194235300153528,0.00959569528155648,0.007));
#8319=CARTESIAN_POINT('',(-4.06961296146109E-5,0.00959675625449495,0.005));
#8320=CARTESIAN_POINT('',(-4.06961296146109E-5,0.00959675625449495,0.007));
#8321=CARTESIAN_POINT('',(7.70318210084028E-5,0.00962690294396181,0.005));
#8322=CARTESIAN_POINT('',(7.70318210084028E-5,0.00962690294396181,0.007));
#8323=CARTESIAN_POINT('',(0.000158948551715513,0.00968613534995705,0.005));
#8324=CARTESIAN_POINT('',(0.000158948551715513,0.00968613534995705,0.007));
#8325=CARTESIAN_POINT('',(-0.000194240998457251,0.00959516939513316,0.007));
#8326=CARTESIAN_POINT('',(-0.000194240998457251,0.00959516939513316,0.00633333333333333));
#8327=CARTESIAN_POINT('',(-0.000194240998457251,0.00959516939513316,0.00566666666666667));
#8328=CARTESIAN_POINT('',(-0.000194240998457251,0.00959516939513316,0.005));
#8329=CARTESIAN_POINT('',(-0.000194235300153528,0.00959569528155648,0.007));
#8330=CARTESIAN_POINT('',(-0.000194235300153528,0.00959569528155648,0.007));
#8331=CARTESIAN_POINT('',(3.60734556548477E-5,0.00959728674096419,0.007));
#8332=CARTESIAN_POINT('',(0.000158948551715513,0.00968613534995705,0.007));
#8333=CARTESIAN_POINT('',(-0.000175869341528893,0.0112906572846976,0.005));
#8334=CARTESIAN_POINT('',(-0.000619292800899308,0.00965407782218503,0.005));
#8335=CARTESIAN_POINT('',(-0.000619292800899308,0.00965407782218503,0.00566666666666667));
#8336=CARTESIAN_POINT('',(-0.000619292800899308,0.00965407782218503,0.00633333333333333));
#8337=CARTESIAN_POINT('',(-0.000619292800899308,0.00965407782218503,0.007));
#8338=CARTESIAN_POINT('',(-0.000619423249436106,0.00965359636503221,0.007));
#8339=CARTESIAN_POINT('',(-0.000175869341528893,0.0112906572846976,0.007));
#8340=CARTESIAN_POINT('',(-0.00118759845732195,0.00986043451268538,0.005));
#8341=CARTESIAN_POINT('',(-0.00118759845732195,0.00986043451268538,0.007));
#8342=CARTESIAN_POINT('',(-0.000963841481890363,0.00976203061707537,0.005));
#8343=CARTESIAN_POINT('',(-0.000963841481890363,0.00976203061707537,0.007));
#8344=CARTESIAN_POINT('',(-0.000774449745928417,0.00969308456785765,0.005));
#8345=CARTESIAN_POINT('',(-0.000774449745928417,0.00969308456785765,0.007));
#8346=CARTESIAN_POINT('',(-0.000619423249436106,0.00965359636503221,0.005));
#8347=CARTESIAN_POINT('',(-0.000619423249436106,0.00965359636503221,0.007));
#8348=CARTESIAN_POINT('',(-0.00118759845732195,0.00986043451268538,0.005));
#8349=CARTESIAN_POINT('',(-0.00118759845732194,0.00986043451268538,0.007));
#8350=CARTESIAN_POINT('',(-0.00118759845732195,0.00986043451268538,0.007));
#8351=CARTESIAN_POINT('',(-0.000851962994174572,0.00971282866927037,0.007));
#8352=CARTESIAN_POINT('',(-0.000619423249436106,0.00965359636503221,0.007));
#8353=CARTESIAN_POINT('',(-0.00118534639212236,0.00953452589597541,0.005));
#8354=CARTESIAN_POINT('',(-0.00118309432692277,0.00920861727926544,0.005));
#8355=CARTESIAN_POINT('',(-0.00118309432692277,0.00920861727926545,0.007));
#8356=CARTESIAN_POINT('',(-0.0011934663383142,0.0107096075195575,0.007));
#8357=CARTESIAN_POINT('',(-0.00024454472688326,0.00901520259961281,0.005));
#8358=CARTESIAN_POINT('',(-0.00024454472688326,0.00901520259961281,0.007));
#8359=CARTESIAN_POINT('',(-0.000597974515670956,0.00901276036001859,0.005));
#8360=CARTESIAN_POINT('',(-0.000597974515670956,0.00901276036001859,0.007));
#8361=CARTESIAN_POINT('',(-0.000910824382350794,0.0090772319199028,0.005));
#8362=CARTESIAN_POINT('',(-0.000910824382350794,0.0090772319199028,0.007));
#8363=CARTESIAN_POINT('',(-0.00118309432692277,0.00920861727926544,0.005));
#8364=CARTESIAN_POINT('',(-0.00118309432692277,0.00920861727926544,0.007));
#8365=CARTESIAN_POINT('',(-0.00024454472688326,0.00901520259961281,0.005));
#8366=CARTESIAN_POINT('',(-0.00024454472688326,0.00901520259961281,0.007));
#8367=CARTESIAN_POINT('',(-0.00024454472688326,0.00901520259961281,0.007));
#8368=CARTESIAN_POINT('',(-0.000774689410064804,0.00901153924022148,0.007));
#8369=CARTESIAN_POINT('',(-0.00118309432692277,0.00920861727926544,0.007));
#8370=CARTESIAN_POINT('',(0.000650644074342608,0.00927959283207234,0.005));
#8371=CARTESIAN_POINT('',(0.000650644074342608,0.00927959283207234,0.007));
#8372=CARTESIAN_POINT('',(0.000436733811378701,0.00910597843665972,0.005));
#8373=CARTESIAN_POINT('',(0.000436733811378701,0.00910597843665972,0.007));
#8374=CARTESIAN_POINT('',(0.000138337544303411,0.00901784835917321,0.005));
#8375=CARTESIAN_POINT('',(0.000138337544303411,0.00901784835917321,0.007));
#8376=CARTESIAN_POINT('',(-0.00024454472688326,0.00901520259961281,0.005));
#8377=CARTESIAN_POINT('',(-0.00024454472688326,0.00901520259961281,0.007));
#8378=CARTESIAN_POINT('',(0.000650644074342608,0.00927959283207234,0.005));
#8379=CARTESIAN_POINT('',(0.000650644074342607,0.00927959283207234,0.007));
#8380=CARTESIAN_POINT('',(0.000650644074342608,0.00927959283207234,0.007));
#8381=CARTESIAN_POINT('',(0.000329778679896747,0.00901917123895341,0.007));
#8382=CARTESIAN_POINT('',(-0.00024454472688326,0.00901520259961281,0.007));
#8383=CARTESIAN_POINT('',(0.000968411627991705,0.00998831983351009,0.005));
#8384=CARTESIAN_POINT('',(0.000968411627991705,0.00998831983351009,0.007));
#8385=CARTESIAN_POINT('',(0.000970476855189548,0.00968944956129754,0.005));
#8386=CARTESIAN_POINT('',(0.000970476855189548,0.00968944956129754,0.007));
#8387=CARTESIAN_POINT('',(0.000864554337306515,0.00945320722748496,0.005));
#8388=CARTESIAN_POINT('',(0.000864554337306515,0.00945320722748496,0.007));
#8389=CARTESIAN_POINT('',(0.000650644074342608,0.00927959283207234,0.005));
#8390=CARTESIAN_POINT('',(0.000650644074342608,0.00927959283207234,0.007));
#8391=CARTESIAN_POINT('',(0.000968411627991705,0.00998831983351009,0.005));
#8392=CARTESIAN_POINT('',(0.000968411627991705,0.00998831983351009,0.007));
#8393=CARTESIAN_POINT('',(0.000968411627991705,0.00998831983351009,0.007));
#8394=CARTESIAN_POINT('',(0.000971509468788469,0.00954001442519127,0.007));
#8395=CARTESIAN_POINT('',(0.000650644074342608,0.00927959283207234,0.007));
#8396=CARTESIAN_POINT('',(0.000792628339854584,0.0105335713575607,0.005));
#8397=CARTESIAN_POINT('',(0.000792628339854584,0.0105335713575607,0.007));
#8398=CARTESIAN_POINT('',(0.000908325830991606,0.010385894269926,0.005));
#8399=CARTESIAN_POINT('',(0.000908325830991606,0.010385894269926,0.007));
#8400=CARTESIAN_POINT('',(0.000966920260370646,0.0102041437619091,0.005));
#8401=CARTESIAN_POINT('',(0.000966920260370646,0.0102041437619091,0.007));
#8402=CARTESIAN_POINT('',(0.000968411627991705,0.00998831983351009,0.005));
#8403=CARTESIAN_POINT('',(0.000968411627991705,0.00998831983351009,0.007));
#8404=CARTESIAN_POINT('',(0.000792628339854584,0.0105335713575607,0.005));
#8405=CARTESIAN_POINT('',(0.000792628339854584,0.0105335713575607,0.007));
#8406=CARTESIAN_POINT('',(0.000792628339854584,0.0105335713575607,0.007));
#8407=CARTESIAN_POINT('',(0.000966174576560117,0.0103120557261087,0.007));
#8408=CARTESIAN_POINT('',(0.000968411627991705,0.00998831983351009,0.007));
#8409=CARTESIAN_POINT('',(0.000153306975754916,0.0109742211479839,0.005));
#8410=CARTESIAN_POINT('',(0.000153306975754916,0.0109742211479839,0.007));
#8411=CARTESIAN_POINT('',(0.000463823727351007,0.0108281317086698,0.005));
#8412=CARTESIAN_POINT('',(0.000463823727351007,0.0108281317086698,0.007));
#8413=CARTESIAN_POINT('',(0.000676930848717563,0.0106812484451954,0.005));
#8414=CARTESIAN_POINT('',(0.000676930848717563,0.0106812484451954,0.007));
#8415=CARTESIAN_POINT('',(0.000792628339854584,0.0105335713575607,0.005));
#8416=CARTESIAN_POINT('',(0.000792628339854584,0.0105335713575607,0.007));
#8417=CARTESIAN_POINT('',(0.000153306975754916,0.0109742211479839,0.007));
#8418=CARTESIAN_POINT('',(0.000619082103149052,0.0107550869890127,0.007));
#8419=CARTESIAN_POINT('',(0.000792628339854584,0.0105335713575607,0.007));
#8420=CARTESIAN_POINT('',(-7.12543347762176E-5,0.010717362130728,0.007));
#8421=CARTESIAN_POINT('',(0.0039426387021254,0.0117331535153144,0.005));
#8422=CARTESIAN_POINT('',(0.00434720616454942,0.0115911631183026,0.005));
#8423=CARTESIAN_POINT('',(0.00434720616454942,0.0115911631183026,0.007));
#8424=CARTESIAN_POINT('',(0.00353807123970138,0.0118751439123263,0.005));
#8425=CARTESIAN_POINT('',(0.00353807123970138,0.0118751439123263,0.007));
#8426=CARTESIAN_POINT('',(0.00408649250422043,0.0116826653758364,0.007));
#8427=CARTESIAN_POINT('',(0.00243670362282608,0.0105008829264975,0.005));
#8428=CARTESIAN_POINT('',(0.00133533600595079,0.00912662194066875,0.005));
#8429=CARTESIAN_POINT('',(0.00133533600595079,0.00912662194066875,0.007));
#8430=CARTESIAN_POINT('',(0.00243670362282608,0.0105008829264975,0.007));
#8431=CARTESIAN_POINT('',(0.0016920660995071,0.00900142094870897,0.005));
#8432=CARTESIAN_POINT('',(0.00204879619306341,0.00887621995674918,0.005));
#8433=CARTESIAN_POINT('',(0.00204879619306341,0.00887621995674919,0.007));
#8434=CARTESIAN_POINT('',(0.00298606692737852,0.00854726754205026,0.007));
#8435=CARTESIAN_POINT('',(0.00229237506300535,0.00920828970143365,0.005));
#8436=CARTESIAN_POINT('',(0.00253595393294729,0.00954035944611811,0.005));
#8437=CARTESIAN_POINT('',(0.00253595393294729,0.00954035944611811,0.007));
#8438=CARTESIAN_POINT('',(0.00229237506300535,0.00920828970143365,0.007));
#8439=CARTESIAN_POINT('',(0.00310521862247297,0.00934056552599838,0.005));
#8440=CARTESIAN_POINT('',(0.00367448331199866,0.00914077160587865,0.005));
#8441=CARTESIAN_POINT('',(0.00367448331199866,0.00914077160587866,0.007));
#8442=CARTESIAN_POINT('',(0.00324702225161652,0.00929079693245115,0.007));
#8443=CARTESIAN_POINT('',(0.00365710685770258,0.00872931196016222,0.005));
#8444=CARTESIAN_POINT('',(0.00363973040340651,0.00831785231444579,0.005));
#8445=CARTESIAN_POINT('',(0.00363973040340651,0.00831785231444579,0.007));
#8446=CARTESIAN_POINT('',(0.00365710685770258,0.00872931196016222,0.007));
#8447=CARTESIAN_POINT('',(0.00399646049696282,0.00819265132248601,0.005));
#8448=CARTESIAN_POINT('',(0.00435319059051913,0.00806745033052623,0.005));
#8449=CARTESIAN_POINT('',(0.00435319059051913,0.00806745033052623,0.007));
#8450=CARTESIAN_POINT('',(0.00298606692737852,0.00854726754205026,0.007));
#8451=CARTESIAN_POINT('',(0.00731296754511821,0.0108797744326491,0.00500000000000487));
#8452=CARTESIAN_POINT('',(0.00377488589752144,0.0112470066408108,0.007));
#8453=CARTESIAN_POINT('',(0.00377488589752144,0.0112470066408108,0.00633333333333333));
#8454=CARTESIAN_POINT('',(0.00377488589752144,0.0112470066408108,0.00566666666666667));
#8455=CARTESIAN_POINT('',(0.00377488589752144,0.0112470066408108,0.005));
#8456=CARTESIAN_POINT('',(0.00377507972910391,0.0112469865222247,0.005));
#8457=CARTESIAN_POINT('',(0.00377507972910391,0.0112469865222247,0.007));
#8458=CARTESIAN_POINT('',(0.00731296754511821,0.0108797744326491,0.005));
#8459=CARTESIAN_POINT('',(0.00375824061061089,0.0110179675041781,0.00500000024999991));
#8460=CARTESIAN_POINT('',(0.00375791760206182,0.0110179796340493,0.00699999975000009));
#8461=CARTESIAN_POINT('',(0.00375791760206182,0.0110179796340493,0.00633333325000003));
#8462=CARTESIAN_POINT('',(0.00375791760206182,0.0110179796340493,0.00566666674999997));
#8463=CARTESIAN_POINT('',(0.00375791760206182,0.0110179796340493,0.00500000024999991));
#8464=CARTESIAN_POINT('',(0.00375824061061089,0.0110179675041781,0.00699999975000009));
#8465=CARTESIAN_POINT('',(0.00731296754511821,0.0108797744326491,0.007));
#8466=CARTESIAN_POINT('',(0.00373990731601433,0.0105383804431151,0.00499999999849024));
#8467=CARTESIAN_POINT('',(0.00373990731601433,0.0105383804431151,0.005));
#8468=CARTESIAN_POINT('',(0.00371035583068936,0.00975144855233926,0.005));
#8469=CARTESIAN_POINT('',(0.00371035583068936,0.00975144855233926,0.005));
#8470=CARTESIAN_POINT('',(0.00371035583068936,0.00975144855233926,0.007));
#8471=CARTESIAN_POINT('',(0.00373990731601433,0.0105383804431151,0.007));
#8472=CARTESIAN_POINT('',(0.00330407606698002,0.00989403991300215,0.005));
#8473=CARTESIAN_POINT('',(0.00330407606698002,0.00989403991300215,0.005));
#8474=CARTESIAN_POINT('',(0.00289745843160453,0.0100367498559448,0.005));
#8475=CARTESIAN_POINT('',(0.00289745843160453,0.0100367498559448,0.005));
#8476=CARTESIAN_POINT('',(0.00289745843160453,0.0100367498559448,0.007));
#8477=CARTESIAN_POINT('',(0.00344177935022063,0.00984571041131653,0.007));
#8478=CARTESIAN_POINT('',(0.00377507972910391,0.0112469865222247,0.005));
#8479=CARTESIAN_POINT('',(0.00377507972910391,0.0112469865222247,0.007));
#8480=CARTESIAN_POINT('',(0.003664193909921,0.0110812185333988,0.005));
#8481=CARTESIAN_POINT('',(0.003664193909921,0.0110812185333988,0.007));
#8482=CARTESIAN_POINT('',(0.00337165347742121,0.0106778063113055,0.005));
#8483=CARTESIAN_POINT('',(0.00337165347742121,0.0106778063113055,0.007));
#8484=CARTESIAN_POINT('',(0.00289745843160453,0.0100367498559448,0.005));
#8485=CARTESIAN_POINT('',(0.00289745843160453,0.0100367498559448,0.007));
#8486=CARTESIAN_POINT('',(0.00377507972910391,0.0112469865222247,0.005));
#8487=CARTESIAN_POINT('',(0.00360875100032955,0.0109983345389859,0.005));
#8488=CARTESIAN_POINT('',(0.00289745843160453,0.0100367498559448,0.005));
#8489=CARTESIAN_POINT('',(0.00377507972910391,0.0112469865222247,0.007));
#8490=CARTESIAN_POINT('',(0.00360875100032955,0.0109983345389859,0.007));
#8491=CARTESIAN_POINT('',(0.00289745843160453,0.0100367498559448,0.007));
#8492=CARTESIAN_POINT('',(0.00435019837753428,0.00982930672441439,0.005));
#8493=CARTESIAN_POINT('',(0.00435019837753428,0.00982930672441439,0.007));
#8494=CARTESIAN_POINT('',(0.00353867820223548,0.0101218003687816,0.007));
#8495=CARTESIAN_POINT('',(0.,0.,0.005));
#8496=CARTESIAN_POINT('',(0.013101183685522,-0.000781465412865859,0.005));
#8497=CARTESIAN_POINT('',(0.0114057889777504,0.00234596447266109,0.005));
#8498=CARTESIAN_POINT('',(0.0116113289636771,0.00244836861154191,0.005));
#8499=CARTESIAN_POINT('',(0.0116113289636771,0.00244836861154191,0.005));
#8500=CARTESIAN_POINT('',(0.0113126102304623,0.0024644984971844,0.005));
#8501=CARTESIAN_POINT('',(0.0101226680357842,0.00258541083860345,0.005));
#8502=CARTESIAN_POINT('',(0.0101226680357842,0.00258541083860345,0.005));
#8503=CARTESIAN_POINT('',(0.0102074705068271,0.00216290335923998,0.005));
#8504=CARTESIAN_POINT('',(0.0102922025127704,0.00174074695492489,0.005));
#8505=CARTESIAN_POINT('',(0.0109840096345286,0.00211696231517685,0.005));
#8506=CARTESIAN_POINT('',(0.,2.29621274840129E-18,0.005));
#8507=CARTESIAN_POINT('',(0.,2.29621274840129E-18,0.004));
#8508=CARTESIAN_POINT('',(0.0375,2.29621274840129E-18,0.004));
#8509=CARTESIAN_POINT('',(0.,2.29621274840129E-18,0.));
#8510=CARTESIAN_POINT('',(0.0375,2.29621274840129E-18,0.));
#8511=CARTESIAN_POINT('',(0.,0.,0.));
#8512=CARTESIAN_POINT('',(-0.024,3.67394039744206E-19,0.0025));
#8513=CARTESIAN_POINT('',(-0.024,3.67394039744206E-19,0.004));
#8514=CARTESIAN_POINT('',(-0.018,3.67394039744206E-19,0.004));
#8515=CARTESIAN_POINT('',(-0.024,3.67394039744206E-19,0.0025));
#8516=CARTESIAN_POINT('',(-0.018,3.67394039744206E-19,0.0025));
#8517=CARTESIAN_POINT('',(0.,0.,0.0025));
#8518=CARTESIAN_POINT('',(-0.012,-0.0207846096908266,0.0025));
#8519=CARTESIAN_POINT('',(-0.012,-0.0207846096908266,0.004));
#8520=CARTESIAN_POINT('',(-0.006,-0.0207846096908266,0.004));
#8521=CARTESIAN_POINT('',(-0.012,-0.0207846096908266,0.0025));
#8522=CARTESIAN_POINT('',(-0.006,-0.0207846096908266,0.0025));
#8523=CARTESIAN_POINT('',(0.,0.,0.0025));
#8524=CARTESIAN_POINT('',(0.012,-0.0207846096908266,0.0025));
#8525=CARTESIAN_POINT('',(0.012,-0.0207846096908266,0.004));
#8526=CARTESIAN_POINT('',(0.018,-0.0207846096908266,0.004));
#8527=CARTESIAN_POINT('',(0.012,-0.0207846096908266,0.0025));
#8528=CARTESIAN_POINT('',(0.018,-0.0207846096908266,0.0025));
#8529=CARTESIAN_POINT('',(0.,0.,0.0025));
#8530=CARTESIAN_POINT('',(0.024,-3.30654635769785E-18,0.0025));
#8531=CARTESIAN_POINT('',(0.024,-3.30654635769785E-18,0.004));
#8532=CARTESIAN_POINT('',(0.03,-3.30654635769785E-18,0.004));
#8533=CARTESIAN_POINT('',(0.024,-3.30654635769785E-18,0.0025));
#8534=CARTESIAN_POINT('',(0.03,-3.30654635769785E-18,0.0025));
#8535=CARTESIAN_POINT('',(0.,0.,0.0025));
#8536=CARTESIAN_POINT('',(0.012,0.0207846096908265,0.0025));
#8537=CARTESIAN_POINT('',(0.012,0.0207846096908265,0.004));
#8538=CARTESIAN_POINT('',(0.018,0.0207846096908265,0.004));
#8539=CARTESIAN_POINT('',(0.012,0.0207846096908265,0.0025));
#8540=CARTESIAN_POINT('',(0.018,0.0207846096908265,0.0025));
#8541=CARTESIAN_POINT('',(0.,0.,0.0025));
#8542=CARTESIAN_POINT('',(-0.012,0.0207846096908266,0.0025));
#8543=CARTESIAN_POINT('',(-0.012,0.0207846096908266,0.004));
#8544=CARTESIAN_POINT('',(-0.006,0.0207846096908266,0.004));
#8545=CARTESIAN_POINT('',(-0.012,0.0207846096908266,0.0025));
#8546=CARTESIAN_POINT('',(-0.006,0.0207846096908266,0.0025));
#8547=CARTESIAN_POINT('',(0.,0.,0.0025));
#8548=CARTESIAN_POINT('',(0.,2.11251572852918E-19,0.0255));
#8549=CARTESIAN_POINT('',(0.,2.11251572852918E-19,0.0255));
#8550=CARTESIAN_POINT('',(0.00345,2.11251572852918E-19,0.0255));
#8551=CARTESIAN_POINT('',(0.,4.89858719658941E-19,0.0275));
#8552=CARTESIAN_POINT('',(0.,4.89858719658941E-19,0.0275));
#8553=CARTESIAN_POINT('',(0.005,4.89858719658941E-19,0.0275));
#8554=CARTESIAN_POINT('',(0.,4.89858719658941E-19,0.0255));
#8555=CARTESIAN_POINT('',(0.005,4.89858719658941E-19,0.0255));
#8556=CARTESIAN_POINT('',(0.,0.,0.0275));
#8557=CARTESIAN_POINT('',(0.,2.11251572852918E-19,0.0275));
#8558=CARTESIAN_POINT('',(0.00345,2.11251572852918E-19,0.0275));
#8559=CARTESIAN_POINT('',(0.,0.,0.0255));
#8560=CARTESIAN_POINT('',(0.,2.11251572852918E-19,0.0335));
#8561=CARTESIAN_POINT('',(0.,2.11251572852918E-19,0.0325));
#8562=CARTESIAN_POINT('',(0.00345,2.11251572852918E-19,0.0325));
#8563=CARTESIAN_POINT('',(0.,8.67361737988404E-19,0.0335));
#8564=CARTESIAN_POINT('',(0.,2.11251572852918E-19,0.0335));
#8565=CARTESIAN_POINT('',(0.00245,2.11251572852918E-19,0.0335));
#8566=CARTESIAN_POINT('',(0.,2.29621274840129E-18,0.004));
#8567=CARTESIAN_POINT('',(0.,2.11251572852918E-19,0.0325));
#8568=CARTESIAN_POINT('',(0.024,-3.30654635769785E-18,0.004));
#8569=CARTESIAN_POINT('',(0.012,-0.0207846096908266,0.004));
#8570=CARTESIAN_POINT('',(-0.012,-0.0207846096908266,0.004));
#8571=CARTESIAN_POINT('',(-0.024,3.67394039744206E-19,0.004));
#8572=CARTESIAN_POINT('',(-0.012,0.0207846096908266,0.004));
#8573=CARTESIAN_POINT('',(0.012,0.0207846096908265,0.004));
#8574=CARTESIAN_POINT('',(0.0105230683548573,0.00207739905875189,0.007));
#8575=CARTESIAN_POINT('',(0.0102361893268526,0.00201981889353957,0.007));
#8576=CARTESIAN_POINT('',(0.0101226680357842,0.00258541083860345,0.007));
#8577=CARTESIAN_POINT('',(0.0102922025127704,0.00174074695492489,0.007));
#8578=CARTESIAN_POINT('',(0.0116113289636771,0.00244836861154191,0.007));
#8579=CARTESIAN_POINT('',(0.0113126102304623,0.0024644984971844,0.007));
#8580=CARTESIAN_POINT('',(0.0101226680357842,0.00258541083860345,0.007));
#8581=CARTESIAN_POINT('',(0.0116113289636771,0.00244836861154191,0.007));
#8582=CARTESIAN_POINT('',(0.013101183685522,-0.000781465412865859,0.007));
#8583=CARTESIAN_POINT('',(0.0114057891209565,0.00234596455007529,0.0069999999999997));
#8584=CARTESIAN_POINT('',(0.0109840096345286,0.00211696231517685,0.007));
#8585=CARTESIAN_POINT('',(0.00888700577930534,0.00174902108684801,0.007));
#8586=CARTESIAN_POINT('',(0.00917212736471928,0.000328472830601581,0.007));
#8587=CARTESIAN_POINT('',(0.00902333109620033,0.00106981368514858,0.007));
#8588=CARTESIAN_POINT('',(0.0106857148560648,0.00123024875180681,0.007));
#8589=CARTESIAN_POINT('',(0.0121993023474103,0.00213202467301204,0.007));
#8590=CARTESIAN_POINT('',(0.0121449289983299,0.00240292652742744,0.007));
#8591=CARTESIAN_POINT('',(0.012030552556293,0.00297277905211514,0.007));
#8592=CARTESIAN_POINT('',(0.0102866444040983,0.00321851924292902,0.007));
#8593=CARTESIAN_POINT('',(0.0085427362519035,0.0034642594337429,0.007));
#8594=CARTESIAN_POINT('',(0.00888700577930534,0.00174902108684801,0.007));
#8595=CARTESIAN_POINT('',(0.00869153252042245,0.0027229185791959,0.007));
#8596=CARTESIAN_POINT('',(0.00910141298719779,0.00268293127904914,0.007));
#8597=CARTESIAN_POINT('',(0.00951129345397313,0.00264294397890237,0.007));
#8598=CARTESIAN_POINT('',(0.00965959088442712,0.00190408846246929,0.007));
#8599=CARTESIAN_POINT('',(0.00974874037289321,0.00145992303668466,0.007));
#8600=CARTESIAN_POINT('',(0.00938603573454677,0.00126486836091662,0.007));
#8601=CARTESIAN_POINT('',(0.0106857148560648,0.00123024875180681,0.005));
#8602=CARTESIAN_POINT('',(0.0121993023474103,0.00213202467301204,0.005));
#8603=CARTESIAN_POINT('',(0.00917212736471928,0.000328472830601579,0.005));
#8604=CARTESIAN_POINT('',(0.0116113289636771,0.00244836861154191,0.005));
#8605=CARTESIAN_POINT('',(0.0116113289636771,0.00244836861154191,0.007));
#8606=CARTESIAN_POINT('',(0.0114121831415339,0.0024591218686369,0.005));
#8607=CARTESIAN_POINT('',(0.0114121831415339,0.0024591218686369,0.007));
#8608=CARTESIAN_POINT('',(0.0109159628322363,0.00250480261099075,0.005));
#8609=CARTESIAN_POINT('',(0.0109159628322363,0.00250480261099075,0.007));
#8610=CARTESIAN_POINT('',(0.0101226680357842,0.00258541083860345,0.005));
#8611=CARTESIAN_POINT('',(0.0101226680357842,0.00258541083860345,0.007));
#8612=CARTESIAN_POINT('',(0.0116112473384494,0.00244854556566612,0.007));
#8613=CARTESIAN_POINT('',(0.0116112473384494,0.00244854556566612,0.00633333333333333));
#8614=CARTESIAN_POINT('',(0.0116112473384494,0.00244854556566612,0.00566666666666667));
#8615=CARTESIAN_POINT('',(0.0116112473384494,0.00244854556566612,0.005));
#8616=CARTESIAN_POINT('',(0.0101226680357842,0.00258541083860345,0.005));
#8617=CARTESIAN_POINT('',(0.0102074705068271,0.00216290335923998,0.005));
#8618=CARTESIAN_POINT('',(0.0102922025127704,0.00174074695492489,0.005));
#8619=CARTESIAN_POINT('',(0.0109840096345286,0.00211696231517685,0.00499999999849024));
#8620=CARTESIAN_POINT('',(0.0114056347872014,0.00234624856233331,0.007));
#8621=CARTESIAN_POINT('',(0.0114056347872014,0.00234624856233331,0.00633333333333333));
#8622=CARTESIAN_POINT('',(0.0114056347872014,0.00234624856233331,0.00566666666666667));
#8623=CARTESIAN_POINT('',(0.0114056347872014,0.00234624856233331,0.005));
#8624=CARTESIAN_POINT('',(0.013101183685522,-0.000781465412865859,0.005));
#8625=CARTESIAN_POINT('',(0.00909772923045981,0.000699143257875078,0.005));
#8626=CARTESIAN_POINT('',(0.00902333109620033,0.00106981368514858,0.005));
#8627=CARTESIAN_POINT('',(0.00938603573454677,0.00126486836091662,0.005));
#8628=CARTESIAN_POINT('',(0.00974874037289321,0.00145992303668466,0.005));
#8629=CARTESIAN_POINT('',(0.00963001691343317,0.00205143350779352,0.005));
#8630=CARTESIAN_POINT('',(0.00951129345397312,0.00264294397890238,0.005));
#8631=CARTESIAN_POINT('',(0.00910141298719779,0.00268293127904914,0.005));
#8632=CARTESIAN_POINT('',(0.00869153252042245,0.0027229185791959,0.005));
#8633=CARTESIAN_POINT('',(0.00861713438616298,0.0030935890064694,0.005));
#8634=CARTESIAN_POINT('',(0.0085427362519035,0.0034642594337429,0.005));
#8635=CARTESIAN_POINT('',(0.0102866444040983,0.00321851924292902,0.005));
#8636=CARTESIAN_POINT('',(0.012030552556293,0.00297277905211514,0.005));
#8637=CARTESIAN_POINT('',(0.0121149274518517,0.0025524018625636,0.005));
#8638=CARTESIAN_POINT('',(0.00905460596232181,0.00574864880690148,0.007));
#8639=CARTESIAN_POINT('',(0.00960289571725208,0.00667755338933157,0.007));
#8640=CARTESIAN_POINT('',(0.00999611313395781,0.00733098404086678,0.007));
#8641=CARTESIAN_POINT('',(0.00920967830054634,0.00602412273779637,0.007));
#8642=CARTESIAN_POINT('',(0.0104421546422132,0.00662373240690008,0.007));
#8643=CARTESIAN_POINT('',(0.00959044523991872,0.00797421852823363,0.007));
#8644=CARTESIAN_POINT('',(0.0090189141942111,0.00696472410926865,0.007));
#8645=CARTESIAN_POINT('',(0.00844738314850348,0.00595522969030368,0.007));
#8646=CARTESIAN_POINT('',(0.00878860372894475,0.00617042684933203,0.007));
#8647=CARTESIAN_POINT('',(0.00737716348237977,0.00528027558469769,0.007));
#8648=CARTESIAN_POINT('',(0.00764316571575683,0.00485849754226714,0.007));
#8649=CARTESIAN_POINT('',(0.00774883254339463,0.00469095027341492,0.007));
#8650=CARTESIAN_POINT('',(0.00916027278995961,0.00558110153804925,0.007));
#8651=CARTESIAN_POINT('',(0.0088380429420025,0.00537788124065444,0.007));
#8652=CARTESIAN_POINT('',(0.00998578579038543,0.00545267914989965,0.007));
#8653=CARTESIAN_POINT('',(0.0111335286387683,0.00552747705914485,0.007));
#8654=CARTESIAN_POINT('',(0.0104421546422132,0.00662373240690008,0.007));
#8655=CARTESIAN_POINT('',(0.0107301788469809,0.00616703592086961,0.007));
#8656=CARTESIAN_POINT('',(0.00996992857376363,0.00609557932933299,0.007));
#8657=CARTESIAN_POINT('',(0.00979327918693826,0.00765260128455021,0.005));
#8658=CARTESIAN_POINT('',(0.00959044523991872,0.00797421852823363,0.005));
#8659=CARTESIAN_POINT('',(0.00999611313395781,0.00733098404086678,0.005));
#8660=CARTESIAN_POINT('',(0.00960289571725208,0.00667755338933157,0.005));
#8661=CARTESIAN_POINT('',(0.00920967830054634,0.00602412273779637,0.005));
#8662=CARTESIAN_POINT('',(0.00996992857376363,0.00609557932933299,0.005));
#8663=CARTESIAN_POINT('',(0.0107301788469809,0.00616703592086961,0.005));
#8664=CARTESIAN_POINT('',(0.0109318537428746,0.00584725649000723,0.005));
#8665=CARTESIAN_POINT('',(0.0111335286387683,0.00552747705914485,0.005));
#8666=CARTESIAN_POINT('',(0.00998578579038543,0.00545267914989965,0.005));
#8667=CARTESIAN_POINT('',(0.0088380429420025,0.00537788124065444,0.005));
#8668=CARTESIAN_POINT('',(0.00829343774269856,0.00503441575703468,0.005));
#8669=CARTESIAN_POINT('',(0.00774883254339463,0.00469095027341492,0.005));
#8670=CARTESIAN_POINT('',(0.0075629980128872,0.0049856129290563,0.005));
#8671=CARTESIAN_POINT('',(0.00737716348237977,0.00528027558469769,0.005));
#8672=CARTESIAN_POINT('',(0.00791227331544162,0.00561775263750068,0.005));
#8673=CARTESIAN_POINT('',(0.00844738314850348,0.00595522969030368,0.005));
#8674=CARTESIAN_POINT('',(0.0090189141942111,0.00696472410926865,0.005));
#8675=CARTESIAN_POINT('',(0.00672446887659597,0.0083431407121952,0.007));
#8676=CARTESIAN_POINT('',(0.0072789404987582,0.00765565722581498,0.007));
#8677=CARTESIAN_POINT('',(0.00727390400181116,0.0073742996153781,0.007));
#8678=CARTESIAN_POINT('',(0.00707145699401374,0.00712166323322072,0.007));
#8679=CARTESIAN_POINT('',(0.0072789404987582,0.00765565722581498,0.007));
#8680=CARTESIAN_POINT('',(0.00707145699401374,0.00712166323322073,0.007));
#8681=CARTESIAN_POINT('',(0.00706073607944333,0.00840083564457503,0.007));
#8682=CARTESIAN_POINT('',(0.00728397699570524,0.00793701483625185,0.007));
#8683=CARTESIAN_POINT('',(0.0072789404987582,0.00765565722581498,0.007));
#8684=CARTESIAN_POINT('',(0.00706073607944333,0.00840083564457503,0.007));
#8685=CARTESIAN_POINT('',(0.00685892539049842,0.00885954902617252,0.007));
#8686=CARTESIAN_POINT('',(0.00689180822672976,0.00875059706751083,0.007));
#8687=CARTESIAN_POINT('',(0.00706073607944333,0.00840083564457503,0.007));
#8688=CARTESIAN_POINT('',(0.00685892539049842,0.00885954902617252,0.007));
#8689=CARTESIAN_POINT('',(0.00731260928459656,0.00901431281956579,0.007));
#8690=CARTESIAN_POINT('',(0.00683537650255148,0.00904945248142699,0.00699999975000011));
#8691=CARTESIAN_POINT('',(0.00713263449290037,0.00900890876667221,0.007));
#8692=CARTESIAN_POINT('',(0.00690348573972903,0.00920252252652828,0.007));
#8693=CARTESIAN_POINT('',(0.00714811779533597,0.00902053163274629,0.007));
#8694=CARTESIAN_POINT('',(0.00713761238601678,0.00932488362763161,0.007));
#8695=CARTESIAN_POINT('',(0.00743409061927961,0.00920610246348314,0.007));
#8696=CARTESIAN_POINT('',(0.00727866555195684,0.00933065039892898,0.007));
#8697=CARTESIAN_POINT('',(0.00713761238601678,0.00932488362763161,0.007));
#8698=CARTESIAN_POINT('',(0.00743409061927961,0.00920610246348314,0.007));
#8699=CARTESIAN_POINT('',(0.00655031452424741,0.00811281303524664,0.007));
#8700=CARTESIAN_POINT('',(0.00767300771067179,0.00895977504605056,0.00699999975));
#8701=CARTESIAN_POINT('',(0.00490855507414379,0.00695627510833122,0.007));
#8702=CARTESIAN_POINT('',(0.00791933054180655,0.00856692410110749,0.007));
#8703=CARTESIAN_POINT('',(0.0081787431098341,0.00870962027707234,0.007));
#8704=CARTESIAN_POINT('',(0.0084374490288368,0.00885192774245075,0.007));
#8705=CARTESIAN_POINT('',(0.00544993613577505,0.00729580120544858,0.007));
#8706=CARTESIAN_POINT('',(0.00816274517907516,0.00929245039767227,0.00699999975));
#8707=CARTESIAN_POINT('',(0.00660421881188168,0.00811865414876952,0.007));
#8708=CARTESIAN_POINT('',(0.00781664993948453,0.00964759925716799,0.007));
#8709=CARTESIAN_POINT('',(0.00701767271726397,0.00996625987112847,0.007));
#8710=CARTESIAN_POINT('',(0.0074068929438154,0.00997595290516157,0.007));
#8711=CARTESIAN_POINT('',(0.00781664993948453,0.00964759925716799,0.007));
#8712=CARTESIAN_POINT('',(0.00701767271726397,0.00996625987112847,0.007));
#8713=CARTESIAN_POINT('',(0.00635354122956482,0.00961350132485929,0.007));
#8714=CARTESIAN_POINT('',(0.00662845249071254,0.00995656683709538,0.007));
#8715=CARTESIAN_POINT('',(0.00701767271726397,0.00996625987112847,0.007));
#8716=CARTESIAN_POINT('',(0.00635354122956482,0.00961350132485929,0.007));
#8717=CARTESIAN_POINT('',(0.00702218011416357,0.00904918384691782,0.007));
#8718=CARTESIAN_POINT('',(0.00616931020475474,0.00923933349370825,0.00699999975));
#8719=CARTESIAN_POINT('',(0.00717336130727387,0.0090392553376597,0.007));
#8720=CARTESIAN_POINT('',(0.00616758722940521,0.00884925389728485,0.007));
#8721=CARTESIAN_POINT('',(0.00635104217539253,0.00835141933386568,0.007));
#8722=CARTESIAN_POINT('',(0.00620401768499948,0.00865207306215276,0.007));
#8723=CARTESIAN_POINT('',(0.00616758722940521,0.00884925389728485,0.007));
#8724=CARTESIAN_POINT('',(0.00635104217539253,0.00835141933386568,0.007));
#8725=CARTESIAN_POINT('',(0.00654573950764073,0.00790815129718183,0.007));
#8726=CARTESIAN_POINT('',(0.00650721052027732,0.00802858854665099,0.007));
#8727=CARTESIAN_POINT('',(0.00635104217539253,0.00835141933386568,0.007));
#8728=CARTESIAN_POINT('',(0.00654573950764073,0.00790815129718183,0.007));
#8729=CARTESIAN_POINT('',(0.00597239583571581,0.00770629733354991,0.007));
#8730=CARTESIAN_POINT('',(0.00657936537265985,0.00769439642644999,0.00699999975));
#8731=CARTESIAN_POINT('',(0.00628958354929534,0.0077101824967862,0.007));
#8732=CARTESIAN_POINT('',(0.00651324765974978,0.00752535618052755,0.007));
#8733=CARTESIAN_POINT('',(0.00625270729401287,0.00739769740266941,0.007));
#8734=CARTESIAN_POINT('',(0.00640409837814088,0.0073891473033465,0.007));
#8735=CARTESIAN_POINT('',(0.00651324765974978,0.00752535618052755,0.007));
#8736=CARTESIAN_POINT('',(0.00625270729401287,0.00739769740266941,0.007));
#8737=CARTESIAN_POINT('',(0.00592158831385344,0.00755027020552605,0.007));
#8738=CARTESIAN_POINT('',(0.00610131620988486,0.00740624750199231,0.007));
#8739=CARTESIAN_POINT('',(0.00625270729401287,0.00739769740266941,0.007));
#8740=CARTESIAN_POINT('',(0.00592158831385344,0.00755027020552605,0.007));
#8741=CARTESIAN_POINT('',(0.00700486773297253,0.00885401067074209,0.007));
#8742=CARTESIAN_POINT('',(0.00562798125501564,0.00786325393159739,0.00699999975));
#8743=CARTESIAN_POINT('',(0.00878319775668782,0.0100908765238783,0.007));
#8744=CARTESIAN_POINT('',(0.00531769216340731,0.00838223574687657,0.007));
#8745=CARTESIAN_POINT('',(0.00584871926999002,0.00904491171573457,0.007));
#8746=CARTESIAN_POINT('',(0.00491008073831183,0.00787357189018386,0.007));
#8747=CARTESIAN_POINT('',(0.00551642549079407,0.00713152699182749,0.007));
#8748=CARTESIAN_POINT('',(0.005102712220684,0.00746305095090514,0.007));
#8749=CARTESIAN_POINT('',(0.00491008073831183,0.00787357189018386,0.007));
#8750=CARTESIAN_POINT('',(0.00551642549079407,0.00713152699182749,0.007));
#8751=CARTESIAN_POINT('',(0.00637786289030569,0.00677209578619438,0.007));
#8752=CARTESIAN_POINT('',(0.00596461486674665,0.00677237603616003,0.007));
#8753=CARTESIAN_POINT('',(0.00551642549079407,0.00713152699182749,0.007));
#8754=CARTESIAN_POINT('',(0.00637786289030569,0.00677209578619439,0.007));
#8755=CARTESIAN_POINT('',(0.00707145699401374,0.00712166323322072,0.007));
#8756=CARTESIAN_POINT('',(0.00679111091386474,0.00677181553622874,0.007));
#8757=CARTESIAN_POINT('',(0.00637786289030569,0.00677209578619438,0.007));
#8758=CARTESIAN_POINT('',(0.00706073607944333,0.00840083564457503,0.005));
#8759=CARTESIAN_POINT('',(0.00706073607944333,0.00840083564457503,0.007));
#8760=CARTESIAN_POINT('',(0.00720956335695127,0.00809162177235958,0.005));
#8761=CARTESIAN_POINT('',(0.00720956335695127,0.00809162177235958,0.007));
#8762=CARTESIAN_POINT('',(0.00728229816338956,0.00784322896610623,0.005));
#8763=CARTESIAN_POINT('',(0.00728229816338956,0.00784322896610623,0.007));
#8764=CARTESIAN_POINT('',(0.0072789404987582,0.00765565722581498,0.005));
#8765=CARTESIAN_POINT('',(0.0072789404987582,0.00765565722581498,0.007));
#8766=CARTESIAN_POINT('',(0.00706073607944333,0.00840083564457503,0.005));
#8767=CARTESIAN_POINT('',(0.0072789404987582,0.00765565722581498,0.005));
#8768=CARTESIAN_POINT('',(0.0072789404987582,0.00765565722581498,0.005));
#8769=CARTESIAN_POINT('',(0.0072789404987582,0.00765565722581498,0.007));
#8770=CARTESIAN_POINT('',(0.00727558283412684,0.00746808548552373,0.005));
#8771=CARTESIAN_POINT('',(0.00727558283412684,0.00746808548552373,0.007));
#8772=CARTESIAN_POINT('',(0.00720642166587869,0.00729008748799231,0.005));
#8773=CARTESIAN_POINT('',(0.00720642166587869,0.00729008748799231,0.007));
#8774=CARTESIAN_POINT('',(0.00707145699401374,0.00712166323322072,0.005));
#8775=CARTESIAN_POINT('',(0.00707145699401374,0.00712166323322072,0.007));
#8776=CARTESIAN_POINT('',(0.00707145699401374,0.00712166323322072,0.005));
#8777=CARTESIAN_POINT('',(0.00707145699401374,0.00712166323322072,0.005));
#8778=CARTESIAN_POINT('',(0.00707145699401374,0.00712166323322072,0.007));
#8779=CARTESIAN_POINT('',(0.00688455960724774,0.00688843143522607,0.005));
#8780=CARTESIAN_POINT('',(0.00688455960724774,0.00688843143522607,0.007));
#8781=CARTESIAN_POINT('',(0.00665336157267839,0.00677190895288395,0.005));
#8782=CARTESIAN_POINT('',(0.00665336157267839,0.00677190895288395,0.007));
#8783=CARTESIAN_POINT('',(0.00637786289030569,0.00677209578619438,0.005));
#8784=CARTESIAN_POINT('',(0.00637786289030569,0.00677209578619438,0.007));
#8785=CARTESIAN_POINT('',(0.00637786289030569,0.00677209578619438,0.005));
#8786=CARTESIAN_POINT('',(0.00637786289030569,0.00677209578619438,0.005));
#8787=CARTESIAN_POINT('',(0.00637786289030569,0.00677209578619438,0.007));
#8788=CARTESIAN_POINT('',(0.006102364207933,0.00677228261950481,0.005));
#8789=CARTESIAN_POINT('',(0.006102364207933,0.00677228261950481,0.007));
#8790=CARTESIAN_POINT('',(0.00581521840809579,0.00689209302138252,0.005));
#8791=CARTESIAN_POINT('',(0.00581521840809579,0.00689209302138252,0.007));
#8792=CARTESIAN_POINT('',(0.00551642549079407,0.00713152699182749,0.005));
#8793=CARTESIAN_POINT('',(0.00551642549079407,0.00713152699182749,0.007));
#8794=CARTESIAN_POINT('',(0.00551642549079407,0.00713152699182749,0.005));
#8795=CARTESIAN_POINT('',(0.00551642549079407,0.00713152699182749,0.005));
#8796=CARTESIAN_POINT('',(0.00551642549079407,0.00713152699182749,0.007));
#8797=CARTESIAN_POINT('',(0.00524061664405402,0.00735254296454592,0.005));
#8798=CARTESIAN_POINT('',(0.00524061664405402,0.00735254296454592,0.007));
#8799=CARTESIAN_POINT('',(0.00503850172655994,0.00759989126399805,0.005));
#8800=CARTESIAN_POINT('',(0.00503850172655994,0.00759989126399805,0.007));
#8801=CARTESIAN_POINT('',(0.00491008073831183,0.00787357189018386,0.005));
#8802=CARTESIAN_POINT('',(0.00491008073831183,0.00787357189018386,0.007));
#8803=CARTESIAN_POINT('',(0.00491008073831183,0.00787357189018386,0.005));
#8804=CARTESIAN_POINT('',(0.00511388645085957,0.00812790381853021,0.005));
#8805=CARTESIAN_POINT('',(0.00531823044813474,0.00838290747972947,0.005));
#8806=CARTESIAN_POINT('',(0.00878319775668782,0.0100908765238783,0.005));
#8807=CARTESIAN_POINT('',(0.00562740485330999,0.00786284424042674,0.00699999975));
#8808=CARTESIAN_POINT('',(0.00562740485330999,0.00786284424042674,0.00633333316666667));
#8809=CARTESIAN_POINT('',(0.00562740485330999,0.00786284424042674,0.00566666658333333));
#8810=CARTESIAN_POINT('',(0.00562740485330999,0.00786284424042674,0.005));
#8811=CARTESIAN_POINT('',(0.00700486773297253,0.00885401067074209,0.005));
#8812=CARTESIAN_POINT('',(0.00592125221077967,0.00754986570123102,0.007));
#8813=CARTESIAN_POINT('',(0.00592125221077967,0.00754986570123102,0.00633333333333333));
#8814=CARTESIAN_POINT('',(0.00592125221077967,0.00754986570123102,0.00566666666666667));
#8815=CARTESIAN_POINT('',(0.00592125221077967,0.00754986570123102,0.005));
#8816=CARTESIAN_POINT('',(0.00592158831385344,0.00755027020552605,0.005));
#8817=CARTESIAN_POINT('',(0.00592158831385344,0.00755027020552605,0.007));
#8818=CARTESIAN_POINT('',(0.00604140691120772,0.00745425506983689,0.005));
#8819=CARTESIAN_POINT('',(0.00604140691120772,0.00745425506983689,0.007));
#8820=CARTESIAN_POINT('',(0.0061517799045942,0.00740339746888468,0.005));
#8821=CARTESIAN_POINT('',(0.0061517799045942,0.00740339746888468,0.007));
#8822=CARTESIAN_POINT('',(0.00625270729401287,0.00739769740266941,0.005));
#8823=CARTESIAN_POINT('',(0.00625270729401287,0.00739769740266941,0.007));
#8824=CARTESIAN_POINT('',(0.00625270729401287,0.00739769740266941,0.005));
#8825=CARTESIAN_POINT('',(0.00625270729401287,0.00739769740266941,0.005));
#8826=CARTESIAN_POINT('',(0.00625270729401287,0.00739769740266941,0.007));
#8827=CARTESIAN_POINT('',(0.00635363468343154,0.00739199733645414,0.005));
#8828=CARTESIAN_POINT('',(0.00635363468343154,0.00739199733645414,0.007));
#8829=CARTESIAN_POINT('',(0.00644048147201051,0.00743455026240685,0.005));
#8830=CARTESIAN_POINT('',(0.00644048147201051,0.00743455026240685,0.007));
#8831=CARTESIAN_POINT('',(0.00651324765974978,0.00752535618052755,0.005));
#8832=CARTESIAN_POINT('',(0.00651324765974978,0.00752535618052755,0.007));
#8833=CARTESIAN_POINT('',(0.00651312562941453,0.00752545702110179,0.005));
#8834=CARTESIAN_POINT('',(0.00651312562941453,0.00752545702110179,0.00566666666666667));
#8835=CARTESIAN_POINT('',(0.00651312562941453,0.00752545702110179,0.00633333333333333));
#8836=CARTESIAN_POINT('',(0.00651312562941453,0.00752545702110179,0.007));
#8837=CARTESIAN_POINT('',(0.00628958354929534,0.0077101824967862,0.005));
#8838=CARTESIAN_POINT('',(0.00657914438340195,0.00769440002859116,0.00699999975));
#8839=CARTESIAN_POINT('',(0.00657914438340195,0.00769440002859116,0.00633333316666667));
#8840=CARTESIAN_POINT('',(0.00657914438340195,0.00769440002859116,0.00566666658333333));
#8841=CARTESIAN_POINT('',(0.00657914438340195,0.00769440002859116,0.005));
#8842=CARTESIAN_POINT('',(0.00597239583571581,0.00770629733354991,0.005));
#8843=CARTESIAN_POINT('',(0.00654527766029219,0.00790798869711757,0.007));
#8844=CARTESIAN_POINT('',(0.00654527766029219,0.00790798869711757,0.00633333333333333));
#8845=CARTESIAN_POINT('',(0.00654527766029219,0.00790798869711757,0.00566666666666667));
#8846=CARTESIAN_POINT('',(0.00654527766029219,0.00790798869711757,0.005));
#8847=CARTESIAN_POINT('',(0.00654573950764073,0.00790815129718183,0.005));
#8848=CARTESIAN_POINT('',(0.00654573950764073,0.00790815129718183,0.007));
#8849=CARTESIAN_POINT('',(0.00652005351606512,0.00798844279682794,0.005));
#8850=CARTESIAN_POINT('',(0.00652005351606512,0.00798844279682794,0.007));
#8851=CARTESIAN_POINT('',(0.00645515440531572,0.00813619880905589,0.005));
#8852=CARTESIAN_POINT('',(0.00645515440531572,0.00813619880905589,0.007));
#8853=CARTESIAN_POINT('',(0.00635104217539253,0.00835141933386568,0.005));
#8854=CARTESIAN_POINT('',(0.00635104217539253,0.00835141933386568,0.007));
#8855=CARTESIAN_POINT('',(0.00635104217539253,0.00835141933386568,0.005));
#8856=CARTESIAN_POINT('',(0.00635104217539253,0.00835141933386568,0.005));
#8857=CARTESIAN_POINT('',(0.00635104217539253,0.00835141933386568,0.007));
#8858=CARTESIAN_POINT('',(0.00625302584846383,0.00855185515272373,0.005));
#8859=CARTESIAN_POINT('',(0.00625302584846383,0.00855185515272373,0.007));
#8860=CARTESIAN_POINT('',(0.00619187419980139,0.00871780000719679,0.005));
#8861=CARTESIAN_POINT('',(0.00619187419980139,0.00871780000719679,0.007));
#8862=CARTESIAN_POINT('',(0.00616758722940521,0.00884925389728485,0.005));
#8863=CARTESIAN_POINT('',(0.00616758722940521,0.00884925389728485,0.007));
#8864=CARTESIAN_POINT('',(0.00616767727379489,0.00884927090762953,0.005));
#8865=CARTESIAN_POINT('',(0.00616767727379489,0.00884927090762953,0.00566666666666667));
#8866=CARTESIAN_POINT('',(0.00616767727379489,0.00884927090762953,0.00633333333333333));
#8867=CARTESIAN_POINT('',(0.00616767727379489,0.00884927090762953,0.007));
#8868=CARTESIAN_POINT('',(0.00717336130727387,0.0090392553376597,0.00500000000000002));
#8869=CARTESIAN_POINT('',(0.00616962267997631,0.00923926340479512,0.00699999975));
#8870=CARTESIAN_POINT('',(0.00616962267997631,0.00923926340479512,0.00633333316666667));
#8871=CARTESIAN_POINT('',(0.00616962267997631,0.00923926340479512,0.00566666658333333));
#8872=CARTESIAN_POINT('',(0.00616962267997631,0.00923926340479512,0.005));
#8873=CARTESIAN_POINT('',(0.00702218011416357,0.00904918384691782,0.00500000000000001));
#8874=CARTESIAN_POINT('',(0.00635413759703397,0.0096129980029708,0.007));
#8875=CARTESIAN_POINT('',(0.00635413759703397,0.0096129980029708,0.00633333333333333));
#8876=CARTESIAN_POINT('',(0.00635413759703397,0.0096129980029708,0.00566666666666667));
#8877=CARTESIAN_POINT('',(0.00635413759703397,0.0096129980029708,0.005));
#8878=CARTESIAN_POINT('',(0.00635354122956482,0.00961350132485929,0.005));
#8879=CARTESIAN_POINT('',(0.00635354122956482,0.00961350132485929,0.007));
#8880=CARTESIAN_POINT('',(0.0065368154036633,0.00984221166635002,0.005));
#8881=CARTESIAN_POINT('',(0.0065368154036633,0.00984221166635002,0.007));
#8882=CARTESIAN_POINT('',(0.00675819256622968,0.00995979784843974,0.005));
#8883=CARTESIAN_POINT('',(0.00675819256622968,0.00995979784843974,0.007));
#8884=CARTESIAN_POINT('',(0.00701767271726397,0.00996625987112847,0.005));
#8885=CARTESIAN_POINT('',(0.00701767271726397,0.00996625987112847,0.007));
#8886=CARTESIAN_POINT('',(0.00701767271726397,0.00996625987112847,0.005));
#8887=CARTESIAN_POINT('',(0.00701767271726397,0.00996625987112847,0.005));
#8888=CARTESIAN_POINT('',(0.00701767271726397,0.00996625987112847,0.007));
#8889=CARTESIAN_POINT('',(0.00727715286829826,0.0099727218938172,0.005));
#8890=CARTESIAN_POINT('',(0.00727715286829826,0.0099727218938172,0.007));
#8891=CARTESIAN_POINT('',(0.00754347860903844,0.00986650168916371,0.005));
#8892=CARTESIAN_POINT('',(0.00754347860903844,0.00986650168916371,0.007));
#8893=CARTESIAN_POINT('',(0.00781664993948453,0.00964759925716799,0.005));
#8894=CARTESIAN_POINT('',(0.00781664993948453,0.00964759925716799,0.007));
#8895=CARTESIAN_POINT('',(0.00781653839222413,0.00964745858968242,0.005));
#8896=CARTESIAN_POINT('',(0.00781653839222413,0.00964745858968242,0.00566666666666667));
#8897=CARTESIAN_POINT('',(0.00781653839222413,0.00964745858968242,0.00633333333333333));
#8898=CARTESIAN_POINT('',(0.00781653839222413,0.00964745858968242,0.007));
#8899=CARTESIAN_POINT('',(0.00660421881188168,0.00811865414876952,0.00500000000000004));
#8900=CARTESIAN_POINT('',(0.00816277759915758,0.00929247538304746,0.00699999975));
#8901=CARTESIAN_POINT('',(0.00816277759915757,0.00929247538304746,0.00633333316666667));
#8902=CARTESIAN_POINT('',(0.00816277759915758,0.00929247538304746,0.00566666658333333));
#8903=CARTESIAN_POINT('',(0.00816277759915758,0.00929247538304746,0.005));
#8904=CARTESIAN_POINT('',(0.00544993613577505,0.00729580120544858,0.005));
#8905=CARTESIAN_POINT('',(0.00843744903018336,0.00885192774204328,0.005));
#8906=CARTESIAN_POINT('',(0.0081787431098341,0.00870962027707234,0.005));
#8907=CARTESIAN_POINT('',(0.00791933054180655,0.00856692410110749,0.005));
#8908=CARTESIAN_POINT('',(0.00490855507414379,0.00695627510833122,0.005));
#8909=CARTESIAN_POINT('',(0.00767333296433217,0.00896001219501116,0.00699999975));
#8910=CARTESIAN_POINT('',(0.00767333296433217,0.00896001219501116,0.00633333316666667));
#8911=CARTESIAN_POINT('',(0.00767333296433217,0.00896001219501116,0.00566666658333333));
#8912=CARTESIAN_POINT('',(0.00767333296433217,0.00896001219501116,0.005));
#8913=CARTESIAN_POINT('',(0.00655031452424741,0.00811281303524664,0.005));
#8914=CARTESIAN_POINT('',(0.00743416010978754,0.00920618842783328,0.007));
#8915=CARTESIAN_POINT('',(0.00743416010978754,0.00920618842783328,0.00633333333333333));
#8916=CARTESIAN_POINT('',(0.00743416010978754,0.00920618842783328,0.00566666666666667));
#8917=CARTESIAN_POINT('',(0.00743416010978754,0.00920618842783328,0.005));
#8918=CARTESIAN_POINT('',(0.00743409061927961,0.00920610246348314,0.005));
#8919=CARTESIAN_POINT('',(0.00743409061927961,0.00920610246348314,0.007));
#8920=CARTESIAN_POINT('',(0.0073304739077311,0.00928913442044703,0.005));
#8921=CARTESIAN_POINT('',(0.0073304739077311,0.00928913442044703,0.007));
#8922=CARTESIAN_POINT('',(0.00723164782997682,0.00932872814182986,0.005));
#8923=CARTESIAN_POINT('',(0.00723164782997682,0.00932872814182986,0.007));
#8924=CARTESIAN_POINT('',(0.00713761238601678,0.00932488362763161,0.005));
#8925=CARTESIAN_POINT('',(0.00713761238601678,0.00932488362763161,0.007));
#8926=CARTESIAN_POINT('',(0.00713760929008374,0.00932497331984324,0.005));
#8927=CARTESIAN_POINT('',(0.00713760929008374,0.00932497331984324,0.00566666666666667));
#8928=CARTESIAN_POINT('',(0.00713760929008374,0.00932497331984324,0.00633333333333333));
#8929=CARTESIAN_POINT('',(0.00713760929008374,0.00932497331984324,0.007));
#8930=CARTESIAN_POINT('',(0.00714811779533597,0.00902053163274629,0.005));
#8931=CARTESIAN_POINT('',(0.00690370998556985,0.00920235570169866,0.007));
#8932=CARTESIAN_POINT('',(0.00690370998556985,0.00920235570169866,0.00633333333333333));
#8933=CARTESIAN_POINT('',(0.00690370998556985,0.00920235570169866,0.00566666666666667));
#8934=CARTESIAN_POINT('',(0.00690370998556985,0.00920235570169866,0.005));
#8935=CARTESIAN_POINT('',(0.00713263449290037,0.00900890876667221,0.005));
#8936=CARTESIAN_POINT('',(0.00683542354849604,0.00904945663724907,0.00699999975000011));
#8937=CARTESIAN_POINT('',(0.00683542354849604,0.00904945663724907,0.00633333316666674));
#8938=CARTESIAN_POINT('',(0.00683542354849604,0.00904945663724907,0.00566666658333337));
#8939=CARTESIAN_POINT('',(0.00683542354849604,0.00904945663724907,0.005));
#8940=CARTESIAN_POINT('',(0.00731260928459656,0.00901431281956579,0.00500000000000003));
#8941=CARTESIAN_POINT('',(0.00685943531398299,0.00885972297480468,0.007));
#8942=CARTESIAN_POINT('',(0.00685943531398299,0.00885972297480468,0.00633333333333333));
#8943=CARTESIAN_POINT('',(0.00685943531398299,0.00885972297480468,0.00566666666666667));
#8944=CARTESIAN_POINT('',(0.00685943531398299,0.00885972297480468,0.005));
#8945=CARTESIAN_POINT('',(0.00685892539049842,0.00885954902617252,0.005));
#8946=CARTESIAN_POINT('',(0.00685892539049842,0.00885954902617252,0.007));
#8947=CARTESIAN_POINT('',(0.00688084728131931,0.00878691438706473,0.005));
#8948=CARTESIAN_POINT('',(0.00688084728131931,0.00878691438706473,0.007));
#8949=CARTESIAN_POINT('',(0.00694811751096762,0.00863400992653223,0.005));
#8950=CARTESIAN_POINT('',(0.00694811751096762,0.00863400992653223,0.007));
#8951=CARTESIAN_POINT('',(0.00706073607944333,0.00840083564457503,0.005));
#8952=CARTESIAN_POINT('',(0.00706073607944333,0.00840083564457503,0.007));
#8953=CARTESIAN_POINT('',(0.,0.,0.005));
#8954=CARTESIAN_POINT('',(-0.00370375174591624,-0.0100623751788344,0.007));
#8955=CARTESIAN_POINT('',(-0.00360244231603162,-0.00978787299022507,0.007));
#8956=CARTESIAN_POINT('',(-0.00306125173873631,-0.00998760804196541,0.007));
#8957=CARTESIAN_POINT('',(-0.00386947423698436,-0.00968932058228336,0.007));
#8958=CARTESIAN_POINT('',(-0.00395814862881369,-0.0111836297385923,0.007));
#8959=CARTESIAN_POINT('',(-0.00378785779371318,-0.0109376742827369,0.007));
#8960=CARTESIAN_POINT('',(-0.00306125173873631,-0.00998760804196541,0.007));
#8961=CARTESIAN_POINT('',(-0.00395814862881369,-0.0111836297385923,0.007));
#8962=CARTESIAN_POINT('',(-0.00748969961583199,-0.0107597871457328,0.007));
#8963=CARTESIAN_POINT('',(-0.00393764274945852,-0.0109549099806738,0.0069999999999997));
#8964=CARTESIAN_POINT('',(-0.00391162872680399,-0.0104756780645985,0.007));
#8965=CARTESIAN_POINT('',(-0.00312598707647525,-0.00849689735072588,0.007));
#8966=CARTESIAN_POINT('',(-0.00448524853269532,-0.00799524013665614,0.007));
#8967=CARTESIAN_POINT('',(-0.00377589139183366,-0.00825703975249658,0.007));
#8968=CARTESIAN_POINT('',(-0.00451048197446781,-0.00975691836477825,0.007));
#8969=CARTESIAN_POINT('',(-0.00453571541624029,-0.0115185965929004,0.007));
#8970=CARTESIAN_POINT('',(-0.00427650109704611,-0.011614263789685,0.007));
#8971=CARTESIAN_POINT('',(-0.00373123375457343,-0.0118155034369186,0.007));
#8972=CARTESIAN_POINT('',(-0.00260799155836374,-0.010459062928335,0.007));
#8973=CARTESIAN_POINT('',(-0.00148474936215405,-0.00910262241975136,0.007));
#8974=CARTESIAN_POINT('',(-0.00312598707647525,-0.00849689735072588,0.007));
#8975=CARTESIAN_POINT('',(-0.0021941065030157,-0.00884082280391091,0.007));
#8976=CARTESIAN_POINT('',(-0.00244297393388717,-0.0091689477543009,0.007));
#8977=CARTESIAN_POINT('',(-0.00269184136475863,-0.00949707270469089,0.007));
#8978=CARTESIAN_POINT('',(-0.00339882039260016,-0.00923615076955489,0.007));
#8979=CARTESIAN_POINT('',(-0.00382382316234055,-0.00907929668937462,0.007));
#8980=CARTESIAN_POINT('',(-0.00379985727708711,-0.0086681682209356,0.007));
#8981=CARTESIAN_POINT('',(-0.00451048197446781,-0.00975691836477825,0.005));
#8982=CARTESIAN_POINT('',(-0.00453571541624029,-0.0115185965929004,0.005));
#8983=CARTESIAN_POINT('',(-0.00448524853269532,-0.00799524013665613,0.005));
#8984=CARTESIAN_POINT('',(-0.00395814862881369,-0.0111836297385923,0.005));
#8985=CARTESIAN_POINT('',(-0.00395814862881369,-0.0111836297385923,0.007));
#8986=CARTESIAN_POINT('',(-0.00384462140541335,-0.0110196594346887,0.005));
#8987=CARTESIAN_POINT('',(-0.00384462140541335,-0.0110196594346887,0.007));
#8988=CARTESIAN_POINT('',(-0.00354565577538755,-0.010620985535813,0.005));
#8989=CARTESIAN_POINT('',(-0.00354565577538755,-0.010620985535813,0.007));
#8990=CARTESIAN_POINT('',(-0.00306125173873631,-0.00998760804196541,0.005));
#8991=CARTESIAN_POINT('',(-0.00306125173873631,-0.00998760804196541,0.007));
#8992=CARTESIAN_POINT('',(-0.00395795514440944,-0.0111836529598149,0.007));
#8993=CARTESIAN_POINT('',(-0.00395795514440944,-0.0111836529598149,0.00633333333333333));
#8994=CARTESIAN_POINT('',(-0.00395795514440944,-0.0111836529598149,0.00566666666666667));
#8995=CARTESIAN_POINT('',(-0.00395795514440944,-0.0111836529598149,0.005));
#8996=CARTESIAN_POINT('',(-0.00306125173873631,-0.00998760804196541,0.005));
#8997=CARTESIAN_POINT('',(-0.00346553095215842,-0.0098384023222096,0.005));
#8998=CARTESIAN_POINT('',(-0.00386947423698436,-0.00968932058228336,0.005));
#8999=CARTESIAN_POINT('',(-0.00391162872680399,-0.0104756780645985,0.00499999999849024));
#9000=CARTESIAN_POINT('',(-0.00393731998184756,-0.0109549273858455,0.007));
#9001=CARTESIAN_POINT('',(-0.00393731998184756,-0.0109549273858455,0.00633333333333333));
#9002=CARTESIAN_POINT('',(-0.00393731998184756,-0.0109549273858455,0.00566666666666667));
#9003=CARTESIAN_POINT('',(-0.00393731998184756,-0.0109549273858455,0.005));
#9004=CARTESIAN_POINT('',(-0.00748969961583199,-0.0107597871457328,0.005));
#9005=CARTESIAN_POINT('',(-0.00413056996226449,-0.00812613994457635,0.005));
#9006=CARTESIAN_POINT('',(-0.00377589139183366,-0.00825703975249658,0.005));
#9007=CARTESIAN_POINT('',(-0.00379985727708711,-0.0086681682209356,0.005));
#9008=CARTESIAN_POINT('',(-0.00382382316234055,-0.00907929668937462,0.005));
#9009=CARTESIAN_POINT('',(-0.00325783226354959,-0.00928818469703275,0.005));
#9010=CARTESIAN_POINT('',(-0.00269184136475863,-0.00949707270469089,0.005));
#9011=CARTESIAN_POINT('',(-0.00244297393388717,-0.0091689477543009,0.005));
#9012=CARTESIAN_POINT('',(-0.0021941065030157,-0.00884082280391091,0.005));
#9013=CARTESIAN_POINT('',(-0.00183942793258488,-0.00897172261183114,0.005));
#9014=CARTESIAN_POINT('',(-0.00148474936215405,-0.00910262241975136,0.005));
#9015=CARTESIAN_POINT('',(-0.00260799155836374,-0.010459062928335,0.005));
#9016=CARTESIAN_POINT('',(-0.00373123375457343,-0.0118155034369186,0.005));
#9017=CARTESIAN_POINT('',(-0.00413347458540686,-0.0116670500149095,0.005));
#9018=CARTESIAN_POINT('',(0.000842508136161575,-0.0106967761145244,0.007));
#9019=CARTESIAN_POINT('',(0.000707572954902994,-0.00903354872766111,0.007));
#9020=CARTESIAN_POINT('',(0.000375504987039655,-0.00906048891141933,0.007));
#9021=CARTESIAN_POINT('',(0.00101654054239323,-0.00900848264364259,0.007));
#9022=CARTESIAN_POINT('',(5.50874993699916E-5,-0.010386439699987,0.007));
#9023=CARTESIAN_POINT('',(-0.000265329988299672,-0.0117123904885546,0.007));
#9024=CARTESIAN_POINT('',(0.000917120732048481,-0.0116164600081286,0.007));
#9025=CARTESIAN_POINT('',(-0.000285704495827334,-0.0117140434422773,0.007));
#9026=CARTESIAN_POINT('',(-0.0761638198284188,-0.0144310733908147,0.007));
#9027=CARTESIAN_POINT('',(-0.000317301844445604,-0.0109449215339074,0.00699999975));
#9028=CARTESIAN_POINT('',(-0.0107506860497169,-0.0115117479991372,0.007));
#9029=CARTESIAN_POINT('',(-0.000334465889180634,-0.0106898063297939,0.00699999975));
#9030=CARTESIAN_POINT('',(-0.000326226733340049,-0.01079159384823,0.007));
#9031=CARTESIAN_POINT('',(-0.000461161914598629,-0.00912836646136668,0.007));
#9032=CARTESIAN_POINT('',(0.000707572954902995,-0.00903354872766111,0.007));
#9033=CARTESIAN_POINT('',(-0.0011130257732521,-0.00918125121339641,0.007));
#9034=CARTESIAN_POINT('',(-0.000978090591993518,-0.0108444786002597,0.007));
#9035=CARTESIAN_POINT('',(-0.0008454394697927,-0.0124795523985434,0.007));
#9036=CARTESIAN_POINT('',(0.000975159258362393,-0.0123318499128081,0.007));
#9037=CARTESIAN_POINT('',(0.000106007446824435,-0.0124023629155144,0.007));
#9038=CARTESIAN_POINT('',(0.000417695443659237,-0.0111076391432479,0.007));
#9039=CARTESIAN_POINT('',(0.000729383440494038,-0.00981291537098134,0.007));
#9040=CARTESIAN_POINT('',(0.000770530993033626,-0.00980957713082,0.007));
#9041=CARTESIAN_POINT('',(0.000743099291340567,-0.00981180262426089,0.007));
#9042=CARTESIAN_POINT('',(0.00123559328624438,-0.011041284299339,0.007));
#9043=CARTESIAN_POINT('',(0.00172808728114819,-0.0122707659744171,0.007));
#9044=CARTESIAN_POINT('',(0.000975159258362393,-0.0123318499128081,0.007));
#9045=CARTESIAN_POINT('',(0.00268025608465198,-0.0121935179257713,0.007));
#9046=CARTESIAN_POINT('',(0.00254760496245116,-0.0105584441274876,0.007));
#9047=CARTESIAN_POINT('',(0.00241266978119258,-0.00889521674062432,0.007));
#9048=CARTESIAN_POINT('',(0.000707572954902995,-0.00903354872766111,0.007));
#9049=CARTESIAN_POINT('',(0.00178751573734551,-0.00894593456483002,0.007));
#9050=CARTESIAN_POINT('',(0.00192245091860409,-0.0106091619516933,0.007));
#9051=CARTESIAN_POINT('',(0.00191196767318513,-0.0104799441989813,0.007));
#9052=CARTESIAN_POINT('',(0.00204072812139176,-0.0115296632296055,0.007));
#9053=CARTESIAN_POINT('',(0.00193340268895797,-0.0107441547994987,0.007));
#9054=CARTESIAN_POINT('',(0.00191196767318513,-0.0104799441989813,0.007));
#9055=CARTESIAN_POINT('',(0.00204072812139176,-0.0115296632296055,0.007));
#9056=CARTESIAN_POINT('',(0.000917472125749675,-0.0116207913294485,0.007));
#9057=CARTESIAN_POINT('',(0.00202051528856529,-0.0115313030668777,0.007));
#9058=CARTESIAN_POINT('',(0.00151852791547927,-0.0102698928552601,0.007));
#9059=CARTESIAN_POINT('',(5.50874993699916E-5,-0.010386439699987,0.005));
#9060=CARTESIAN_POINT('',(-0.000265329988299672,-0.0117123904885546,0.005));
#9061=CARTESIAN_POINT('',(0.000375504987039655,-0.00906048891141933,0.005));
#9062=CARTESIAN_POINT('',(0.000696022764716444,-0.00903448577753095,0.005));
#9063=CARTESIAN_POINT('',(0.00101654054239323,-0.00900848264364258,0.005));
#9064=CARTESIAN_POINT('',(0.00151852791547927,-0.0102698928552601,0.005));
#9065=CARTESIAN_POINT('',(0.00202051528856529,-0.0115313030668777,0.005));
#9066=CARTESIAN_POINT('',(0.00203062170497853,-0.0115304831482416,0.005));
#9067=CARTESIAN_POINT('',(0.00204072812139176,-0.0115296632296055,0.005));
#9068=CARTESIAN_POINT('',(0.00204072812139176,-0.0115296632296055,0.005));
#9069=CARTESIAN_POINT('',(0.00204072812139176,-0.0115296632296055,0.007));
#9070=CARTESIAN_POINT('',(0.00196917783310257,-0.0110059909428676,0.005));
#9071=CARTESIAN_POINT('',(0.00196917783310257,-0.0110059909428676,0.007));
#9072=CARTESIAN_POINT('',(0.00192625768370036,-0.0106560845993262,0.005));
#9073=CARTESIAN_POINT('',(0.00192625768370036,-0.0106560845993262,0.007));
#9074=CARTESIAN_POINT('',(0.00191196767318513,-0.0104799441989813,0.005));
#9075=CARTESIAN_POINT('',(0.00191196767318513,-0.0104799441989813,0.007));
#9076=CARTESIAN_POINT('',(0.00191196767318513,-0.0104799441989813,0.005));
#9077=CARTESIAN_POINT('',(0.00184974170526532,-0.00971293938190566,0.005));
#9078=CARTESIAN_POINT('',(0.00178751573734551,-0.00894593456483001,0.005));
#9079=CARTESIAN_POINT('',(0.00210009275926905,-0.00892057565272716,0.005));
#9080=CARTESIAN_POINT('',(0.00241266978119258,-0.00889521674062432,0.005));
#9081=CARTESIAN_POINT('',(0.00254646293292228,-0.0105443673331978,0.005));
#9082=CARTESIAN_POINT('',(0.00268025608465198,-0.0121935179257713,0.005));
#9083=CARTESIAN_POINT('',(0.00220417168290008,-0.0122321419500942,0.005));
#9084=CARTESIAN_POINT('',(0.00172808728114819,-0.0122707659744171,0.005));
#9085=CARTESIAN_POINT('',(0.00123559328624438,-0.011041284299339,0.005));
#9086=CARTESIAN_POINT('',(0.000743099291340567,-0.00981180262426089,0.005));
#9087=CARTESIAN_POINT('',(0.000736241365917303,-0.00981235899762112,0.005));
#9088=CARTESIAN_POINT('',(0.000729383440494038,-0.00981291537098134,0.005));
#9089=CARTESIAN_POINT('',(0.000417695443659237,-0.0111076391432479,0.005));
#9090=CARTESIAN_POINT('',(0.000106007446824435,-0.0124023629155144,0.005));
#9091=CARTESIAN_POINT('',(-0.000369716011484132,-0.0124409576570289,0.005));
#9092=CARTESIAN_POINT('',(-0.000845439469792701,-0.0124795523985434,0.005));
#9093=CARTESIAN_POINT('',(-0.0009792326215224,-0.0108304018059699,0.005));
#9094=CARTESIAN_POINT('',(-0.0011130257732521,-0.00918125121339641,0.005));
#9095=CARTESIAN_POINT('',(-0.000787093843925365,-0.00915480883738154,0.005));
#9096=CARTESIAN_POINT('',(-0.00046116191459863,-0.00912836646136668,0.005));
#9097=CARTESIAN_POINT('',(-0.000397823199958372,-0.00990908712928886,0.005));
#9098=CARTESIAN_POINT('',(-0.000334484485318113,-0.010689807797211,0.00699999975));
#9099=CARTESIAN_POINT('',(-0.000334484485318113,-0.010689807797211,0.00633333316666667));
#9100=CARTESIAN_POINT('',(-0.000334484485318113,-0.010689807797211,0.00566666658333334));
#9101=CARTESIAN_POINT('',(-0.000334484485318113,-0.010689807797211,0.005));
#9102=CARTESIAN_POINT('',(-0.0107506860497169,-0.0115117479991372,0.005));
#9103=CARTESIAN_POINT('',(-0.000317453759095216,-0.0109449285163972,0.00699999975));
#9104=CARTESIAN_POINT('',(-0.000317453759095216,-0.0109449285163972,0.00633333316666667));
#9105=CARTESIAN_POINT('',(-0.000317453759095216,-0.0109449285163972,0.00566666658333333));
#9106=CARTESIAN_POINT('',(-0.000317453759095216,-0.0109449285163972,0.005));
#9107=CARTESIAN_POINT('',(-0.0761638198284188,-0.0144310733908147,0.005));
#9108=CARTESIAN_POINT('',(-0.00028570449580596,-0.0117140434422963,0.005));
#9109=CARTESIAN_POINT('',(-0.000275436404712905,-0.0117132104071907,0.005));
#9110=CARTESIAN_POINT('',(0.00516601825151375,-0.00939716123383306,0.007));
#9111=CARTESIAN_POINT('',(0.00403157957069249,-0.00906617765503456,0.007));
#9112=CARTESIAN_POINT('',(0.00492229503269675,-0.00952961998736201,0.007));
#9113=CARTESIAN_POINT('',(0.00314086410868824,-0.00860273532270711,0.007));
#9114=CARTESIAN_POINT('',(0.00486040297146726,-0.0104987406799498,0.007));
#9115=CARTESIAN_POINT('',(0.00479851091023777,-0.0114678613725377,0.007));
#9116=CARTESIAN_POINT('',(0.00595311580065286,-0.0108364458110428,0.007));
#9117=CARTESIAN_POINT('',(0.00546128080605667,-0.0111054142450533,0.007));
#9118=CARTESIAN_POINT('',(0.00548255244640986,-0.0104152332125144,0.007));
#9119=CARTESIAN_POINT('',(0.00550382408676305,-0.00972505217997548,0.007));
#9120=CARTESIAN_POINT('',(0.00610211203262599,-0.010076416386726,0.007));
#9121=CARTESIAN_POINT('',(0.00670039997848894,-0.0104277805934766,0.007));
#9122=CARTESIAN_POINT('',(0.00595311580065286,-0.0108364458110428,0.007));
#9123=CARTESIAN_POINT('',(0.0073796914632736,-0.0100562983506378,0.007));
#9124=CARTESIAN_POINT('',(0.00654432905901189,-0.00959973204884164,0.007));
#9125=CARTESIAN_POINT('',(0.00570896665475018,-0.00914316574704542,0.007));
#9126=CARTESIAN_POINT('',(0.00578127429123545,-0.00813120231472729,0.007));
#9127=CARTESIAN_POINT('',(0.00585358192772073,-0.00711923888240915,0.007));
#9128=CARTESIAN_POINT('',(0.0043653680293431,-0.00793309427317463,0.007));
#9129=CARTESIAN_POINT('',(0.00519398926054909,-0.00747994848770999,0.007));
#9130=CARTESIAN_POINT('',(0.00515681141152383,-0.00821349845384779,0.007));
#9131=CARTESIAN_POINT('',(0.00511963356249858,-0.0089470484199856,0.007));
#9132=CARTESIAN_POINT('',(0.00448165032398061,-0.00858272191784793,0.007));
#9133=CARTESIAN_POINT('',(0.00384366708546265,-0.00821839541571026,0.007));
#9134=CARTESIAN_POINT('',(0.0043653680293431,-0.00793309427317463,0.007));
#9135=CARTESIAN_POINT('',(0.00486040297146726,-0.0104987406799498,0.005));
#9136=CARTESIAN_POINT('',(0.00479851091023777,-0.0114678613725377,0.005));
#9137=CARTESIAN_POINT('',(0.00492229503269675,-0.00952961998736201,0.005));
#9138=CARTESIAN_POINT('',(0.00403157957069249,-0.00906617765503456,0.005));
#9139=CARTESIAN_POINT('',(0.00314086410868824,-0.00860273532270711,0.005));
#9140=CARTESIAN_POINT('',(0.00349226559707544,-0.00841056536920868,0.005));
#9141=CARTESIAN_POINT('',(0.00384366708546264,-0.00821839541571026,0.005));
#9142=CARTESIAN_POINT('',(0.00448165032398061,-0.00858272191784793,0.005));
#9143=CARTESIAN_POINT('',(0.00511963356249858,-0.0089470484199856,0.005));
#9144=CARTESIAN_POINT('',(0.00515681141152383,-0.00821349845384779,0.005));
#9145=CARTESIAN_POINT('',(0.00519398926054909,-0.00747994848770999,0.005));
#9146=CARTESIAN_POINT('',(0.00552378559413491,-0.00729959368505957,0.005));
#9147=CARTESIAN_POINT('',(0.00585358192772073,-0.00711923888240915,0.005));
#9148=CARTESIAN_POINT('',(0.00578127429123545,-0.00813120231472729,0.005));
#9149=CARTESIAN_POINT('',(0.00570896665475018,-0.00914316574704542,0.005));
#9150=CARTESIAN_POINT('',(0.00654432905901189,-0.00959973204884164,0.005));
#9151=CARTESIAN_POINT('',(0.0073796914632736,-0.0100562983506378,0.005));
#9152=CARTESIAN_POINT('',(0.00704004572088127,-0.0102420394720572,0.005));
#9153=CARTESIAN_POINT('',(0.00670039997848894,-0.0104277805934766,0.005));
#9154=CARTESIAN_POINT('',(0.00610211203262599,-0.010076416386726,0.005));
#9155=CARTESIAN_POINT('',(0.00550382408676305,-0.00972505217997548,0.005));
#9156=CARTESIAN_POINT('',(0.00548255244640986,-0.0104152332125144,0.005));
#9157=CARTESIAN_POINT('',(0.00546128080605667,-0.0111054142450533,0.005));
#9158=CARTESIAN_POINT('',(0.00512989585814722,-0.0112866378087955,0.005));
#9159=CARTESIAN_POINT('',(0.,0.,0.005));
#9160=MECHANICAL_DESIGN_GEOMETRIC_PRESENTATION_REPRESENTATION('',(#5359),
#9161);
#9161=(
GEOMETRIC_REPRESENTATION_CONTEXT(3)
GLOBAL_UNCERTAINTY_ASSIGNED_CONTEXT((#9162))
GLOBAL_UNIT_ASSIGNED_CONTEXT((#9165,#9164,#9163))
REPRESENTATION_CONTEXT('Part 1','TOP_LEVEL_ASSEMBLY_PART')
);
#9162=UNCERTAINTY_MEASURE_WITH_UNIT(LENGTH_MEASURE(2.E-5),#9165,
'DISTANCE_ACCURACY_VALUE','Maximum Tolerance applied to model');
#9163=(
NAMED_UNIT(*)
SI_UNIT($,.STERADIAN.)
SOLID_ANGLE_UNIT()
);
#9164=(
NAMED_UNIT(*)
PLANE_ANGLE_UNIT()
SI_UNIT($,.RADIAN.)
);
#9165=(
LENGTH_UNIT()
NAMED_UNIT(*)
SI_UNIT($,.METRE.)
);
#9166=PRODUCT_DEFINITION_SHAPE('','',#9167);
#9167=PRODUCT_DEFINITION('','',#9169,#9168);
#9168=PRODUCT_DEFINITION_CONTEXT('',#9175,'design');
#9169=PRODUCT_DEFINITION_FORMATION_WITH_SPECIFIED_SOURCE('','',#9171,
 .NOT_KNOWN.);
#9170=PRODUCT_RELATED_PRODUCT_CATEGORY('','',(#9171));
#9171=PRODUCT('Part 1','Part 1','Part 1',(#9173));
#9172=PRODUCT_CATEGORY('','');
#9173=PRODUCT_CONTEXT('',#9175,'mechanical');
#9174=APPLICATION_PROTOCOL_DEFINITION('international standard',
'ap242_managed_model_based_3d_engineering',2020,#9175);
#9175=APPLICATION_CONTEXT('managed model based 3d engineering');
ENDSEC;
END-ISO-10303-21;
